[0.143s] [34mcolcon[0m [1;30mDEBUG[0m [32mCommand line arguments: ['/usr/bin/colcon', 'build', '--cmake-args', '-DCMAKE_BUILD_TYPE=Release', '--parallel-workers', '4'][0m
[0.144s] [34mcolcon[0m [1;30mDEBUG[0m [32mParsed command line arguments: Namespace(log_base=None, log_level=None, verb_name='build', build_base='build', install_base='install', merge_install=False, symlink_install=False, test_result_base=None, continue_on_error=False, executor='parallel', parallel_workers=4, event_handlers=None, ignore_user_meta=False, metas=['./colcon.meta'], base_paths=['.'], packages_ignore=None, packages_ignore_regex=None, paths=None, packages_up_to=None, packages_up_to_regex=None, packages_above=None, packages_above_and_dependencies=None, packages_above_depth=None, packages_select_by_dep=None, packages_skip_by_dep=None, packages_skip_up_to=None, packages_select_build_failed=False, packages_skip_build_finished=False, packages_select_test_failures=False, packages_skip_test_passed=False, packages_select=None, packages_skip=None, packages_select_regex=None, packages_skip_regex=None, packages_start=None, packages_end=None, allow_overriding=[], cmake_args=['-DCMAKE_BUILD_TYPE=Release'], cmake_target=None, cmake_target_skip_unavailable=False, cmake_clean_cache=False, cmake_clean_first=False, cmake_force_configure=False, ament_cmake_args=None, catkin_cmake_args=None, catkin_skip_building_tests=False, mixin_files=None, mixin=None, verb_parser=<colcon_mixin.mixin.mixin_argument.MixinArgumentDecorator object at 0x7d850e895900>, verb_extension=<colcon_core.verb.build.BuildVerb object at 0x7d850e895390>, main=<bound method BuildVerb.main of <colcon_core.verb.build.BuildVerb object at 0x7d850e895390>>, mixin_verb=('build',))[0m
[0.231s] [34mcolcon.colcon_core.package_discovery[0m [1;30mLevel 1[0m discover_packages(colcon_meta) check parameters
[0.231s] [34mcolcon.colcon_core.package_discovery[0m [1;30mLevel 1[0m discover_packages(recursive) check parameters
[0.231s] [34mcolcon.colcon_core.package_discovery[0m [1;30mLevel 1[0m discover_packages(ignore) check parameters
[0.231s] [34mcolcon.colcon_core.package_discovery[0m [1;30mLevel 1[0m discover_packages(path) check parameters
[0.231s] [34mcolcon.colcon_core.package_discovery[0m [1;30mLevel 1[0m discover_packages(colcon_meta) discover
[0.231s] [34mcolcon.colcon_core.package_discovery[0m [1;30mLevel 1[0m discover_packages(recursive) discover
[0.231s] [34mcolcon.colcon_core.package_discovery[0m [1;30mINFO[0m Crawling recursively for packages in '/home/ram/melfa_ros2'
[0.231s] [34mcolcon.colcon_core.package_identification[0m [1;30mLevel 1[0m _identify(.) by extensions ['ignore', 'ignore_ament_install']
[0.232s] [34mcolcon.colcon_core.package_identification[0m [1;30mLevel 1[0m _identify(.) by extension 'ignore'
[0.232s] [34mcolcon.colcon_core.package_identification[0m [1;30mLevel 1[0m _identify(.) by extension 'ignore_ament_install'
[0.232s] [34mcolcon.colcon_core.package_identification[0m [1;30mLevel 1[0m _identify(.) by extensions ['colcon_pkg']
[0.232s] [34mcolcon.colcon_core.package_identification[0m [1;30mLevel 1[0m _identify(.) by extension 'colcon_pkg'
[0.232s] [34mcolcon.colcon_core.package_identification[0m [1;30mLevel 1[0m _identify(.) by extensions ['colcon_meta']
[0.232s] [34mcolcon.colcon_core.package_identification[0m [1;30mLevel 1[0m _identify(.) by extension 'colcon_meta'
[0.232s] [34mcolcon.colcon_core.package_identification[0m [1;30mLevel 1[0m _identify(.) by extensions ['ros']
[0.232s] [34mcolcon.colcon_core.package_identification[0m [1;30mLevel 1[0m _identify(.) by extension 'ros'
[0.262s] [34mcolcon.colcon_core.package_identification[0m [1;30mLevel 1[0m _identify(.) by extensions ['cmake', 'python']
[0.262s] [34mcolcon.colcon_core.package_identification[0m [1;30mLevel 1[0m _identify(.) by extension 'cmake'
[0.262s] [34mcolcon.colcon_core.package_identification[0m [1;30mLevel 1[0m _identify(.) by extension 'python'
[0.262s] [34mcolcon.colcon_core.package_identification[0m [1;30mLevel 1[0m _identify(.) by extensions ['python_setup_py']
[0.262s] [34mcolcon.colcon_core.package_identification[0m [1;30mLevel 1[0m _identify(.) by extension 'python_setup_py'
[0.262s] [34mcolcon.colcon_core.package_identification[0m [1;30mLevel 1[0m _identify(build) by extensions ['ignore', 'ignore_ament_install']
[0.262s] [34mcolcon.colcon_core.package_identification[0m [1;30mLevel 1[0m _identify(build) by extension 'ignore'
[0.263s] [34mcolcon.colcon_core.package_identification[0m [1;30mLevel 1[0m _identify(build) ignored
[0.263s] [34mcolcon.colcon_core.package_identification[0m [1;30mLevel 1[0m _identify(install) by extensions ['ignore', 'ignore_ament_install']
[0.263s] [34mcolcon.colcon_core.package_identification[0m [1;30mLevel 1[0m _identify(install) by extension 'ignore'
[0.263s] [34mcolcon.colcon_core.package_identification[0m [1;30mLevel 1[0m _identify(install) ignored
[0.263s] [34mcolcon.colcon_core.package_identification[0m [1;30mLevel 1[0m _identify(log) by extensions ['ignore', 'ignore_ament_install']
[0.263s] [34mcolcon.colcon_core.package_identification[0m [1;30mLevel 1[0m _identify(log) by extension 'ignore'
[0.263s] [34mcolcon.colcon_core.package_identification[0m [1;30mLevel 1[0m _identify(log) ignored
[0.263s] [34mcolcon.colcon_core.package_identification[0m [1;30mLevel 1[0m _identify(src) by extensions ['ignore', 'ignore_ament_install']
[0.263s] [34mcolcon.colcon_core.package_identification[0m [1;30mLevel 1[0m _identify(src) by extension 'ignore'
[0.263s] [34mcolcon.colcon_core.package_identification[0m [1;30mLevel 1[0m _identify(src) by extension 'ignore_ament_install'
[0.263s] [34mcolcon.colcon_core.package_identification[0m [1;30mLevel 1[0m _identify(src) by extensions ['colcon_pkg']
[0.263s] [34mcolcon.colcon_core.package_identification[0m [1;30mLevel 1[0m _identify(src) by extension 'colcon_pkg'
[0.263s] [34mcolcon.colcon_core.package_identification[0m [1;30mLevel 1[0m _identify(src) by extensions ['colcon_meta']
[0.263s] [34mcolcon.colcon_core.package_identification[0m [1;30mLevel 1[0m _identify(src) by extension 'colcon_meta'
[0.263s] [34mcolcon.colcon_core.package_identification[0m [1;30mLevel 1[0m _identify(src) by extensions ['ros']
[0.263s] [34mcolcon.colcon_core.package_identification[0m [1;30mLevel 1[0m _identify(src) by extension 'ros'
[0.263s] [34mcolcon.colcon_core.package_identification[0m [1;30mLevel 1[0m _identify(src) by extensions ['cmake', 'python']
[0.263s] [34mcolcon.colcon_core.package_identification[0m [1;30mLevel 1[0m _identify(src) by extension 'cmake'
[0.263s] [34mcolcon.colcon_core.package_identification[0m [1;30mLevel 1[0m _identify(src) by extension 'python'
[0.263s] [34mcolcon.colcon_core.package_identification[0m [1;30mLevel 1[0m _identify(src) by extensions ['python_setup_py']
[0.263s] [34mcolcon.colcon_core.package_identification[0m [1;30mLevel 1[0m _identify(src) by extension 'python_setup_py'
[0.263s] [34mcolcon.colcon_core.package_identification[0m [1;30mLevel 1[0m _identify(src/melfa_ros2_driver) by extensions ['ignore', 'ignore_ament_install']
[0.263s] [34mcolcon.colcon_core.package_identification[0m [1;30mLevel 1[0m _identify(src/melfa_ros2_driver) by extension 'ignore'
[0.263s] [34mcolcon.colcon_core.package_identification[0m [1;30mLevel 1[0m _identify(src/melfa_ros2_driver) by extension 'ignore_ament_install'
[0.263s] [34mcolcon.colcon_core.package_identification[0m [1;30mLevel 1[0m _identify(src/melfa_ros2_driver) by extensions ['colcon_pkg']
[0.263s] [34mcolcon.colcon_core.package_identification[0m [1;30mLevel 1[0m _identify(src/melfa_ros2_driver) by extension 'colcon_pkg'
[0.263s] [34mcolcon.colcon_core.package_identification[0m [1;30mLevel 1[0m _identify(src/melfa_ros2_driver) by extensions ['colcon_meta']
[0.263s] [34mcolcon.colcon_core.package_identification[0m [1;30mLevel 1[0m _identify(src/melfa_ros2_driver) by extension 'colcon_meta'
[0.263s] [34mcolcon.colcon_core.package_identification[0m [1;30mLevel 1[0m _identify(src/melfa_ros2_driver) by extensions ['ros']
[0.263s] [34mcolcon.colcon_core.package_identification[0m [1;30mLevel 1[0m _identify(src/melfa_ros2_driver) by extension 'ros'
[0.263s] [34mcolcon.colcon_core.package_identification[0m [1;30mLevel 1[0m _identify(src/melfa_ros2_driver) by extensions ['cmake', 'python']
[0.263s] [34mcolcon.colcon_core.package_identification[0m [1;30mLevel 1[0m _identify(src/melfa_ros2_driver) by extension 'cmake'
[0.264s] [34mcolcon.colcon_core.package_identification[0m [1;30mLevel 1[0m _identify(src/melfa_ros2_driver) by extension 'python'
[0.264s] [34mcolcon.colcon_core.package_identification[0m [1;30mLevel 1[0m _identify(src/melfa_ros2_driver) by extensions ['python_setup_py']
[0.264s] [34mcolcon.colcon_core.package_identification[0m [1;30mLevel 1[0m _identify(src/melfa_ros2_driver) by extension 'python_setup_py'
[0.264s] [34mcolcon.colcon_core.package_identification[0m [1;30mLevel 1[0m _identify(src/melfa_ros2_driver/doc) by extensions ['ignore', 'ignore_ament_install']
[0.264s] [34mcolcon.colcon_core.package_identification[0m [1;30mLevel 1[0m _identify(src/melfa_ros2_driver/doc) by extension 'ignore'
[0.264s] [34mcolcon.colcon_core.package_identification[0m [1;30mLevel 1[0m _identify(src/melfa_ros2_driver/doc) by extension 'ignore_ament_install'
[0.264s] [34mcolcon.colcon_core.package_identification[0m [1;30mLevel 1[0m _identify(src/melfa_ros2_driver/doc) by extensions ['colcon_pkg']
[0.264s] [34mcolcon.colcon_core.package_identification[0m [1;30mLevel 1[0m _identify(src/melfa_ros2_driver/doc) by extension 'colcon_pkg'
[0.264s] [34mcolcon.colcon_core.package_identification[0m [1;30mLevel 1[0m _identify(src/melfa_ros2_driver/doc) by extensions ['colcon_meta']
[0.264s] [34mcolcon.colcon_core.package_identification[0m [1;30mLevel 1[0m _identify(src/melfa_ros2_driver/doc) by extension 'colcon_meta'
[0.264s] [34mcolcon.colcon_core.package_identification[0m [1;30mLevel 1[0m _identify(src/melfa_ros2_driver/doc) by extensions ['ros']
[0.264s] [34mcolcon.colcon_core.package_identification[0m [1;30mLevel 1[0m _identify(src/melfa_ros2_driver/doc) by extension 'ros'
[0.264s] [34mcolcon.colcon_core.package_identification[0m [1;30mLevel 1[0m _identify(src/melfa_ros2_driver/doc) by extensions ['cmake', 'python']
[0.264s] [34mcolcon.colcon_core.package_identification[0m [1;30mLevel 1[0m _identify(src/melfa_ros2_driver/doc) by extension 'cmake'
[0.264s] [34mcolcon.colcon_core.package_identification[0m [1;30mLevel 1[0m _identify(src/melfa_ros2_driver/doc) by extension 'python'
[0.264s] [34mcolcon.colcon_core.package_identification[0m [1;30mLevel 1[0m _identify(src/melfa_ros2_driver/doc) by extensions ['python_setup_py']
[0.264s] [34mcolcon.colcon_core.package_identification[0m [1;30mLevel 1[0m _identify(src/melfa_ros2_driver/doc) by extension 'python_setup_py'
[0.264s] [34mcolcon.colcon_core.package_identification[0m [1;30mLevel 1[0m _identify(src/melfa_ros2_driver/doc/figures) by extensions ['ignore', 'ignore_ament_install']
[0.264s] [34mcolcon.colcon_core.package_identification[0m [1;30mLevel 1[0m _identify(src/melfa_ros2_driver/doc/figures) by extension 'ignore'
[0.264s] [34mcolcon.colcon_core.package_identification[0m [1;30mLevel 1[0m _identify(src/melfa_ros2_driver/doc/figures) by extension 'ignore_ament_install'
[0.264s] [34mcolcon.colcon_core.package_identification[0m [1;30mLevel 1[0m _identify(src/melfa_ros2_driver/doc/figures) by extensions ['colcon_pkg']
[0.264s] [34mcolcon.colcon_core.package_identification[0m [1;30mLevel 1[0m _identify(src/melfa_ros2_driver/doc/figures) by extension 'colcon_pkg'
[0.264s] [34mcolcon.colcon_core.package_identification[0m [1;30mLevel 1[0m _identify(src/melfa_ros2_driver/doc/figures) by extensions ['colcon_meta']
[0.264s] [34mcolcon.colcon_core.package_identification[0m [1;30mLevel 1[0m _identify(src/melfa_ros2_driver/doc/figures) by extension 'colcon_meta'
[0.264s] [34mcolcon.colcon_core.package_identification[0m [1;30mLevel 1[0m _identify(src/melfa_ros2_driver/doc/figures) by extensions ['ros']
[0.264s] [34mcolcon.colcon_core.package_identification[0m [1;30mLevel 1[0m _identify(src/melfa_ros2_driver/doc/figures) by extension 'ros'
[0.264s] [34mcolcon.colcon_core.package_identification[0m [1;30mLevel 1[0m _identify(src/melfa_ros2_driver/doc/figures) by extensions ['cmake', 'python']
[0.264s] [34mcolcon.colcon_core.package_identification[0m [1;30mLevel 1[0m _identify(src/melfa_ros2_driver/doc/figures) by extension 'cmake'
[0.264s] [34mcolcon.colcon_core.package_identification[0m [1;30mLevel 1[0m _identify(src/melfa_ros2_driver/doc/figures) by extension 'python'
[0.264s] [34mcolcon.colcon_core.package_identification[0m [1;30mLevel 1[0m _identify(src/melfa_ros2_driver/doc/figures) by extensions ['python_setup_py']
[0.264s] [34mcolcon.colcon_core.package_identification[0m [1;30mLevel 1[0m _identify(src/melfa_ros2_driver/doc/figures) by extension 'python_setup_py'
[0.264s] [34mcolcon.colcon_core.package_identification[0m [1;30mLevel 1[0m _identify(src/melfa_ros2_driver/melfa_bringup) by extensions ['ignore', 'ignore_ament_install']
[0.264s] [34mcolcon.colcon_core.package_identification[0m [1;30mLevel 1[0m _identify(src/melfa_ros2_driver/melfa_bringup) by extension 'ignore'
[0.264s] [34mcolcon.colcon_core.package_identification[0m [1;30mLevel 1[0m _identify(src/melfa_ros2_driver/melfa_bringup) by extension 'ignore_ament_install'
[0.264s] [34mcolcon.colcon_core.package_identification[0m [1;30mLevel 1[0m _identify(src/melfa_ros2_driver/melfa_bringup) by extensions ['colcon_pkg']
[0.264s] [34mcolcon.colcon_core.package_identification[0m [1;30mLevel 1[0m _identify(src/melfa_ros2_driver/melfa_bringup) by extension 'colcon_pkg'
[0.265s] [34mcolcon.colcon_core.package_identification[0m [1;30mLevel 1[0m _identify(src/melfa_ros2_driver/melfa_bringup) by extensions ['colcon_meta']
[0.265s] [34mcolcon.colcon_core.package_identification[0m [1;30mLevel 1[0m _identify(src/melfa_ros2_driver/melfa_bringup) by extension 'colcon_meta'
[0.265s] [34mcolcon.colcon_core.package_identification[0m [1;30mLevel 1[0m _identify(src/melfa_ros2_driver/melfa_bringup) by extensions ['ros']
[0.265s] [34mcolcon.colcon_core.package_identification[0m [1;30mLevel 1[0m _identify(src/melfa_ros2_driver/melfa_bringup) by extension 'ros'
[0.267s] [34mcolcon.colcon_core.package_identification[0m [1;30mDEBUG[0m [32mPackage 'src/melfa_ros2_driver/melfa_bringup' with type 'ros.ament_cmake' and name 'melfa_bringup'[0m
[0.268s] [34mcolcon.colcon_core.package_identification[0m [1;30mLevel 1[0m _identify(src/melfa_ros2_driver/melfa_description) by extensions ['ignore', 'ignore_ament_install']
[0.268s] [34mcolcon.colcon_core.package_identification[0m [1;30mLevel 1[0m _identify(src/melfa_ros2_driver/melfa_description) by extension 'ignore'
[0.268s] [34mcolcon.colcon_core.package_identification[0m [1;30mLevel 1[0m _identify(src/melfa_ros2_driver/melfa_description) by extension 'ignore_ament_install'
[0.268s] [34mcolcon.colcon_core.package_identification[0m [1;30mLevel 1[0m _identify(src/melfa_ros2_driver/melfa_description) by extensions ['colcon_pkg']
[0.268s] [34mcolcon.colcon_core.package_identification[0m [1;30mLevel 1[0m _identify(src/melfa_ros2_driver/melfa_description) by extension 'colcon_pkg'
[0.268s] [34mcolcon.colcon_core.package_identification[0m [1;30mLevel 1[0m _identify(src/melfa_ros2_driver/melfa_description) by extensions ['colcon_meta']
[0.268s] [34mcolcon.colcon_core.package_identification[0m [1;30mLevel 1[0m _identify(src/melfa_ros2_driver/melfa_description) by extension 'colcon_meta'
[0.268s] [34mcolcon.colcon_core.package_identification[0m [1;30mLevel 1[0m _identify(src/melfa_ros2_driver/melfa_description) by extensions ['ros']
[0.268s] [34mcolcon.colcon_core.package_identification[0m [1;30mLevel 1[0m _identify(src/melfa_ros2_driver/melfa_description) by extension 'ros'
[0.268s] [34mcolcon.colcon_core.package_identification[0m [1;30mDEBUG[0m [32mPackage 'src/melfa_ros2_driver/melfa_description' with type 'ros.ament_cmake' and name 'melfa_description'[0m
[0.268s] [34mcolcon.colcon_core.package_identification[0m [1;30mLevel 1[0m _identify(src/melfa_ros2_driver/melfa_driver) by extensions ['ignore', 'ignore_ament_install']
[0.268s] [34mcolcon.colcon_core.package_identification[0m [1;30mLevel 1[0m _identify(src/melfa_ros2_driver/melfa_driver) by extension 'ignore'
[0.268s] [34mcolcon.colcon_core.package_identification[0m [1;30mLevel 1[0m _identify(src/melfa_ros2_driver/melfa_driver) by extension 'ignore_ament_install'
[0.268s] [34mcolcon.colcon_core.package_identification[0m [1;30mLevel 1[0m _identify(src/melfa_ros2_driver/melfa_driver) by extensions ['colcon_pkg']
[0.268s] [34mcolcon.colcon_core.package_identification[0m [1;30mLevel 1[0m _identify(src/melfa_ros2_driver/melfa_driver) by extension 'colcon_pkg'
[0.268s] [34mcolcon.colcon_core.package_identification[0m [1;30mLevel 1[0m _identify(src/melfa_ros2_driver/melfa_driver) by extensions ['colcon_meta']
[0.268s] [34mcolcon.colcon_core.package_identification[0m [1;30mLevel 1[0m _identify(src/melfa_ros2_driver/melfa_driver) by extension 'colcon_meta'
[0.268s] [34mcolcon.colcon_core.package_identification[0m [1;30mLevel 1[0m _identify(src/melfa_ros2_driver/melfa_driver) by extensions ['ros']
[0.268s] [34mcolcon.colcon_core.package_identification[0m [1;30mLevel 1[0m _identify(src/melfa_ros2_driver/melfa_driver) by extension 'ros'
[0.269s] [34mcolcon.colcon_core.package_identification[0m [1;30mDEBUG[0m [32mPackage 'src/melfa_ros2_driver/melfa_driver' with type 'ros.ament_cmake' and name 'melfa_driver'[0m
[0.270s] [34mcolcon.colcon_core.package_identification[0m [1;30mLevel 1[0m _identify(src/melfa_ros2_driver/melfa_io_controllers) by extensions ['ignore', 'ignore_ament_install']
[0.270s] [34mcolcon.colcon_core.package_identification[0m [1;30mLevel 1[0m _identify(src/melfa_ros2_driver/melfa_io_controllers) by extension 'ignore'
[0.270s] [34mcolcon.colcon_core.package_identification[0m [1;30mLevel 1[0m _identify(src/melfa_ros2_driver/melfa_io_controllers) by extension 'ignore_ament_install'
[0.270s] [34mcolcon.colcon_core.package_identification[0m [1;30mLevel 1[0m _identify(src/melfa_ros2_driver/melfa_io_controllers) by extensions ['colcon_pkg']
[0.270s] [34mcolcon.colcon_core.package_identification[0m [1;30mLevel 1[0m _identify(src/melfa_ros2_driver/melfa_io_controllers) by extension 'colcon_pkg'
[0.270s] [34mcolcon.colcon_core.package_identification[0m [1;30mLevel 1[0m _identify(src/melfa_ros2_driver/melfa_io_controllers) by extensions ['colcon_meta']
[0.270s] [34mcolcon.colcon_core.package_identification[0m [1;30mLevel 1[0m _identify(src/melfa_ros2_driver/melfa_io_controllers) by extension 'colcon_meta'
[0.270s] [34mcolcon.colcon_core.package_identification[0m [1;30mLevel 1[0m _identify(src/melfa_ros2_driver/melfa_io_controllers) by extensions ['ros']
[0.270s] [34mcolcon.colcon_core.package_identification[0m [1;30mLevel 1[0m _identify(src/melfa_ros2_driver/melfa_io_controllers) by extension 'ros'
[0.270s] [34mcolcon.colcon_core.package_identification[0m [1;30mDEBUG[0m [32mPackage 'src/melfa_ros2_driver/melfa_io_controllers' with type 'ros.ament_cmake' and name 'melfa_io_controllers'[0m
[0.270s] [34mcolcon.colcon_core.package_identification[0m [1;30mLevel 1[0m _identify(src/melfa_ros2_driver/melfa_moveit_config) by extensions ['ignore', 'ignore_ament_install']
[0.271s] [34mcolcon.colcon_core.package_identification[0m [1;30mLevel 1[0m _identify(src/melfa_ros2_driver/melfa_moveit_config) by extension 'ignore'
[0.271s] [34mcolcon.colcon_core.package_identification[0m [1;30mLevel 1[0m _identify(src/melfa_ros2_driver/melfa_moveit_config) by extension 'ignore_ament_install'
[0.271s] [34mcolcon.colcon_core.package_identification[0m [1;30mLevel 1[0m _identify(src/melfa_ros2_driver/melfa_moveit_config) by extensions ['colcon_pkg']
[0.271s] [34mcolcon.colcon_core.package_identification[0m [1;30mLevel 1[0m _identify(src/melfa_ros2_driver/melfa_moveit_config) by extension 'colcon_pkg'
[0.271s] [34mcolcon.colcon_core.package_identification[0m [1;30mLevel 1[0m _identify(src/melfa_ros2_driver/melfa_moveit_config) by extensions ['colcon_meta']
[0.271s] [34mcolcon.colcon_core.package_identification[0m [1;30mLevel 1[0m _identify(src/melfa_ros2_driver/melfa_moveit_config) by extension 'colcon_meta'
[0.271s] [34mcolcon.colcon_core.package_identification[0m [1;30mLevel 1[0m _identify(src/melfa_ros2_driver/melfa_moveit_config) by extensions ['ros']
[0.271s] [34mcolcon.colcon_core.package_identification[0m [1;30mLevel 1[0m _identify(src/melfa_ros2_driver/melfa_moveit_config) by extension 'ros'
[0.271s] [34mcolcon.colcon_core.package_identification[0m [1;30mLevel 1[0m _identify(src/melfa_ros2_driver/melfa_moveit_config) by extensions ['cmake', 'python']
[0.271s] [34mcolcon.colcon_core.package_identification[0m [1;30mLevel 1[0m _identify(src/melfa_ros2_driver/melfa_moveit_config) by extension 'cmake'
[0.271s] [34mcolcon.colcon_core.package_identification[0m [1;30mLevel 1[0m _identify(src/melfa_ros2_driver/melfa_moveit_config) by extension 'python'
[0.271s] [34mcolcon.colcon_core.package_identification[0m [1;30mLevel 1[0m _identify(src/melfa_ros2_driver/melfa_moveit_config) by extensions ['python_setup_py']
[0.271s] [34mcolcon.colcon_core.package_identification[0m [1;30mLevel 1[0m _identify(src/melfa_ros2_driver/melfa_moveit_config) by extension 'python_setup_py'
[0.271s] [34mcolcon.colcon_core.package_identification[0m [1;30mLevel 1[0m _identify(src/melfa_ros2_driver/melfa_moveit_config/melfa_rh6crh6020_moveit_config) by extensions ['ignore', 'ignore_ament_install']
[0.271s] [34mcolcon.colcon_core.package_identification[0m [1;30mLevel 1[0m _identify(src/melfa_ros2_driver/melfa_moveit_config/melfa_rh6crh6020_moveit_config) by extension 'ignore'
[0.271s] [34mcolcon.colcon_core.package_identification[0m [1;30mLevel 1[0m _identify(src/melfa_ros2_driver/melfa_moveit_config/melfa_rh6crh6020_moveit_config) by extension 'ignore_ament_install'
[0.271s] [34mcolcon.colcon_core.package_identification[0m [1;30mLevel 1[0m _identify(src/melfa_ros2_driver/melfa_moveit_config/melfa_rh6crh6020_moveit_config) by extensions ['colcon_pkg']
[0.271s] [34mcolcon.colcon_core.package_identification[0m [1;30mLevel 1[0m _identify(src/melfa_ros2_driver/melfa_moveit_config/melfa_rh6crh6020_moveit_config) by extension 'colcon_pkg'
[0.271s] [34mcolcon.colcon_core.package_identification[0m [1;30mLevel 1[0m _identify(src/melfa_ros2_driver/melfa_moveit_config/melfa_rh6crh6020_moveit_config) by extensions ['colcon_meta']
[0.271s] [34mcolcon.colcon_core.package_identification[0m [1;30mLevel 1[0m _identify(src/melfa_ros2_driver/melfa_moveit_config/melfa_rh6crh6020_moveit_config) by extension 'colcon_meta'
[0.271s] [34mcolcon.colcon_core.package_identification[0m [1;30mLevel 1[0m _identify(src/melfa_ros2_driver/melfa_moveit_config/melfa_rh6crh6020_moveit_config) by extensions ['ros']
[0.271s] [34mcolcon.colcon_core.package_identification[0m [1;30mLevel 1[0m _identify(src/melfa_ros2_driver/melfa_moveit_config/melfa_rh6crh6020_moveit_config) by extension 'ros'
[0.272s] [34mcolcon.colcon_core.package_identification[0m [1;30mDEBUG[0m [32mPackage 'src/melfa_ros2_driver/melfa_moveit_config/melfa_rh6crh6020_moveit_config' with type 'ros.ament_cmake' and name 'melfa_rh6crh6020_moveit_config'[0m
[0.272s] [34mcolcon.colcon_core.package_identification[0m [1;30mLevel 1[0m _identify(src/melfa_ros2_driver/melfa_moveit_config/melfa_rh6frh5520_moveit_config) by extensions ['ignore', 'ignore_ament_install']
[0.272s] [34mcolcon.colcon_core.package_identification[0m [1;30mLevel 1[0m _identify(src/melfa_ros2_driver/melfa_moveit_config/melfa_rh6frh5520_moveit_config) by extension 'ignore'
[0.272s] [34mcolcon.colcon_core.package_identification[0m [1;30mLevel 1[0m _identify(src/melfa_ros2_driver/melfa_moveit_config/melfa_rh6frh5520_moveit_config) by extension 'ignore_ament_install'
[0.272s] [34mcolcon.colcon_core.package_identification[0m [1;30mLevel 1[0m _identify(src/melfa_ros2_driver/melfa_moveit_config/melfa_rh6frh5520_moveit_config) by extensions ['colcon_pkg']
[0.272s] [34mcolcon.colcon_core.package_identification[0m [1;30mLevel 1[0m _identify(src/melfa_ros2_driver/melfa_moveit_config/melfa_rh6frh5520_moveit_config) by extension 'colcon_pkg'
[0.272s] [34mcolcon.colcon_core.package_identification[0m [1;30mLevel 1[0m _identify(src/melfa_ros2_driver/melfa_moveit_config/melfa_rh6frh5520_moveit_config) by extensions ['colcon_meta']
[0.272s] [34mcolcon.colcon_core.package_identification[0m [1;30mLevel 1[0m _identify(src/melfa_ros2_driver/melfa_moveit_config/melfa_rh6frh5520_moveit_config) by extension 'colcon_meta'
[0.272s] [34mcolcon.colcon_core.package_identification[0m [1;30mLevel 1[0m _identify(src/melfa_ros2_driver/melfa_moveit_config/melfa_rh6frh5520_moveit_config) by extensions ['ros']
[0.272s] [34mcolcon.colcon_core.package_identification[0m [1;30mLevel 1[0m _identify(src/melfa_ros2_driver/melfa_moveit_config/melfa_rh6frh5520_moveit_config) by extension 'ros'
[0.273s] [34mcolcon.colcon_core.package_identification[0m [1;30mDEBUG[0m [32mPackage 'src/melfa_ros2_driver/melfa_moveit_config/melfa_rh6frh5520_moveit_config' with type 'ros.ament_cmake' and name 'melfa_rh6frh5520_moveit_config'[0m
[0.273s] [34mcolcon.colcon_core.package_identification[0m [1;30mLevel 1[0m _identify(src/melfa_ros2_driver/melfa_moveit_config/melfa_rv13frl_moveit_config) by extensions ['ignore', 'ignore_ament_install']
[0.273s] [34mcolcon.colcon_core.package_identification[0m [1;30mLevel 1[0m _identify(src/melfa_ros2_driver/melfa_moveit_config/melfa_rv13frl_moveit_config) by extension 'ignore'
[0.273s] [34mcolcon.colcon_core.package_identification[0m [1;30mLevel 1[0m _identify(src/melfa_ros2_driver/melfa_moveit_config/melfa_rv13frl_moveit_config) by extension 'ignore_ament_install'
[0.273s] [34mcolcon.colcon_core.package_identification[0m [1;30mLevel 1[0m _identify(src/melfa_ros2_driver/melfa_moveit_config/melfa_rv13frl_moveit_config) by extensions ['colcon_pkg']
[0.273s] [34mcolcon.colcon_core.package_identification[0m [1;30mLevel 1[0m _identify(src/melfa_ros2_driver/melfa_moveit_config/melfa_rv13frl_moveit_config) by extension 'colcon_pkg'
[0.273s] [34mcolcon.colcon_core.package_identification[0m [1;30mLevel 1[0m _identify(src/melfa_ros2_driver/melfa_moveit_config/melfa_rv13frl_moveit_config) by extensions ['colcon_meta']
[0.273s] [34mcolcon.colcon_core.package_identification[0m [1;30mLevel 1[0m _identify(src/melfa_ros2_driver/melfa_moveit_config/melfa_rv13frl_moveit_config) by extension 'colcon_meta'
[0.273s] [34mcolcon.colcon_core.package_identification[0m [1;30mLevel 1[0m _identify(src/melfa_ros2_driver/melfa_moveit_config/melfa_rv13frl_moveit_config) by extensions ['ros']
[0.273s] [34mcolcon.colcon_core.package_identification[0m [1;30mLevel 1[0m _identify(src/melfa_ros2_driver/melfa_moveit_config/melfa_rv13frl_moveit_config) by extension 'ros'
[0.273s] [34mcolcon.colcon_core.package_identification[0m [1;30mDEBUG[0m [32mPackage 'src/melfa_ros2_driver/melfa_moveit_config/melfa_rv13frl_moveit_config' with type 'ros.ament_cmake' and name 'melfa_rv13frl_moveit_config'[0m
[0.273s] [34mcolcon.colcon_core.package_identification[0m [1;30mLevel 1[0m _identify(src/melfa_ros2_driver/melfa_moveit_config/melfa_rv2fr_moveit_config) by extensions ['ignore', 'ignore_ament_install']
[0.274s] [34mcolcon.colcon_core.package_identification[0m [1;30mLevel 1[0m _identify(src/melfa_ros2_driver/melfa_moveit_config/melfa_rv2fr_moveit_config) by extension 'ignore'
[0.274s] [34mcolcon.colcon_core.package_identification[0m [1;30mLevel 1[0m _identify(src/melfa_ros2_driver/melfa_moveit_config/melfa_rv2fr_moveit_config) by extension 'ignore_ament_install'
[0.274s] [34mcolcon.colcon_core.package_identification[0m [1;30mLevel 1[0m _identify(src/melfa_ros2_driver/melfa_moveit_config/melfa_rv2fr_moveit_config) by extensions ['colcon_pkg']
[0.274s] [34mcolcon.colcon_core.package_identification[0m [1;30mLevel 1[0m _identify(src/melfa_ros2_driver/melfa_moveit_config/melfa_rv2fr_moveit_config) by extension 'colcon_pkg'
[0.274s] [34mcolcon.colcon_core.package_identification[0m [1;30mLevel 1[0m _identify(src/melfa_ros2_driver/melfa_moveit_config/melfa_rv2fr_moveit_config) by extensions ['colcon_meta']
[0.274s] [34mcolcon.colcon_core.package_identification[0m [1;30mLevel 1[0m _identify(src/melfa_ros2_driver/melfa_moveit_config/melfa_rv2fr_moveit_config) by extension 'colcon_meta'
[0.274s] [34mcolcon.colcon_core.package_identification[0m [1;30mLevel 1[0m _identify(src/melfa_ros2_driver/melfa_moveit_config/melfa_rv2fr_moveit_config) by extensions ['ros']
[0.274s] [34mcolcon.colcon_core.package_identification[0m [1;30mLevel 1[0m _identify(src/melfa_ros2_driver/melfa_moveit_config/melfa_rv2fr_moveit_config) by extension 'ros'
[0.274s] [34mcolcon.colcon_core.package_identification[0m [1;30mDEBUG[0m [32mPackage 'src/melfa_ros2_driver/melfa_moveit_config/melfa_rv2fr_moveit_config' with type 'ros.ament_cmake' and name 'melfa_rv2fr_moveit_config'[0m
[0.274s] [34mcolcon.colcon_core.package_identification[0m [1;30mLevel 1[0m _identify(src/melfa_ros2_driver/melfa_moveit_config/melfa_rv4fr_moveit_config) by extensions ['ignore', 'ignore_ament_install']
[0.274s] [34mcolcon.colcon_core.package_identification[0m [1;30mLevel 1[0m _identify(src/melfa_ros2_driver/melfa_moveit_config/melfa_rv4fr_moveit_config) by extension 'ignore'
[0.274s] [34mcolcon.colcon_core.package_identification[0m [1;30mLevel 1[0m _identify(src/melfa_ros2_driver/melfa_moveit_config/melfa_rv4fr_moveit_config) by extension 'ignore_ament_install'
[0.274s] [34mcolcon.colcon_core.package_identification[0m [1;30mLevel 1[0m _identify(src/melfa_ros2_driver/melfa_moveit_config/melfa_rv4fr_moveit_config) by extensions ['colcon_pkg']
[0.274s] [34mcolcon.colcon_core.package_identification[0m [1;30mLevel 1[0m _identify(src/melfa_ros2_driver/melfa_moveit_config/melfa_rv4fr_moveit_config) by extension 'colcon_pkg'
[0.274s] [34mcolcon.colcon_core.package_identification[0m [1;30mLevel 1[0m _identify(src/melfa_ros2_driver/melfa_moveit_config/melfa_rv4fr_moveit_config) by extensions ['colcon_meta']
[0.274s] [34mcolcon.colcon_core.package_identification[0m [1;30mLevel 1[0m _identify(src/melfa_ros2_driver/melfa_moveit_config/melfa_rv4fr_moveit_config) by extension 'colcon_meta'
[0.274s] [34mcolcon.colcon_core.package_identification[0m [1;30mLevel 1[0m _identify(src/melfa_ros2_driver/melfa_moveit_config/melfa_rv4fr_moveit_config) by extensions ['ros']
[0.274s] [34mcolcon.colcon_core.package_identification[0m [1;30mLevel 1[0m _identify(src/melfa_ros2_driver/melfa_moveit_config/melfa_rv4fr_moveit_config) by extension 'ros'
[0.275s] [34mcolcon.colcon_core.package_identification[0m [1;30mDEBUG[0m [32mPackage 'src/melfa_ros2_driver/melfa_moveit_config/melfa_rv4fr_moveit_config' with type 'ros.ament_cmake' and name 'melfa_rv4fr_moveit_config'[0m
[0.275s] [34mcolcon.colcon_core.package_identification[0m [1;30mLevel 1[0m _identify(src/melfa_ros2_driver/melfa_moveit_config/melfa_rv4frl_moveit_config) by extensions ['ignore', 'ignore_ament_install']
[0.275s] [34mcolcon.colcon_core.package_identification[0m [1;30mLevel 1[0m _identify(src/melfa_ros2_driver/melfa_moveit_config/melfa_rv4frl_moveit_config) by extension 'ignore'
[0.275s] [34mcolcon.colcon_core.package_identification[0m [1;30mLevel 1[0m _identify(src/melfa_ros2_driver/melfa_moveit_config/melfa_rv4frl_moveit_config) by extension 'ignore_ament_install'
[0.275s] [34mcolcon.colcon_core.package_identification[0m [1;30mLevel 1[0m _identify(src/melfa_ros2_driver/melfa_moveit_config/melfa_rv4frl_moveit_config) by extensions ['colcon_pkg']
[0.275s] [34mcolcon.colcon_core.package_identification[0m [1;30mLevel 1[0m _identify(src/melfa_ros2_driver/melfa_moveit_config/melfa_rv4frl_moveit_config) by extension 'colcon_pkg'
[0.275s] [34mcolcon.colcon_core.package_identification[0m [1;30mLevel 1[0m _identify(src/melfa_ros2_driver/melfa_moveit_config/melfa_rv4frl_moveit_config) by extensions ['colcon_meta']
[0.275s] [34mcolcon.colcon_core.package_identification[0m [1;30mLevel 1[0m _identify(src/melfa_ros2_driver/melfa_moveit_config/melfa_rv4frl_moveit_config) by extension 'colcon_meta'
[0.275s] [34mcolcon.colcon_core.package_identification[0m [1;30mLevel 1[0m _identify(src/melfa_ros2_driver/melfa_moveit_config/melfa_rv4frl_moveit_config) by extensions ['ros']
[0.275s] [34mcolcon.colcon_core.package_identification[0m [1;30mLevel 1[0m _identify(src/melfa_ros2_driver/melfa_moveit_config/melfa_rv4frl_moveit_config) by extension 'ros'
[0.276s] [34mcolcon.colcon_core.package_identification[0m [1;30mDEBUG[0m [32mPackage 'src/melfa_ros2_driver/melfa_moveit_config/melfa_rv4frl_moveit_config' with type 'ros.ament_cmake' and name 'melfa_rv4frl_moveit_config'[0m
[0.276s] [34mcolcon.colcon_core.package_identification[0m [1;30mLevel 1[0m _identify(src/melfa_ros2_driver/melfa_moveit_config/melfa_rv5as_moveit_config) by extensions ['ignore', 'ignore_ament_install']
[0.276s] [34mcolcon.colcon_core.package_identification[0m [1;30mLevel 1[0m _identify(src/melfa_ros2_driver/melfa_moveit_config/melfa_rv5as_moveit_config) by extension 'ignore'
[0.276s] [34mcolcon.colcon_core.package_identification[0m [1;30mLevel 1[0m _identify(src/melfa_ros2_driver/melfa_moveit_config/melfa_rv5as_moveit_config) by extension 'ignore_ament_install'
[0.276s] [34mcolcon.colcon_core.package_identification[0m [1;30mLevel 1[0m _identify(src/melfa_ros2_driver/melfa_moveit_config/melfa_rv5as_moveit_config) by extensions ['colcon_pkg']
[0.276s] [34mcolcon.colcon_core.package_identification[0m [1;30mLevel 1[0m _identify(src/melfa_ros2_driver/melfa_moveit_config/melfa_rv5as_moveit_config) by extension 'colcon_pkg'
[0.276s] [34mcolcon.colcon_core.package_identification[0m [1;30mLevel 1[0m _identify(src/melfa_ros2_driver/melfa_moveit_config/melfa_rv5as_moveit_config) by extensions ['colcon_meta']
[0.276s] [34mcolcon.colcon_core.package_identification[0m [1;30mLevel 1[0m _identify(src/melfa_ros2_driver/melfa_moveit_config/melfa_rv5as_moveit_config) by extension 'colcon_meta'
[0.276s] [34mcolcon.colcon_core.package_identification[0m [1;30mLevel 1[0m _identify(src/melfa_ros2_driver/melfa_moveit_config/melfa_rv5as_moveit_config) by extensions ['ros']
[0.276s] [34mcolcon.colcon_core.package_identification[0m [1;30mLevel 1[0m _identify(src/melfa_ros2_driver/melfa_moveit_config/melfa_rv5as_moveit_config) by extension 'ros'
[0.277s] [34mcolcon.colcon_core.package_identification[0m [1;30mDEBUG[0m [32mPackage 'src/melfa_ros2_driver/melfa_moveit_config/melfa_rv5as_moveit_config' with type 'ros.ament_cmake' and name 'melfa_rv5as_moveit_config'[0m
[0.277s] [34mcolcon.colcon_core.package_identification[0m [1;30mLevel 1[0m _identify(src/melfa_ros2_driver/melfa_moveit_config/melfa_rv7frl_moveit_config) by extensions ['ignore', 'ignore_ament_install']
[0.277s] [34mcolcon.colcon_core.package_identification[0m [1;30mLevel 1[0m _identify(src/melfa_ros2_driver/melfa_moveit_config/melfa_rv7frl_moveit_config) by extension 'ignore'
[0.277s] [34mcolcon.colcon_core.package_identification[0m [1;30mLevel 1[0m _identify(src/melfa_ros2_driver/melfa_moveit_config/melfa_rv7frl_moveit_config) by extension 'ignore_ament_install'
[0.277s] [34mcolcon.colcon_core.package_identification[0m [1;30mLevel 1[0m _identify(src/melfa_ros2_driver/melfa_moveit_config/melfa_rv7frl_moveit_config) by extensions ['colcon_pkg']
[0.277s] [34mcolcon.colcon_core.package_identification[0m [1;30mLevel 1[0m _identify(src/melfa_ros2_driver/melfa_moveit_config/melfa_rv7frl_moveit_config) by extension 'colcon_pkg'
[0.277s] [34mcolcon.colcon_core.package_identification[0m [1;30mLevel 1[0m _identify(src/melfa_ros2_driver/melfa_moveit_config/melfa_rv7frl_moveit_config) by extensions ['colcon_meta']
[0.277s] [34mcolcon.colcon_core.package_identification[0m [1;30mLevel 1[0m _identify(src/melfa_ros2_driver/melfa_moveit_config/melfa_rv7frl_moveit_config) by extension 'colcon_meta'
[0.277s] [34mcolcon.colcon_core.package_identification[0m [1;30mLevel 1[0m _identify(src/melfa_ros2_driver/melfa_moveit_config/melfa_rv7frl_moveit_config) by extensions ['ros']
[0.277s] [34mcolcon.colcon_core.package_identification[0m [1;30mLevel 1[0m _identify(src/melfa_ros2_driver/melfa_moveit_config/melfa_rv7frl_moveit_config) by extension 'ros'
[0.278s] [34mcolcon.colcon_core.package_identification[0m [1;30mDEBUG[0m [32mPackage 'src/melfa_ros2_driver/melfa_moveit_config/melfa_rv7frl_moveit_config' with type 'ros.ament_cmake' and name 'melfa_rv7frl_moveit_config'[0m
[0.278s] [34mcolcon.colcon_core.package_identification[0m [1;30mLevel 1[0m _identify(src/melfa_ros2_driver/melfa_moveit_config/melfa_rv80fr_moveit_config) by extensions ['ignore', 'ignore_ament_install']
[0.278s] [34mcolcon.colcon_core.package_identification[0m [1;30mLevel 1[0m _identify(src/melfa_ros2_driver/melfa_moveit_config/melfa_rv80fr_moveit_config) by extension 'ignore'
[0.278s] [34mcolcon.colcon_core.package_identification[0m [1;30mLevel 1[0m _identify(src/melfa_ros2_driver/melfa_moveit_config/melfa_rv80fr_moveit_config) by extension 'ignore_ament_install'
[0.278s] [34mcolcon.colcon_core.package_identification[0m [1;30mLevel 1[0m _identify(src/melfa_ros2_driver/melfa_moveit_config/melfa_rv80fr_moveit_config) by extensions ['colcon_pkg']
[0.278s] [34mcolcon.colcon_core.package_identification[0m [1;30mLevel 1[0m _identify(src/melfa_ros2_driver/melfa_moveit_config/melfa_rv80fr_moveit_config) by extension 'colcon_pkg'
[0.278s] [34mcolcon.colcon_core.package_identification[0m [1;30mLevel 1[0m _identify(src/melfa_ros2_driver/melfa_moveit_config/melfa_rv80fr_moveit_config) by extensions ['colcon_meta']
[0.278s] [34mcolcon.colcon_core.package_identification[0m [1;30mLevel 1[0m _identify(src/melfa_ros2_driver/melfa_moveit_config/melfa_rv80fr_moveit_config) by extension 'colcon_meta'
[0.278s] [34mcolcon.colcon_core.package_identification[0m [1;30mLevel 1[0m _identify(src/melfa_ros2_driver/melfa_moveit_config/melfa_rv80fr_moveit_config) by extensions ['ros']
[0.278s] [34mcolcon.colcon_core.package_identification[0m [1;30mLevel 1[0m _identify(src/melfa_ros2_driver/melfa_moveit_config/melfa_rv80fr_moveit_config) by extension 'ros'
[0.278s] [34mcolcon.colcon_core.package_identification[0m [1;30mDEBUG[0m [32mPackage 'src/melfa_ros2_driver/melfa_moveit_config/melfa_rv80fr_moveit_config' with type 'ros.ament_cmake' and name 'melfa_rv80fr_moveit_config'[0m
[0.278s] [34mcolcon.colcon_core.package_identification[0m [1;30mLevel 1[0m _identify(src/melfa_ros2_driver/melfa_moveit_config/melfa_rv8crl_moveit_config) by extensions ['ignore', 'ignore_ament_install']
[0.278s] [34mcolcon.colcon_core.package_identification[0m [1;30mLevel 1[0m _identify(src/melfa_ros2_driver/melfa_moveit_config/melfa_rv8crl_moveit_config) by extension 'ignore'
[0.278s] [34mcolcon.colcon_core.package_identification[0m [1;30mLevel 1[0m _identify(src/melfa_ros2_driver/melfa_moveit_config/melfa_rv8crl_moveit_config) by extension 'ignore_ament_install'
[0.278s] [34mcolcon.colcon_core.package_identification[0m [1;30mLevel 1[0m _identify(src/melfa_ros2_driver/melfa_moveit_config/melfa_rv8crl_moveit_config) by extensions ['colcon_pkg']
[0.279s] [34mcolcon.colcon_core.package_identification[0m [1;30mLevel 1[0m _identify(src/melfa_ros2_driver/melfa_moveit_config/melfa_rv8crl_moveit_config) by extension 'colcon_pkg'
[0.279s] [34mcolcon.colcon_core.package_identification[0m [1;30mLevel 1[0m _identify(src/melfa_ros2_driver/melfa_moveit_config/melfa_rv8crl_moveit_config) by extensions ['colcon_meta']
[0.279s] [34mcolcon.colcon_core.package_identification[0m [1;30mLevel 1[0m _identify(src/melfa_ros2_driver/melfa_moveit_config/melfa_rv8crl_moveit_config) by extension 'colcon_meta'
[0.279s] [34mcolcon.colcon_core.package_identification[0m [1;30mLevel 1[0m _identify(src/melfa_ros2_driver/melfa_moveit_config/melfa_rv8crl_moveit_config) by extensions ['ros']
[0.279s] [34mcolcon.colcon_core.package_identification[0m [1;30mLevel 1[0m _identify(src/melfa_ros2_driver/melfa_moveit_config/melfa_rv8crl_moveit_config) by extension 'ros'
[0.279s] [34mcolcon.colcon_core.package_identification[0m [1;30mDEBUG[0m [32mPackage 'src/melfa_ros2_driver/melfa_moveit_config/melfa_rv8crl_moveit_config' with type 'ros.ament_cmake' and name 'melfa_rv8crl_moveit_config'[0m
[0.279s] [34mcolcon.colcon_core.package_identification[0m [1;30mLevel 1[0m _identify(src/melfa_ros2_driver/melfa_msgs) by extensions ['ignore', 'ignore_ament_install']
[0.279s] [34mcolcon.colcon_core.package_identification[0m [1;30mLevel 1[0m _identify(src/melfa_ros2_driver/melfa_msgs) by extension 'ignore'
[0.279s] [34mcolcon.colcon_core.package_identification[0m [1;30mLevel 1[0m _identify(src/melfa_ros2_driver/melfa_msgs) by extension 'ignore_ament_install'
[0.279s] [34mcolcon.colcon_core.package_identification[0m [1;30mLevel 1[0m _identify(src/melfa_ros2_driver/melfa_msgs) by extensions ['colcon_pkg']
[0.279s] [34mcolcon.colcon_core.package_identification[0m [1;30mLevel 1[0m _identify(src/melfa_ros2_driver/melfa_msgs) by extension 'colcon_pkg'
[0.279s] [34mcolcon.colcon_core.package_identification[0m [1;30mLevel 1[0m _identify(src/melfa_ros2_driver/melfa_msgs) by extensions ['colcon_meta']
[0.279s] [34mcolcon.colcon_core.package_identification[0m [1;30mLevel 1[0m _identify(src/melfa_ros2_driver/melfa_msgs) by extension 'colcon_meta'
[0.279s] [34mcolcon.colcon_core.package_identification[0m [1;30mLevel 1[0m _identify(src/melfa_ros2_driver/melfa_msgs) by extensions ['ros']
[0.279s] [34mcolcon.colcon_core.package_identification[0m [1;30mLevel 1[0m _identify(src/melfa_ros2_driver/melfa_msgs) by extension 'ros'
[0.280s] [34mcolcon.colcon_core.package_identification[0m [1;30mDEBUG[0m [32mPackage 'src/melfa_ros2_driver/melfa_msgs' with type 'ros.ament_cmake' and name 'melfa_msgs'[0m
[0.280s] [34mcolcon.colcon_core.package_identification[0m [1;30mLevel 1[0m _identify(src/milf_on_top) by extensions ['ignore', 'ignore_ament_install']
[0.280s] [34mcolcon.colcon_core.package_identification[0m [1;30mLevel 1[0m _identify(src/milf_on_top) by extension 'ignore'
[0.280s] [34mcolcon.colcon_core.package_identification[0m [1;30mLevel 1[0m _identify(src/milf_on_top) by extension 'ignore_ament_install'
[0.280s] [34mcolcon.colcon_core.package_identification[0m [1;30mLevel 1[0m _identify(src/milf_on_top) by extensions ['colcon_pkg']
[0.280s] [34mcolcon.colcon_core.package_identification[0m [1;30mLevel 1[0m _identify(src/milf_on_top) by extension 'colcon_pkg'
[0.280s] [34mcolcon.colcon_core.package_identification[0m [1;30mLevel 1[0m _identify(src/milf_on_top) by extensions ['colcon_meta']
[0.280s] [34mcolcon.colcon_core.package_identification[0m [1;30mLevel 1[0m _identify(src/milf_on_top) by extension 'colcon_meta'
[0.280s] [34mcolcon.colcon_core.package_identification[0m [1;30mLevel 1[0m _identify(src/milf_on_top) by extensions ['ros']
[0.280s] [34mcolcon.colcon_core.package_identification[0m [1;30mLevel 1[0m _identify(src/milf_on_top) by extension 'ros'
[0.281s] [34mcolcon.colcon_core.package_identification[0m [1;30mDEBUG[0m [32mPackage 'src/milf_on_top' with type 'ros.ament_python' and name 'milf_on_top'[0m
[0.281s] [34mcolcon.colcon_core.package_identification[0m [1;30mLevel 1[0m _identify(src/xacro) by extensions ['ignore', 'ignore_ament_install']
[0.281s] [34mcolcon.colcon_core.package_identification[0m [1;30mLevel 1[0m _identify(src/xacro) by extension 'ignore'
[0.281s] [34mcolcon.colcon_core.package_identification[0m [1;30mLevel 1[0m _identify(src/xacro) by extension 'ignore_ament_install'
[0.281s] [34mcolcon.colcon_core.package_identification[0m [1;30mLevel 1[0m _identify(src/xacro) by extensions ['colcon_pkg']
[0.281s] [34mcolcon.colcon_core.package_identification[0m [1;30mLevel 1[0m _identify(src/xacro) by extension 'colcon_pkg'
[0.282s] [34mcolcon.colcon_core.package_identification[0m [1;30mLevel 1[0m _identify(src/xacro) by extensions ['colcon_meta']
[0.282s] [34mcolcon.colcon_core.package_identification[0m [1;30mLevel 1[0m _identify(src/xacro) by extension 'colcon_meta'
[0.282s] [34mcolcon.colcon_core.package_identification[0m [1;30mLevel 1[0m _identify(src/xacro) by extensions ['ros']
[0.282s] [34mcolcon.colcon_core.package_identification[0m [1;30mLevel 1[0m _identify(src/xacro) by extension 'ros'
[0.282s] [34mcolcon.colcon_core.package_identification[0m [1;30mDEBUG[0m [32mPackage 'src/xacro' with type 'ros.ament_cmake' and name 'xacro'[0m
[0.282s] [34mcolcon.colcon_core.package_discovery[0m [1;30mLevel 1[0m discover_packages(recursive) using defaults
[0.282s] [34mcolcon.colcon_core.package_discovery[0m [1;30mLevel 1[0m discover_packages(ignore) discover
[0.282s] [34mcolcon.colcon_core.package_discovery[0m [1;30mLevel 1[0m discover_packages(ignore) using defaults
[0.282s] [34mcolcon.colcon_core.package_discovery[0m [1;30mLevel 1[0m discover_packages(path) discover
[0.282s] [34mcolcon.colcon_core.package_discovery[0m [1;30mLevel 1[0m discover_packages(path) using defaults
[0.299s] [34mcolcon.colcon_metadata.metadata.colcon_pkg[0m [1;30mINFO[0m Updating descriptor of package 'src/xacro' from colcon.pkg: {'hooks': ['share/xacro/environment/completion.bash']}
[0.311s] [34mcolcon.colcon_core.package_discovery[0m [1;30mLevel 1[0m discover_packages(prefix_path) check parameters
[0.311s] [34mcolcon.colcon_core.package_discovery[0m [1;30mLevel 1[0m discover_packages(prefix_path) discover
[0.314s] [34mcolcon.colcon_installed_package_information.package_discovery[0m [1;30mDEBUG[0m [32mFound 1 installed packages in /home/ram/cognipilot/electrode/install[0m
[0.315s] [34mcolcon.colcon_installed_package_information.package_discovery[0m [1;30mDEBUG[0m [32mFound 16 installed packages in /home/ram/cognipilot/cranium/install[0m
[0.316s] [34mcolcon.colcon_installed_package_information.package_discovery[0m [1;30mDEBUG[0m [32mFound 508 installed packages in /opt/ros/humble[0m
[0.317s] [34mcolcon.colcon_core.package_discovery[0m [1;30mLevel 1[0m discover_packages(prefix_path) using defaults
[0.369s] [34mcolcon.colcon_core.package_selection[0m [1;30mWARNING[0m [33mSome selected packages are already built in one or more underlay workspaces:
	'xacro' is in: /opt/ros/humble
If a package in a merged underlay workspace is overridden and it installs headers, then all packages in the overlay must sort their include directories by workspace order. Failure to do so may result in build failures or undefined behavior at run time.
If the overridden package is used by another package in any underlay, then the overriding package in the overlay must be API and ABI compatible or undefined behavior at run time may occur.

If you understand the risks and want to override a package anyways, add the following to the command line:
	--allow-overriding xacro

This may be promoted to an error in a future release of colcon-override-check.[0m
[0.370s] [34mcolcon.colcon_core.verb[0m [1;30mLevel 5[0m set package 'melfa_msgs' build argument 'cmake_args' from command line to '['-DCMAKE_BUILD_TYPE=Release']'
[0.370s] [34mcolcon.colcon_core.verb[0m [1;30mLevel 5[0m set package 'melfa_msgs' build argument 'cmake_target' from command line to 'None'
[0.370s] [34mcolcon.colcon_core.verb[0m [1;30mLevel 5[0m set package 'melfa_msgs' build argument 'cmake_target_skip_unavailable' from command line to 'False'
[0.370s] [34mcolcon.colcon_core.verb[0m [1;30mLevel 5[0m set package 'melfa_msgs' build argument 'cmake_clean_cache' from command line to 'False'
[0.370s] [34mcolcon.colcon_core.verb[0m [1;30mLevel 5[0m set package 'melfa_msgs' build argument 'cmake_clean_first' from command line to 'False'
[0.370s] [34mcolcon.colcon_core.verb[0m [1;30mLevel 5[0m set package 'melfa_msgs' build argument 'cmake_force_configure' from command line to 'False'
[0.370s] [34mcolcon.colcon_core.verb[0m [1;30mLevel 5[0m set package 'melfa_msgs' build argument 'ament_cmake_args' from command line to 'None'
[0.370s] [34mcolcon.colcon_core.verb[0m [1;30mLevel 5[0m set package 'melfa_msgs' build argument 'catkin_cmake_args' from command line to 'None'
[0.370s] [34mcolcon.colcon_core.verb[0m [1;30mLevel 5[0m set package 'melfa_msgs' build argument 'catkin_skip_building_tests' from command line to 'False'
[0.370s] [34mcolcon.colcon_core.verb[0m [1;30mDEBUG[0m [32mBuilding package 'melfa_msgs' with the following arguments: {'ament_cmake_args': None, 'build_base': '/home/ram/melfa_ros2/build/melfa_msgs', 'catkin_cmake_args': None, 'catkin_skip_building_tests': False, 'cmake_args': ['-DCMAKE_BUILD_TYPE=Release'], 'cmake_clean_cache': False, 'cmake_clean_first': False, 'cmake_force_configure': False, 'cmake_target': None, 'cmake_target_skip_unavailable': False, 'install_base': '/home/ram/melfa_ros2/install/melfa_msgs', 'merge_install': False, 'path': '/home/ram/melfa_ros2/src/melfa_ros2_driver/melfa_msgs', 'symlink_install': False, 'test_result_base': None}[0m
[0.371s] [34mcolcon.colcon_core.verb[0m [1;30mLevel 5[0m set package 'milf_on_top' build argument 'cmake_args' from command line to '['-DCMAKE_BUILD_TYPE=Release']'
[0.371s] [34mcolcon.colcon_core.verb[0m [1;30mLevel 5[0m set package 'milf_on_top' build argument 'cmake_target' from command line to 'None'
[0.371s] [34mcolcon.colcon_core.verb[0m [1;30mLevel 5[0m set package 'milf_on_top' build argument 'cmake_target_skip_unavailable' from command line to 'False'
[0.371s] [34mcolcon.colcon_core.verb[0m [1;30mLevel 5[0m set package 'milf_on_top' build argument 'cmake_clean_cache' from command line to 'False'
[0.371s] [34mcolcon.colcon_core.verb[0m [1;30mLevel 5[0m set package 'milf_on_top' build argument 'cmake_clean_first' from command line to 'False'
[0.371s] [34mcolcon.colcon_core.verb[0m [1;30mLevel 5[0m set package 'milf_on_top' build argument 'cmake_force_configure' from command line to 'False'
[0.371s] [34mcolcon.colcon_core.verb[0m [1;30mLevel 5[0m set package 'milf_on_top' build argument 'ament_cmake_args' from command line to 'None'
[0.371s] [34mcolcon.colcon_core.verb[0m [1;30mLevel 5[0m set package 'milf_on_top' build argument 'catkin_cmake_args' from command line to 'None'
[0.371s] [34mcolcon.colcon_core.verb[0m [1;30mLevel 5[0m set package 'milf_on_top' build argument 'catkin_skip_building_tests' from command line to 'False'
[0.371s] [34mcolcon.colcon_core.verb[0m [1;30mDEBUG[0m [32mBuilding package 'milf_on_top' with the following arguments: {'ament_cmake_args': None, 'build_base': '/home/ram/melfa_ros2/build/milf_on_top', 'catkin_cmake_args': None, 'catkin_skip_building_tests': False, 'cmake_args': ['-DCMAKE_BUILD_TYPE=Release'], 'cmake_clean_cache': False, 'cmake_clean_first': False, 'cmake_force_configure': False, 'cmake_target': None, 'cmake_target_skip_unavailable': False, 'install_base': '/home/ram/melfa_ros2/install/milf_on_top', 'merge_install': False, 'path': '/home/ram/melfa_ros2/src/milf_on_top', 'symlink_install': False, 'test_result_base': None}[0m
[0.371s] [34mcolcon.colcon_core.verb[0m [1;30mLevel 5[0m set package 'xacro' build argument 'cmake_args' from command line to '['-DCMAKE_BUILD_TYPE=Release']'
[0.371s] [34mcolcon.colcon_core.verb[0m [1;30mLevel 5[0m set package 'xacro' build argument 'cmake_target' from command line to 'None'
[0.371s] [34mcolcon.colcon_core.verb[0m [1;30mLevel 5[0m set package 'xacro' build argument 'cmake_target_skip_unavailable' from command line to 'False'
[0.371s] [34mcolcon.colcon_core.verb[0m [1;30mLevel 5[0m set package 'xacro' build argument 'cmake_clean_cache' from command line to 'False'
[0.371s] [34mcolcon.colcon_core.verb[0m [1;30mLevel 5[0m set package 'xacro' build argument 'cmake_clean_first' from command line to 'False'
[0.371s] [34mcolcon.colcon_core.verb[0m [1;30mLevel 5[0m set package 'xacro' build argument 'cmake_force_configure' from command line to 'False'
[0.371s] [34mcolcon.colcon_core.verb[0m [1;30mLevel 5[0m set package 'xacro' build argument 'ament_cmake_args' from command line to 'None'
[0.371s] [34mcolcon.colcon_core.verb[0m [1;30mLevel 5[0m set package 'xacro' build argument 'catkin_cmake_args' from command line to 'None'
[0.371s] [34mcolcon.colcon_core.verb[0m [1;30mLevel 5[0m set package 'xacro' build argument 'catkin_skip_building_tests' from command line to 'False'
[0.371s] [34mcolcon.colcon_core.verb[0m [1;30mDEBUG[0m [32mBuilding package 'xacro' with the following arguments: {'ament_cmake_args': None, 'build_base': '/home/ram/melfa_ros2/build/xacro', 'catkin_cmake_args': None, 'catkin_skip_building_tests': False, 'cmake_args': ['-DCMAKE_BUILD_TYPE=Release'], 'cmake_clean_cache': False, 'cmake_clean_first': False, 'cmake_force_configure': False, 'cmake_target': None, 'cmake_target_skip_unavailable': False, 'install_base': '/home/ram/melfa_ros2/install/xacro', 'merge_install': False, 'path': '/home/ram/melfa_ros2/src/xacro', 'symlink_install': False, 'test_result_base': None}[0m
[0.371s] [34mcolcon.colcon_core.verb[0m [1;30mLevel 5[0m set package 'melfa_bringup' build argument 'cmake_args' from command line to '['-DCMAKE_BUILD_TYPE=Release']'
[0.371s] [34mcolcon.colcon_core.verb[0m [1;30mLevel 5[0m set package 'melfa_bringup' build argument 'cmake_target' from command line to 'None'
[0.371s] [34mcolcon.colcon_core.verb[0m [1;30mLevel 5[0m set package 'melfa_bringup' build argument 'cmake_target_skip_unavailable' from command line to 'False'
[0.371s] [34mcolcon.colcon_core.verb[0m [1;30mLevel 5[0m set package 'melfa_bringup' build argument 'cmake_clean_cache' from command line to 'False'
[0.371s] [34mcolcon.colcon_core.verb[0m [1;30mLevel 5[0m set package 'melfa_bringup' build argument 'cmake_clean_first' from command line to 'False'
[0.371s] [34mcolcon.colcon_core.verb[0m [1;30mLevel 5[0m set package 'melfa_bringup' build argument 'cmake_force_configure' from command line to 'False'
[0.371s] [34mcolcon.colcon_core.verb[0m [1;30mLevel 5[0m set package 'melfa_bringup' build argument 'ament_cmake_args' from command line to 'None'
[0.371s] [34mcolcon.colcon_core.verb[0m [1;30mLevel 5[0m set package 'melfa_bringup' build argument 'catkin_cmake_args' from command line to 'None'
[0.371s] [34mcolcon.colcon_core.verb[0m [1;30mLevel 5[0m set package 'melfa_bringup' build argument 'catkin_skip_building_tests' from command line to 'False'
[0.371s] [34mcolcon.colcon_core.verb[0m [1;30mDEBUG[0m [32mBuilding package 'melfa_bringup' with the following arguments: {'ament_cmake_args': None, 'build_base': '/home/ram/melfa_ros2/build/melfa_bringup', 'catkin_cmake_args': None, 'catkin_skip_building_tests': False, 'cmake_args': ['-DCMAKE_BUILD_TYPE=Release'], 'cmake_clean_cache': False, 'cmake_clean_first': False, 'cmake_force_configure': False, 'cmake_target': None, 'cmake_target_skip_unavailable': False, 'install_base': '/home/ram/melfa_ros2/install/melfa_bringup', 'merge_install': False, 'path': '/home/ram/melfa_ros2/src/melfa_ros2_driver/melfa_bringup', 'symlink_install': False, 'test_result_base': None}[0m
[0.372s] [34mcolcon.colcon_core.verb[0m [1;30mLevel 5[0m set package 'melfa_description' build argument 'cmake_args' from command line to '['-DCMAKE_BUILD_TYPE=Release']'
[0.372s] [34mcolcon.colcon_core.verb[0m [1;30mLevel 5[0m set package 'melfa_description' build argument 'cmake_target' from command line to 'None'
[0.372s] [34mcolcon.colcon_core.verb[0m [1;30mLevel 5[0m set package 'melfa_description' build argument 'cmake_target_skip_unavailable' from command line to 'False'
[0.372s] [34mcolcon.colcon_core.verb[0m [1;30mLevel 5[0m set package 'melfa_description' build argument 'cmake_clean_cache' from command line to 'False'
[0.372s] [34mcolcon.colcon_core.verb[0m [1;30mLevel 5[0m set package 'melfa_description' build argument 'cmake_clean_first' from command line to 'False'
[0.372s] [34mcolcon.colcon_core.verb[0m [1;30mLevel 5[0m set package 'melfa_description' build argument 'cmake_force_configure' from command line to 'False'
[0.372s] [34mcolcon.colcon_core.verb[0m [1;30mLevel 5[0m set package 'melfa_description' build argument 'ament_cmake_args' from command line to 'None'
[0.372s] [34mcolcon.colcon_core.verb[0m [1;30mLevel 5[0m set package 'melfa_description' build argument 'catkin_cmake_args' from command line to 'None'
[0.372s] [34mcolcon.colcon_core.verb[0m [1;30mLevel 5[0m set package 'melfa_description' build argument 'catkin_skip_building_tests' from command line to 'False'
[0.372s] [34mcolcon.colcon_core.verb[0m [1;30mDEBUG[0m [32mBuilding package 'melfa_description' with the following arguments: {'ament_cmake_args': None, 'build_base': '/home/ram/melfa_ros2/build/melfa_description', 'catkin_cmake_args': None, 'catkin_skip_building_tests': False, 'cmake_args': ['-DCMAKE_BUILD_TYPE=Release'], 'cmake_clean_cache': False, 'cmake_clean_first': False, 'cmake_force_configure': False, 'cmake_target': None, 'cmake_target_skip_unavailable': False, 'install_base': '/home/ram/melfa_ros2/install/melfa_description', 'merge_install': False, 'path': '/home/ram/melfa_ros2/src/melfa_ros2_driver/melfa_description', 'symlink_install': False, 'test_result_base': None}[0m
[0.372s] [34mcolcon.colcon_core.verb[0m [1;30mLevel 5[0m set package 'melfa_io_controllers' build argument 'cmake_args' from command line to '['-DCMAKE_BUILD_TYPE=Release']'
[0.372s] [34mcolcon.colcon_core.verb[0m [1;30mLevel 5[0m set package 'melfa_io_controllers' build argument 'cmake_target' from command line to 'None'
[0.372s] [34mcolcon.colcon_core.verb[0m [1;30mLevel 5[0m set package 'melfa_io_controllers' build argument 'cmake_target_skip_unavailable' from command line to 'False'
[0.372s] [34mcolcon.colcon_core.verb[0m [1;30mLevel 5[0m set package 'melfa_io_controllers' build argument 'cmake_clean_cache' from command line to 'False'
[0.372s] [34mcolcon.colcon_core.verb[0m [1;30mLevel 5[0m set package 'melfa_io_controllers' build argument 'cmake_clean_first' from command line to 'False'
[0.372s] [34mcolcon.colcon_core.verb[0m [1;30mLevel 5[0m set package 'melfa_io_controllers' build argument 'cmake_force_configure' from command line to 'False'
[0.372s] [34mcolcon.colcon_core.verb[0m [1;30mLevel 5[0m set package 'melfa_io_controllers' build argument 'ament_cmake_args' from command line to 'None'
[0.372s] [34mcolcon.colcon_core.verb[0m [1;30mLevel 5[0m set package 'melfa_io_controllers' build argument 'catkin_cmake_args' from command line to 'None'
[0.372s] [34mcolcon.colcon_core.verb[0m [1;30mLevel 5[0m set package 'melfa_io_controllers' build argument 'catkin_skip_building_tests' from command line to 'False'
[0.372s] [34mcolcon.colcon_core.verb[0m [1;30mDEBUG[0m [32mBuilding package 'melfa_io_controllers' with the following arguments: {'ament_cmake_args': None, 'build_base': '/home/ram/melfa_ros2/build/melfa_io_controllers', 'catkin_cmake_args': None, 'catkin_skip_building_tests': False, 'cmake_args': ['-DCMAKE_BUILD_TYPE=Release'], 'cmake_clean_cache': False, 'cmake_clean_first': False, 'cmake_force_configure': False, 'cmake_target': None, 'cmake_target_skip_unavailable': False, 'install_base': '/home/ram/melfa_ros2/install/melfa_io_controllers', 'merge_install': False, 'path': '/home/ram/melfa_ros2/src/melfa_ros2_driver/melfa_io_controllers', 'symlink_install': False, 'test_result_base': None}[0m
[0.372s] [34mcolcon.colcon_core.verb[0m [1;30mLevel 5[0m set package 'melfa_driver' build argument 'cmake_args' from command line to '['-DCMAKE_BUILD_TYPE=Release']'
[0.372s] [34mcolcon.colcon_core.verb[0m [1;30mLevel 5[0m set package 'melfa_driver' build argument 'cmake_target' from command line to 'None'
[0.372s] [34mcolcon.colcon_core.verb[0m [1;30mLevel 5[0m set package 'melfa_driver' build argument 'cmake_target_skip_unavailable' from command line to 'False'
[0.372s] [34mcolcon.colcon_core.verb[0m [1;30mLevel 5[0m set package 'melfa_driver' build argument 'cmake_clean_cache' from command line to 'False'
[0.372s] [34mcolcon.colcon_core.verb[0m [1;30mLevel 5[0m set package 'melfa_driver' build argument 'cmake_clean_first' from command line to 'False'
[0.372s] [34mcolcon.colcon_core.verb[0m [1;30mLevel 5[0m set package 'melfa_driver' build argument 'cmake_force_configure' from command line to 'False'
[0.372s] [34mcolcon.colcon_core.verb[0m [1;30mLevel 5[0m set package 'melfa_driver' build argument 'ament_cmake_args' from command line to 'None'
[0.372s] [34mcolcon.colcon_core.verb[0m [1;30mLevel 5[0m set package 'melfa_driver' build argument 'catkin_cmake_args' from command line to 'None'
[0.372s] [34mcolcon.colcon_core.verb[0m [1;30mLevel 5[0m set package 'melfa_driver' build argument 'catkin_skip_building_tests' from command line to 'False'
[0.372s] [34mcolcon.colcon_core.verb[0m [1;30mDEBUG[0m [32mBuilding package 'melfa_driver' with the following arguments: {'ament_cmake_args': None, 'build_base': '/home/ram/melfa_ros2/build/melfa_driver', 'catkin_cmake_args': None, 'catkin_skip_building_tests': False, 'cmake_args': ['-DCMAKE_BUILD_TYPE=Release'], 'cmake_clean_cache': False, 'cmake_clean_first': False, 'cmake_force_configure': False, 'cmake_target': None, 'cmake_target_skip_unavailable': False, 'install_base': '/home/ram/melfa_ros2/install/melfa_driver', 'merge_install': False, 'path': '/home/ram/melfa_ros2/src/melfa_ros2_driver/melfa_driver', 'symlink_install': False, 'test_result_base': None}[0m
[0.373s] [34mcolcon.colcon_core.verb[0m [1;30mLevel 5[0m set package 'melfa_rh6crh6020_moveit_config' build argument 'cmake_args' from command line to '['-DCMAKE_BUILD_TYPE=Release']'
[0.373s] [34mcolcon.colcon_core.verb[0m [1;30mLevel 5[0m set package 'melfa_rh6crh6020_moveit_config' build argument 'cmake_target' from command line to 'None'
[0.373s] [34mcolcon.colcon_core.verb[0m [1;30mLevel 5[0m set package 'melfa_rh6crh6020_moveit_config' build argument 'cmake_target_skip_unavailable' from command line to 'False'
[0.373s] [34mcolcon.colcon_core.verb[0m [1;30mLevel 5[0m set package 'melfa_rh6crh6020_moveit_config' build argument 'cmake_clean_cache' from command line to 'False'
[0.373s] [34mcolcon.colcon_core.verb[0m [1;30mLevel 5[0m set package 'melfa_rh6crh6020_moveit_config' build argument 'cmake_clean_first' from command line to 'False'
[0.373s] [34mcolcon.colcon_core.verb[0m [1;30mLevel 5[0m set package 'melfa_rh6crh6020_moveit_config' build argument 'cmake_force_configure' from command line to 'False'
[0.373s] [34mcolcon.colcon_core.verb[0m [1;30mLevel 5[0m set package 'melfa_rh6crh6020_moveit_config' build argument 'ament_cmake_args' from command line to 'None'
[0.373s] [34mcolcon.colcon_core.verb[0m [1;30mLevel 5[0m set package 'melfa_rh6crh6020_moveit_config' build argument 'catkin_cmake_args' from command line to 'None'
[0.373s] [34mcolcon.colcon_core.verb[0m [1;30mLevel 5[0m set package 'melfa_rh6crh6020_moveit_config' build argument 'catkin_skip_building_tests' from command line to 'False'
[0.373s] [34mcolcon.colcon_core.verb[0m [1;30mDEBUG[0m [32mBuilding package 'melfa_rh6crh6020_moveit_config' with the following arguments: {'ament_cmake_args': None, 'build_base': '/home/ram/melfa_ros2/build/melfa_rh6crh6020_moveit_config', 'catkin_cmake_args': None, 'catkin_skip_building_tests': False, 'cmake_args': ['-DCMAKE_BUILD_TYPE=Release'], 'cmake_clean_cache': False, 'cmake_clean_first': False, 'cmake_force_configure': False, 'cmake_target': None, 'cmake_target_skip_unavailable': False, 'install_base': '/home/ram/melfa_ros2/install/melfa_rh6crh6020_moveit_config', 'merge_install': False, 'path': '/home/ram/melfa_ros2/src/melfa_ros2_driver/melfa_moveit_config/melfa_rh6crh6020_moveit_config', 'symlink_install': False, 'test_result_base': None}[0m
[0.373s] [34mcolcon.colcon_core.verb[0m [1;30mLevel 5[0m set package 'melfa_rh6frh5520_moveit_config' build argument 'cmake_args' from command line to '['-DCMAKE_BUILD_TYPE=Release']'
[0.373s] [34mcolcon.colcon_core.verb[0m [1;30mLevel 5[0m set package 'melfa_rh6frh5520_moveit_config' build argument 'cmake_target' from command line to 'None'
[0.373s] [34mcolcon.colcon_core.verb[0m [1;30mLevel 5[0m set package 'melfa_rh6frh5520_moveit_config' build argument 'cmake_target_skip_unavailable' from command line to 'False'
[0.373s] [34mcolcon.colcon_core.verb[0m [1;30mLevel 5[0m set package 'melfa_rh6frh5520_moveit_config' build argument 'cmake_clean_cache' from command line to 'False'
[0.373s] [34mcolcon.colcon_core.verb[0m [1;30mLevel 5[0m set package 'melfa_rh6frh5520_moveit_config' build argument 'cmake_clean_first' from command line to 'False'
[0.373s] [34mcolcon.colcon_core.verb[0m [1;30mLevel 5[0m set package 'melfa_rh6frh5520_moveit_config' build argument 'cmake_force_configure' from command line to 'False'
[0.373s] [34mcolcon.colcon_core.verb[0m [1;30mLevel 5[0m set package 'melfa_rh6frh5520_moveit_config' build argument 'ament_cmake_args' from command line to 'None'
[0.373s] [34mcolcon.colcon_core.verb[0m [1;30mLevel 5[0m set package 'melfa_rh6frh5520_moveit_config' build argument 'catkin_cmake_args' from command line to 'None'
[0.373s] [34mcolcon.colcon_core.verb[0m [1;30mLevel 5[0m set package 'melfa_rh6frh5520_moveit_config' build argument 'catkin_skip_building_tests' from command line to 'False'
[0.373s] [34mcolcon.colcon_core.verb[0m [1;30mDEBUG[0m [32mBuilding package 'melfa_rh6frh5520_moveit_config' with the following arguments: {'ament_cmake_args': None, 'build_base': '/home/ram/melfa_ros2/build/melfa_rh6frh5520_moveit_config', 'catkin_cmake_args': None, 'catkin_skip_building_tests': False, 'cmake_args': ['-DCMAKE_BUILD_TYPE=Release'], 'cmake_clean_cache': False, 'cmake_clean_first': False, 'cmake_force_configure': False, 'cmake_target': None, 'cmake_target_skip_unavailable': False, 'install_base': '/home/ram/melfa_ros2/install/melfa_rh6frh5520_moveit_config', 'merge_install': False, 'path': '/home/ram/melfa_ros2/src/melfa_ros2_driver/melfa_moveit_config/melfa_rh6frh5520_moveit_config', 'symlink_install': False, 'test_result_base': None}[0m
[0.373s] [34mcolcon.colcon_core.verb[0m [1;30mLevel 5[0m set package 'melfa_rv13frl_moveit_config' build argument 'cmake_args' from command line to '['-DCMAKE_BUILD_TYPE=Release']'
[0.373s] [34mcolcon.colcon_core.verb[0m [1;30mLevel 5[0m set package 'melfa_rv13frl_moveit_config' build argument 'cmake_target' from command line to 'None'
[0.373s] [34mcolcon.colcon_core.verb[0m [1;30mLevel 5[0m set package 'melfa_rv13frl_moveit_config' build argument 'cmake_target_skip_unavailable' from command line to 'False'
[0.373s] [34mcolcon.colcon_core.verb[0m [1;30mLevel 5[0m set package 'melfa_rv13frl_moveit_config' build argument 'cmake_clean_cache' from command line to 'False'
[0.373s] [34mcolcon.colcon_core.verb[0m [1;30mLevel 5[0m set package 'melfa_rv13frl_moveit_config' build argument 'cmake_clean_first' from command line to 'False'
[0.373s] [34mcolcon.colcon_core.verb[0m [1;30mLevel 5[0m set package 'melfa_rv13frl_moveit_config' build argument 'cmake_force_configure' from command line to 'False'
[0.373s] [34mcolcon.colcon_core.verb[0m [1;30mLevel 5[0m set package 'melfa_rv13frl_moveit_config' build argument 'ament_cmake_args' from command line to 'None'
[0.373s] [34mcolcon.colcon_core.verb[0m [1;30mLevel 5[0m set package 'melfa_rv13frl_moveit_config' build argument 'catkin_cmake_args' from command line to 'None'
[0.373s] [34mcolcon.colcon_core.verb[0m [1;30mLevel 5[0m set package 'melfa_rv13frl_moveit_config' build argument 'catkin_skip_building_tests' from command line to 'False'
[0.373s] [34mcolcon.colcon_core.verb[0m [1;30mDEBUG[0m [32mBuilding package 'melfa_rv13frl_moveit_config' with the following arguments: {'ament_cmake_args': None, 'build_base': '/home/ram/melfa_ros2/build/melfa_rv13frl_moveit_config', 'catkin_cmake_args': None, 'catkin_skip_building_tests': False, 'cmake_args': ['-DCMAKE_BUILD_TYPE=Release'], 'cmake_clean_cache': False, 'cmake_clean_first': False, 'cmake_force_configure': False, 'cmake_target': None, 'cmake_target_skip_unavailable': False, 'install_base': '/home/ram/melfa_ros2/install/melfa_rv13frl_moveit_config', 'merge_install': False, 'path': '/home/ram/melfa_ros2/src/melfa_ros2_driver/melfa_moveit_config/melfa_rv13frl_moveit_config', 'symlink_install': False, 'test_result_base': None}[0m
[0.373s] [34mcolcon.colcon_core.verb[0m [1;30mLevel 5[0m set package 'melfa_rv2fr_moveit_config' build argument 'cmake_args' from command line to '['-DCMAKE_BUILD_TYPE=Release']'
[0.373s] [34mcolcon.colcon_core.verb[0m [1;30mLevel 5[0m set package 'melfa_rv2fr_moveit_config' build argument 'cmake_target' from command line to 'None'
[0.373s] [34mcolcon.colcon_core.verb[0m [1;30mLevel 5[0m set package 'melfa_rv2fr_moveit_config' build argument 'cmake_target_skip_unavailable' from command line to 'False'
[0.373s] [34mcolcon.colcon_core.verb[0m [1;30mLevel 5[0m set package 'melfa_rv2fr_moveit_config' build argument 'cmake_clean_cache' from command line to 'False'
[0.373s] [34mcolcon.colcon_core.verb[0m [1;30mLevel 5[0m set package 'melfa_rv2fr_moveit_config' build argument 'cmake_clean_first' from command line to 'False'
[0.373s] [34mcolcon.colcon_core.verb[0m [1;30mLevel 5[0m set package 'melfa_rv2fr_moveit_config' build argument 'cmake_force_configure' from command line to 'False'
[0.373s] [34mcolcon.colcon_core.verb[0m [1;30mLevel 5[0m set package 'melfa_rv2fr_moveit_config' build argument 'ament_cmake_args' from command line to 'None'
[0.374s] [34mcolcon.colcon_core.verb[0m [1;30mLevel 5[0m set package 'melfa_rv2fr_moveit_config' build argument 'catkin_cmake_args' from command line to 'None'
[0.374s] [34mcolcon.colcon_core.verb[0m [1;30mLevel 5[0m set package 'melfa_rv2fr_moveit_config' build argument 'catkin_skip_building_tests' from command line to 'False'
[0.374s] [34mcolcon.colcon_core.verb[0m [1;30mDEBUG[0m [32mBuilding package 'melfa_rv2fr_moveit_config' with the following arguments: {'ament_cmake_args': None, 'build_base': '/home/ram/melfa_ros2/build/melfa_rv2fr_moveit_config', 'catkin_cmake_args': None, 'catkin_skip_building_tests': False, 'cmake_args': ['-DCMAKE_BUILD_TYPE=Release'], 'cmake_clean_cache': False, 'cmake_clean_first': False, 'cmake_force_configure': False, 'cmake_target': None, 'cmake_target_skip_unavailable': False, 'install_base': '/home/ram/melfa_ros2/install/melfa_rv2fr_moveit_config', 'merge_install': False, 'path': '/home/ram/melfa_ros2/src/melfa_ros2_driver/melfa_moveit_config/melfa_rv2fr_moveit_config', 'symlink_install': False, 'test_result_base': None}[0m
[0.374s] [34mcolcon.colcon_core.verb[0m [1;30mLevel 5[0m set package 'melfa_rv4fr_moveit_config' build argument 'cmake_args' from command line to '['-DCMAKE_BUILD_TYPE=Release']'
[0.374s] [34mcolcon.colcon_core.verb[0m [1;30mLevel 5[0m set package 'melfa_rv4fr_moveit_config' build argument 'cmake_target' from command line to 'None'
[0.374s] [34mcolcon.colcon_core.verb[0m [1;30mLevel 5[0m set package 'melfa_rv4fr_moveit_config' build argument 'cmake_target_skip_unavailable' from command line to 'False'
[0.374s] [34mcolcon.colcon_core.verb[0m [1;30mLevel 5[0m set package 'melfa_rv4fr_moveit_config' build argument 'cmake_clean_cache' from command line to 'False'
[0.374s] [34mcolcon.colcon_core.verb[0m [1;30mLevel 5[0m set package 'melfa_rv4fr_moveit_config' build argument 'cmake_clean_first' from command line to 'False'
[0.374s] [34mcolcon.colcon_core.verb[0m [1;30mLevel 5[0m set package 'melfa_rv4fr_moveit_config' build argument 'cmake_force_configure' from command line to 'False'
[0.374s] [34mcolcon.colcon_core.verb[0m [1;30mLevel 5[0m set package 'melfa_rv4fr_moveit_config' build argument 'ament_cmake_args' from command line to 'None'
[0.374s] [34mcolcon.colcon_core.verb[0m [1;30mLevel 5[0m set package 'melfa_rv4fr_moveit_config' build argument 'catkin_cmake_args' from command line to 'None'
[0.374s] [34mcolcon.colcon_core.verb[0m [1;30mLevel 5[0m set package 'melfa_rv4fr_moveit_config' build argument 'catkin_skip_building_tests' from command line to 'False'
[0.374s] [34mcolcon.colcon_core.verb[0m [1;30mDEBUG[0m [32mBuilding package 'melfa_rv4fr_moveit_config' with the following arguments: {'ament_cmake_args': None, 'build_base': '/home/ram/melfa_ros2/build/melfa_rv4fr_moveit_config', 'catkin_cmake_args': None, 'catkin_skip_building_tests': False, 'cmake_args': ['-DCMAKE_BUILD_TYPE=Release'], 'cmake_clean_cache': False, 'cmake_clean_first': False, 'cmake_force_configure': False, 'cmake_target': None, 'cmake_target_skip_unavailable': False, 'install_base': '/home/ram/melfa_ros2/install/melfa_rv4fr_moveit_config', 'merge_install': False, 'path': '/home/ram/melfa_ros2/src/melfa_ros2_driver/melfa_moveit_config/melfa_rv4fr_moveit_config', 'symlink_install': False, 'test_result_base': None}[0m
[0.374s] [34mcolcon.colcon_core.verb[0m [1;30mLevel 5[0m set package 'melfa_rv4frl_moveit_config' build argument 'cmake_args' from command line to '['-DCMAKE_BUILD_TYPE=Release']'
[0.374s] [34mcolcon.colcon_core.verb[0m [1;30mLevel 5[0m set package 'melfa_rv4frl_moveit_config' build argument 'cmake_target' from command line to 'None'
[0.374s] [34mcolcon.colcon_core.verb[0m [1;30mLevel 5[0m set package 'melfa_rv4frl_moveit_config' build argument 'cmake_target_skip_unavailable' from command line to 'False'
[0.374s] [34mcolcon.colcon_core.verb[0m [1;30mLevel 5[0m set package 'melfa_rv4frl_moveit_config' build argument 'cmake_clean_cache' from command line to 'False'
[0.374s] [34mcolcon.colcon_core.verb[0m [1;30mLevel 5[0m set package 'melfa_rv4frl_moveit_config' build argument 'cmake_clean_first' from command line to 'False'
[0.374s] [34mcolcon.colcon_core.verb[0m [1;30mLevel 5[0m set package 'melfa_rv4frl_moveit_config' build argument 'cmake_force_configure' from command line to 'False'
[0.374s] [34mcolcon.colcon_core.verb[0m [1;30mLevel 5[0m set package 'melfa_rv4frl_moveit_config' build argument 'ament_cmake_args' from command line to 'None'
[0.374s] [34mcolcon.colcon_core.verb[0m [1;30mLevel 5[0m set package 'melfa_rv4frl_moveit_config' build argument 'catkin_cmake_args' from command line to 'None'
[0.374s] [34mcolcon.colcon_core.verb[0m [1;30mLevel 5[0m set package 'melfa_rv4frl_moveit_config' build argument 'catkin_skip_building_tests' from command line to 'False'
[0.374s] [34mcolcon.colcon_core.verb[0m [1;30mDEBUG[0m [32mBuilding package 'melfa_rv4frl_moveit_config' with the following arguments: {'ament_cmake_args': None, 'build_base': '/home/ram/melfa_ros2/build/melfa_rv4frl_moveit_config', 'catkin_cmake_args': None, 'catkin_skip_building_tests': False, 'cmake_args': ['-DCMAKE_BUILD_TYPE=Release'], 'cmake_clean_cache': False, 'cmake_clean_first': False, 'cmake_force_configure': False, 'cmake_target': None, 'cmake_target_skip_unavailable': False, 'install_base': '/home/ram/melfa_ros2/install/melfa_rv4frl_moveit_config', 'merge_install': False, 'path': '/home/ram/melfa_ros2/src/melfa_ros2_driver/melfa_moveit_config/melfa_rv4frl_moveit_config', 'symlink_install': False, 'test_result_base': None}[0m
[0.374s] [34mcolcon.colcon_core.verb[0m [1;30mLevel 5[0m set package 'melfa_rv5as_moveit_config' build argument 'cmake_args' from command line to '['-DCMAKE_BUILD_TYPE=Release']'
[0.374s] [34mcolcon.colcon_core.verb[0m [1;30mLevel 5[0m set package 'melfa_rv5as_moveit_config' build argument 'cmake_target' from command line to 'None'
[0.374s] [34mcolcon.colcon_core.verb[0m [1;30mLevel 5[0m set package 'melfa_rv5as_moveit_config' build argument 'cmake_target_skip_unavailable' from command line to 'False'
[0.374s] [34mcolcon.colcon_core.verb[0m [1;30mLevel 5[0m set package 'melfa_rv5as_moveit_config' build argument 'cmake_clean_cache' from command line to 'False'
[0.374s] [34mcolcon.colcon_core.verb[0m [1;30mLevel 5[0m set package 'melfa_rv5as_moveit_config' build argument 'cmake_clean_first' from command line to 'False'
[0.374s] [34mcolcon.colcon_core.verb[0m [1;30mLevel 5[0m set package 'melfa_rv5as_moveit_config' build argument 'cmake_force_configure' from command line to 'False'
[0.374s] [34mcolcon.colcon_core.verb[0m [1;30mLevel 5[0m set package 'melfa_rv5as_moveit_config' build argument 'ament_cmake_args' from command line to 'None'
[0.374s] [34mcolcon.colcon_core.verb[0m [1;30mLevel 5[0m set package 'melfa_rv5as_moveit_config' build argument 'catkin_cmake_args' from command line to 'None'
[0.374s] [34mcolcon.colcon_core.verb[0m [1;30mLevel 5[0m set package 'melfa_rv5as_moveit_config' build argument 'catkin_skip_building_tests' from command line to 'False'
[0.374s] [34mcolcon.colcon_core.verb[0m [1;30mDEBUG[0m [32mBuilding package 'melfa_rv5as_moveit_config' with the following arguments: {'ament_cmake_args': None, 'build_base': '/home/ram/melfa_ros2/build/melfa_rv5as_moveit_config', 'catkin_cmake_args': None, 'catkin_skip_building_tests': False, 'cmake_args': ['-DCMAKE_BUILD_TYPE=Release'], 'cmake_clean_cache': False, 'cmake_clean_first': False, 'cmake_force_configure': False, 'cmake_target': None, 'cmake_target_skip_unavailable': False, 'install_base': '/home/ram/melfa_ros2/install/melfa_rv5as_moveit_config', 'merge_install': False, 'path': '/home/ram/melfa_ros2/src/melfa_ros2_driver/melfa_moveit_config/melfa_rv5as_moveit_config', 'symlink_install': False, 'test_result_base': None}[0m
[0.375s] [34mcolcon.colcon_core.verb[0m [1;30mLevel 5[0m set package 'melfa_rv7frl_moveit_config' build argument 'cmake_args' from command line to '['-DCMAKE_BUILD_TYPE=Release']'
[0.375s] [34mcolcon.colcon_core.verb[0m [1;30mLevel 5[0m set package 'melfa_rv7frl_moveit_config' build argument 'cmake_target' from command line to 'None'
[0.375s] [34mcolcon.colcon_core.verb[0m [1;30mLevel 5[0m set package 'melfa_rv7frl_moveit_config' build argument 'cmake_target_skip_unavailable' from command line to 'False'
[0.375s] [34mcolcon.colcon_core.verb[0m [1;30mLevel 5[0m set package 'melfa_rv7frl_moveit_config' build argument 'cmake_clean_cache' from command line to 'False'
[0.375s] [34mcolcon.colcon_core.verb[0m [1;30mLevel 5[0m set package 'melfa_rv7frl_moveit_config' build argument 'cmake_clean_first' from command line to 'False'
[0.375s] [34mcolcon.colcon_core.verb[0m [1;30mLevel 5[0m set package 'melfa_rv7frl_moveit_config' build argument 'cmake_force_configure' from command line to 'False'
[0.375s] [34mcolcon.colcon_core.verb[0m [1;30mLevel 5[0m set package 'melfa_rv7frl_moveit_config' build argument 'ament_cmake_args' from command line to 'None'
[0.375s] [34mcolcon.colcon_core.verb[0m [1;30mLevel 5[0m set package 'melfa_rv7frl_moveit_config' build argument 'catkin_cmake_args' from command line to 'None'
[0.375s] [34mcolcon.colcon_core.verb[0m [1;30mLevel 5[0m set package 'melfa_rv7frl_moveit_config' build argument 'catkin_skip_building_tests' from command line to 'False'
[0.375s] [34mcolcon.colcon_core.verb[0m [1;30mDEBUG[0m [32mBuilding package 'melfa_rv7frl_moveit_config' with the following arguments: {'ament_cmake_args': None, 'build_base': '/home/ram/melfa_ros2/build/melfa_rv7frl_moveit_config', 'catkin_cmake_args': None, 'catkin_skip_building_tests': False, 'cmake_args': ['-DCMAKE_BUILD_TYPE=Release'], 'cmake_clean_cache': False, 'cmake_clean_first': False, 'cmake_force_configure': False, 'cmake_target': None, 'cmake_target_skip_unavailable': False, 'install_base': '/home/ram/melfa_ros2/install/melfa_rv7frl_moveit_config', 'merge_install': False, 'path': '/home/ram/melfa_ros2/src/melfa_ros2_driver/melfa_moveit_config/melfa_rv7frl_moveit_config', 'symlink_install': False, 'test_result_base': None}[0m
[0.375s] [34mcolcon.colcon_core.verb[0m [1;30mLevel 5[0m set package 'melfa_rv80fr_moveit_config' build argument 'cmake_args' from command line to '['-DCMAKE_BUILD_TYPE=Release']'
[0.375s] [34mcolcon.colcon_core.verb[0m [1;30mLevel 5[0m set package 'melfa_rv80fr_moveit_config' build argument 'cmake_target' from command line to 'None'
[0.375s] [34mcolcon.colcon_core.verb[0m [1;30mLevel 5[0m set package 'melfa_rv80fr_moveit_config' build argument 'cmake_target_skip_unavailable' from command line to 'False'
[0.375s] [34mcolcon.colcon_core.verb[0m [1;30mLevel 5[0m set package 'melfa_rv80fr_moveit_config' build argument 'cmake_clean_cache' from command line to 'False'
[0.375s] [34mcolcon.colcon_core.verb[0m [1;30mLevel 5[0m set package 'melfa_rv80fr_moveit_config' build argument 'cmake_clean_first' from command line to 'False'
[0.375s] [34mcolcon.colcon_core.verb[0m [1;30mLevel 5[0m set package 'melfa_rv80fr_moveit_config' build argument 'cmake_force_configure' from command line to 'False'
[0.375s] [34mcolcon.colcon_core.verb[0m [1;30mLevel 5[0m set package 'melfa_rv80fr_moveit_config' build argument 'ament_cmake_args' from command line to 'None'
[0.375s] [34mcolcon.colcon_core.verb[0m [1;30mLevel 5[0m set package 'melfa_rv80fr_moveit_config' build argument 'catkin_cmake_args' from command line to 'None'
[0.375s] [34mcolcon.colcon_core.verb[0m [1;30mLevel 5[0m set package 'melfa_rv80fr_moveit_config' build argument 'catkin_skip_building_tests' from command line to 'False'
[0.375s] [34mcolcon.colcon_core.verb[0m [1;30mDEBUG[0m [32mBuilding package 'melfa_rv80fr_moveit_config' with the following arguments: {'ament_cmake_args': None, 'build_base': '/home/ram/melfa_ros2/build/melfa_rv80fr_moveit_config', 'catkin_cmake_args': None, 'catkin_skip_building_tests': False, 'cmake_args': ['-DCMAKE_BUILD_TYPE=Release'], 'cmake_clean_cache': False, 'cmake_clean_first': False, 'cmake_force_configure': False, 'cmake_target': None, 'cmake_target_skip_unavailable': False, 'install_base': '/home/ram/melfa_ros2/install/melfa_rv80fr_moveit_config', 'merge_install': False, 'path': '/home/ram/melfa_ros2/src/melfa_ros2_driver/melfa_moveit_config/melfa_rv80fr_moveit_config', 'symlink_install': False, 'test_result_base': None}[0m
[0.375s] [34mcolcon.colcon_core.verb[0m [1;30mLevel 5[0m set package 'melfa_rv8crl_moveit_config' build argument 'cmake_args' from command line to '['-DCMAKE_BUILD_TYPE=Release']'
[0.375s] [34mcolcon.colcon_core.verb[0m [1;30mLevel 5[0m set package 'melfa_rv8crl_moveit_config' build argument 'cmake_target' from command line to 'None'
[0.375s] [34mcolcon.colcon_core.verb[0m [1;30mLevel 5[0m set package 'melfa_rv8crl_moveit_config' build argument 'cmake_target_skip_unavailable' from command line to 'False'
[0.375s] [34mcolcon.colcon_core.verb[0m [1;30mLevel 5[0m set package 'melfa_rv8crl_moveit_config' build argument 'cmake_clean_cache' from command line to 'False'
[0.375s] [34mcolcon.colcon_core.verb[0m [1;30mLevel 5[0m set package 'melfa_rv8crl_moveit_config' build argument 'cmake_clean_first' from command line to 'False'
[0.375s] [34mcolcon.colcon_core.verb[0m [1;30mLevel 5[0m set package 'melfa_rv8crl_moveit_config' build argument 'cmake_force_configure' from command line to 'False'
[0.375s] [34mcolcon.colcon_core.verb[0m [1;30mLevel 5[0m set package 'melfa_rv8crl_moveit_config' build argument 'ament_cmake_args' from command line to 'None'
[0.375s] [34mcolcon.colcon_core.verb[0m [1;30mLevel 5[0m set package 'melfa_rv8crl_moveit_config' build argument 'catkin_cmake_args' from command line to 'None'
[0.375s] [34mcolcon.colcon_core.verb[0m [1;30mLevel 5[0m set package 'melfa_rv8crl_moveit_config' build argument 'catkin_skip_building_tests' from command line to 'False'
[0.375s] [34mcolcon.colcon_core.verb[0m [1;30mDEBUG[0m [32mBuilding package 'melfa_rv8crl_moveit_config' with the following arguments: {'ament_cmake_args': None, 'build_base': '/home/ram/melfa_ros2/build/melfa_rv8crl_moveit_config', 'catkin_cmake_args': None, 'catkin_skip_building_tests': False, 'cmake_args': ['-DCMAKE_BUILD_TYPE=Release'], 'cmake_clean_cache': False, 'cmake_clean_first': False, 'cmake_force_configure': False, 'cmake_target': None, 'cmake_target_skip_unavailable': False, 'install_base': '/home/ram/melfa_ros2/install/melfa_rv8crl_moveit_config', 'merge_install': False, 'path': '/home/ram/melfa_ros2/src/melfa_ros2_driver/melfa_moveit_config/melfa_rv8crl_moveit_config', 'symlink_install': False, 'test_result_base': None}[0m
[0.375s] [34mcolcon.colcon_core.executor[0m [1;30mINFO[0m Executing jobs using 'parallel' executor
[0.376s] [34mcolcon.colcon_parallel_executor.executor.parallel[0m [1;30mDEBUG[0m [32mrun_until_complete[0m
[0.377s] [34mcolcon.colcon_ros.task.ament_cmake.build[0m [1;30mINFO[0m Building ROS package in '/home/ram/melfa_ros2/src/xacro' with build type 'ament_cmake'
[0.377s] [34mcolcon.colcon_cmake.task.cmake.build[0m [1;30mINFO[0m Building CMake package in '/home/ram/melfa_ros2/src/xacro'
[0.381s] [34mcolcon.colcon_core.plugin_system[0m [1;30mINFO[0m Skipping extension 'colcon_core.shell.bat': Not used on non-Windows systems
[0.381s] [34mcolcon.colcon_core.shell[0m [1;30mINFO[0m Skip shell extension 'powershell' for command environment: Not usable outside of PowerShell
[0.381s] [34mcolcon.colcon_core.shell[0m [1;30mDEBUG[0m [32mSkip shell extension 'dsv' for command environment[0m
[0.385s] [34mcolcon.colcon_ros.task.ament_cmake.build[0m [1;30mINFO[0m Building ROS package in '/home/ram/melfa_ros2/src/melfa_ros2_driver/melfa_msgs' with build type 'ament_cmake'
[0.385s] [34mcolcon.colcon_cmake.task.cmake.build[0m [1;30mINFO[0m Building CMake package in '/home/ram/melfa_ros2/src/melfa_ros2_driver/melfa_msgs'
[0.385s] [34mcolcon.colcon_core.shell[0m [1;30mINFO[0m Skip shell extension 'powershell' for command environment: Not usable outside of PowerShell
[0.385s] [34mcolcon.colcon_core.shell[0m [1;30mDEBUG[0m [32mSkip shell extension 'dsv' for command environment[0m
[0.392s] [34mcolcon.colcon_ros.task.ament_python.build[0m [1;30mINFO[0m Building ROS package in '/home/ram/melfa_ros2/src/milf_on_top' with build type 'ament_python'
[0.392s] [34mcolcon.colcon_core.shell[0m [1;30mLevel 1[0m create_environment_hook('milf_on_top', 'ament_prefix_path')
[0.392s] [34mcolcon.colcon_core.shell[0m [1;30mINFO[0m Creating environment hook '/home/ram/melfa_ros2/install/milf_on_top/share/milf_on_top/hook/ament_prefix_path.ps1'
[0.394s] [34mcolcon.colcon_core.shell[0m [1;30mINFO[0m Creating environment descriptor '/home/ram/melfa_ros2/install/milf_on_top/share/milf_on_top/hook/ament_prefix_path.dsv'
[0.395s] [34mcolcon.colcon_core.shell[0m [1;30mINFO[0m Creating environment hook '/home/ram/melfa_ros2/install/milf_on_top/share/milf_on_top/hook/ament_prefix_path.sh'
[0.396s] [34mcolcon.colcon_core.shell[0m [1;30mINFO[0m Skip shell extension 'powershell' for command environment: Not usable outside of PowerShell
[0.396s] [34mcolcon.colcon_core.shell[0m [1;30mDEBUG[0m [32mSkip shell extension 'dsv' for command environment[0m
[0.404s] [34mcolcon.colcon_core.event_handler.log_command[0m [1;30mDEBUG[0m [32mInvoking command in '/home/ram/melfa_ros2/build/xacro': CMAKE_PREFIX_PATH=${CMAKE_PREFIX_PATH}:/home/ram/cognipilot/cranium/install/b3rb_ros_line_follower:/opt/ros/humble /usr/bin/cmake /home/ram/melfa_ros2/src/xacro -DCMAKE_BUILD_TYPE=Release -DCMAKE_INSTALL_PREFIX=/home/ram/melfa_ros2/install/xacro[0m
[0.407s] [34mcolcon.colcon_core.event_handler.log_command[0m [1;30mDEBUG[0m [32mInvoking command in '/home/ram/melfa_ros2/build/melfa_msgs': CMAKE_PREFIX_PATH=${CMAKE_PREFIX_PATH}:/home/ram/cognipilot/cranium/install/b3rb_ros_line_follower:/opt/ros/humble /usr/bin/cmake /home/ram/melfa_ros2/src/melfa_ros2_driver/melfa_msgs -DCMAKE_BUILD_TYPE=Release -DCMAKE_INSTALL_PREFIX=/home/ram/melfa_ros2/install/melfa_msgs[0m
[0.563s] [34mcolcon.colcon_core.task.python.build[0m [1;30mINFO[0m Building Python package in '/home/ram/melfa_ros2/src/milf_on_top'
[0.563s] [34mcolcon.colcon_core.shell[0m [1;30mINFO[0m Skip shell extension 'powershell' for command environment: Not usable outside of PowerShell
[0.563s] [34mcolcon.colcon_core.shell[0m [1;30mDEBUG[0m [32mSkip shell extension 'dsv' for command environment[0m
[0.855s] [34mcolcon.colcon_core.event_handler.log_command[0m [1;30mDEBUG[0m [32mInvoked command in '/home/ram/melfa_ros2/build/xacro' returned '0': CMAKE_PREFIX_PATH=${CMAKE_PREFIX_PATH}:/home/ram/cognipilot/cranium/install/b3rb_ros_line_follower:/opt/ros/humble /usr/bin/cmake /home/ram/melfa_ros2/src/xacro -DCMAKE_BUILD_TYPE=Release -DCMAKE_INSTALL_PREFIX=/home/ram/melfa_ros2/install/xacro[0m
[0.857s] [34mcolcon.colcon_core.event_handler.log_command[0m [1;30mDEBUG[0m [32mInvoking command in '/home/ram/melfa_ros2/build/xacro': CMAKE_PREFIX_PATH=${CMAKE_PREFIX_PATH}:/home/ram/cognipilot/cranium/install/b3rb_ros_line_follower:/opt/ros/humble /usr/bin/cmake --build /home/ram/melfa_ros2/build/xacro -- -j16 -l16[0m
[1.188s] [34mcolcon.colcon_core.task.python.build[0m [1;30mDEBUG[0m [32mAvailable setuptools commands: bdist_dumb, saveopts, dist_info, install_data, bdist_rpm, build_scripts, bdist_egg, bdist_wheel, install_egg_info, extract_messages, check, easy_install, editable_wheel, bdist, nosetests, init_catalog, clean, build, install_headers, update_catalog, install, symlink_data, build_clib, build_ext, install_scripts, sdist, compile_catalog, build_py, alias, egg_info, develop, setopt, rotate, install_lib[0m
[1.191s] [34mcolcon.colcon_core.event_handler.log_command[0m [1;30mDEBUG[0m [32mInvoking command in '/home/ram/melfa_ros2/src/milf_on_top': PYTHONPATH=/home/ram/melfa_ros2/build/milf_on_top/prefix_override:/usr/lib/python3/dist-packages/colcon_core/task/python/colcon_distutils_commands:/home/ram/melfa_ros2/install/milf_on_top/lib/python3.10/site-packages:${PYTHONPATH} /usr/bin/python3 -W ignore:setup.py install is deprecated -W ignore:easy_install command is deprecated setup.py egg_info --egg-base ../../build/milf_on_top build --build-base /home/ram/melfa_ros2/build/milf_on_top/build install --record /home/ram/melfa_ros2/build/milf_on_top/install.log --install-scripts $base/lib/milf_on_top --single-version-externally-managed install_data[0m
[1.196s] [34mcolcon.colcon_core.event_handler.log_command[0m [1;30mDEBUG[0m [32mInvoked command in '/home/ram/melfa_ros2/build/xacro' returned '0': CMAKE_PREFIX_PATH=${CMAKE_PREFIX_PATH}:/home/ram/cognipilot/cranium/install/b3rb_ros_line_follower:/opt/ros/humble /usr/bin/cmake --build /home/ram/melfa_ros2/build/xacro -- -j16 -l16[0m
[1.204s] [34mcolcon.colcon_core.event_handler.log_command[0m [1;30mDEBUG[0m [32mInvoking command in '/home/ram/melfa_ros2/build/xacro': CMAKE_PREFIX_PATH=${CMAKE_PREFIX_PATH}:/home/ram/cognipilot/cranium/install/b3rb_ros_line_follower:/opt/ros/humble /usr/bin/cmake --install /home/ram/melfa_ros2/build/xacro[0m
[1.241s] [34mcolcon.colcon_core.environment[0m [1;30mLevel 1[0m create_environment_scripts_only(xacro)
[1.241s] [34mcolcon.colcon_core.event_handler.log_command[0m [1;30mDEBUG[0m [32mInvoked command in '/home/ram/melfa_ros2/build/xacro' returned '0': CMAKE_PREFIX_PATH=${CMAKE_PREFIX_PATH}:/home/ram/cognipilot/cranium/install/b3rb_ros_line_follower:/opt/ros/humble /usr/bin/cmake --install /home/ram/melfa_ros2/build/xacro[0m
[1.246s] [34mcolcon.colcon_core.environment[0m [1;30mLevel 1[0m checking '/home/ram/melfa_ros2/install/xacro' for CMake module files
[1.246s] [34mcolcon.colcon_core.environment[0m [1;30mLevel 1[0m checking '/home/ram/melfa_ros2/install/xacro' for CMake config files
[1.246s] [34mcolcon.colcon_core.shell[0m [1;30mLevel 1[0m create_environment_hook('xacro', 'cmake_prefix_path')
[1.246s] [34mcolcon.colcon_core.shell[0m [1;30mINFO[0m Creating environment hook '/home/ram/melfa_ros2/install/xacro/share/xacro/hook/cmake_prefix_path.ps1'
[1.247s] [34mcolcon.colcon_core.shell[0m [1;30mINFO[0m Creating environment descriptor '/home/ram/melfa_ros2/install/xacro/share/xacro/hook/cmake_prefix_path.dsv'
[1.247s] [34mcolcon.colcon_core.shell[0m [1;30mINFO[0m Creating environment hook '/home/ram/melfa_ros2/install/xacro/share/xacro/hook/cmake_prefix_path.sh'
[1.247s] [34mcolcon.colcon_core.environment[0m [1;30mLevel 1[0m checking '/home/ram/melfa_ros2/install/xacro/lib'
[1.248s] [34mcolcon.colcon_core.environment[0m [1;30mLevel 1[0m checking '/home/ram/melfa_ros2/install/xacro/bin'
[1.248s] [34mcolcon.colcon_core.shell[0m [1;30mLevel 1[0m create_environment_hook('xacro', 'path')
[1.248s] [34mcolcon.colcon_core.shell[0m [1;30mINFO[0m Creating environment hook '/home/ram/melfa_ros2/install/xacro/share/xacro/hook/path.ps1'
[1.248s] [34mcolcon.colcon_core.shell[0m [1;30mINFO[0m Creating environment descriptor '/home/ram/melfa_ros2/install/xacro/share/xacro/hook/path.dsv'
[1.248s] [34mcolcon.colcon_core.shell[0m [1;30mINFO[0m Creating environment hook '/home/ram/melfa_ros2/install/xacro/share/xacro/hook/path.sh'
[1.248s] [34mcolcon.colcon_core.environment[0m [1;30mLevel 1[0m checking '/home/ram/melfa_ros2/install/xacro/lib/pkgconfig/xacro.pc'
[1.249s] [34mcolcon.colcon_core.environment[0m [1;30mLevel 1[0m checking '/home/ram/melfa_ros2/install/xacro/lib/python3.10/site-packages'
[1.249s] [34mcolcon.colcon_core.environment[0m [1;30mLevel 1[0m checking '/home/ram/melfa_ros2/install/xacro/bin'
[1.249s] [34mcolcon.colcon_core.shell[0m [1;30mLevel 1[0m create_environment_hook('xacro', 'pythonscriptspath')
[1.249s] [34mcolcon.colcon_core.shell[0m [1;30mINFO[0m Creating environment hook '/home/ram/melfa_ros2/install/xacro/share/xacro/hook/pythonscriptspath.ps1'
[1.249s] [34mcolcon.colcon_core.shell[0m [1;30mINFO[0m Creating environment descriptor '/home/ram/melfa_ros2/install/xacro/share/xacro/hook/pythonscriptspath.dsv'
[1.249s] [34mcolcon.colcon_core.shell[0m [1;30mINFO[0m Creating environment hook '/home/ram/melfa_ros2/install/xacro/share/xacro/hook/pythonscriptspath.sh'
[1.250s] [34mcolcon.colcon_core.shell[0m [1;30mINFO[0m Creating package script '/home/ram/melfa_ros2/install/xacro/share/xacro/package.ps1'
[1.251s] [34mcolcon.colcon_core.shell[0m [1;30mINFO[0m Creating package descriptor '/home/ram/melfa_ros2/install/xacro/share/xacro/package.dsv'
[1.252s] [34mcolcon.colcon_core.shell[0m [1;30mINFO[0m Creating package script '/home/ram/melfa_ros2/install/xacro/share/xacro/package.sh'
[1.252s] [34mcolcon.colcon_core.shell[0m [1;30mINFO[0m Creating package script '/home/ram/melfa_ros2/install/xacro/share/xacro/package.bash'
[1.254s] [34mcolcon.colcon_core.shell[0m [1;30mINFO[0m Creating package script '/home/ram/melfa_ros2/install/xacro/share/xacro/package.zsh'
[1.254s] [34mcolcon.colcon_core.environment[0m [1;30mLevel 1[0m create_file_with_runtime_dependencies(/home/ram/melfa_ros2/install/xacro/share/colcon-core/packages/xacro)
[1.255s] [34mcolcon.colcon_core.environment[0m [1;30mLevel 1[0m create_environment_scripts_only(xacro)
[1.255s] [34mcolcon.colcon_core.environment[0m [1;30mLevel 1[0m checking '/home/ram/melfa_ros2/install/xacro' for CMake module files
[1.255s] [34mcolcon.colcon_core.environment[0m [1;30mLevel 1[0m checking '/home/ram/melfa_ros2/install/xacro' for CMake config files
[1.255s] [34mcolcon.colcon_core.shell[0m [1;30mLevel 1[0m create_environment_hook('xacro', 'cmake_prefix_path')
[1.255s] [34mcolcon.colcon_core.shell[0m [1;30mINFO[0m Creating environment hook '/home/ram/melfa_ros2/install/xacro/share/xacro/hook/cmake_prefix_path.ps1'
[1.256s] [34mcolcon.colcon_core.shell[0m [1;30mINFO[0m Creating environment descriptor '/home/ram/melfa_ros2/install/xacro/share/xacro/hook/cmake_prefix_path.dsv'
[1.256s] [34mcolcon.colcon_core.shell[0m [1;30mINFO[0m Creating environment hook '/home/ram/melfa_ros2/install/xacro/share/xacro/hook/cmake_prefix_path.sh'
[1.256s] [34mcolcon.colcon_core.environment[0m [1;30mLevel 1[0m checking '/home/ram/melfa_ros2/install/xacro/lib'
[1.256s] [34mcolcon.colcon_core.environment[0m [1;30mLevel 1[0m checking '/home/ram/melfa_ros2/install/xacro/bin'
[1.256s] [34mcolcon.colcon_core.shell[0m [1;30mLevel 1[0m create_environment_hook('xacro', 'path')
[1.256s] [34mcolcon.colcon_core.shell[0m [1;30mINFO[0m Creating environment hook '/home/ram/melfa_ros2/install/xacro/share/xacro/hook/path.ps1'
[1.257s] [34mcolcon.colcon_core.shell[0m [1;30mINFO[0m Creating environment descriptor '/home/ram/melfa_ros2/install/xacro/share/xacro/hook/path.dsv'
[1.257s] [34mcolcon.colcon_core.shell[0m [1;30mINFO[0m Creating environment hook '/home/ram/melfa_ros2/install/xacro/share/xacro/hook/path.sh'
[1.257s] [34mcolcon.colcon_core.environment[0m [1;30mLevel 1[0m checking '/home/ram/melfa_ros2/install/xacro/lib/pkgconfig/xacro.pc'
[1.257s] [34mcolcon.colcon_core.environment[0m [1;30mLevel 1[0m checking '/home/ram/melfa_ros2/install/xacro/lib/python3.10/site-packages'
[1.257s] [34mcolcon.colcon_core.environment[0m [1;30mLevel 1[0m checking '/home/ram/melfa_ros2/install/xacro/bin'
[1.258s] [34mcolcon.colcon_core.shell[0m [1;30mLevel 1[0m create_environment_hook('xacro', 'pythonscriptspath')
[1.258s] [34mcolcon.colcon_core.shell[0m [1;30mINFO[0m Creating environment hook '/home/ram/melfa_ros2/install/xacro/share/xacro/hook/pythonscriptspath.ps1'
[1.258s] [34mcolcon.colcon_core.shell[0m [1;30mINFO[0m Creating environment descriptor '/home/ram/melfa_ros2/install/xacro/share/xacro/hook/pythonscriptspath.dsv'
[1.258s] [34mcolcon.colcon_core.shell[0m [1;30mINFO[0m Creating environment hook '/home/ram/melfa_ros2/install/xacro/share/xacro/hook/pythonscriptspath.sh'
[1.259s] [34mcolcon.colcon_core.shell[0m [1;30mINFO[0m Creating package script '/home/ram/melfa_ros2/install/xacro/share/xacro/package.ps1'
[1.259s] [34mcolcon.colcon_core.shell[0m [1;30mINFO[0m Creating package descriptor '/home/ram/melfa_ros2/install/xacro/share/xacro/package.dsv'
[1.260s] [34mcolcon.colcon_core.shell[0m [1;30mINFO[0m Creating package script '/home/ram/melfa_ros2/install/xacro/share/xacro/package.sh'
[1.260s] [34mcolcon.colcon_core.shell[0m [1;30mINFO[0m Creating package script '/home/ram/melfa_ros2/install/xacro/share/xacro/package.bash'
[1.260s] [34mcolcon.colcon_core.shell[0m [1;30mINFO[0m Creating package script '/home/ram/melfa_ros2/install/xacro/share/xacro/package.zsh'
[1.260s] [34mcolcon.colcon_core.environment[0m [1;30mLevel 1[0m create_file_with_runtime_dependencies(/home/ram/melfa_ros2/install/xacro/share/colcon-core/packages/xacro)
[1.260s] [34mcolcon.colcon_ros.task.ament_cmake.build[0m [1;30mINFO[0m Building ROS package in '/home/ram/melfa_ros2/src/melfa_ros2_driver/melfa_description' with build type 'ament_cmake'
[1.261s] [34mcolcon.colcon_cmake.task.cmake.build[0m [1;30mINFO[0m Building CMake package in '/home/ram/melfa_ros2/src/melfa_ros2_driver/melfa_description'
[1.261s] [34mcolcon.colcon_core.shell[0m [1;30mINFO[0m Skip shell extension 'powershell' for command environment: Not usable outside of PowerShell
[1.261s] [34mcolcon.colcon_core.shell[0m [1;30mDEBUG[0m [32mSkip shell extension 'dsv' for command environment[0m
[1.264s] [34mcolcon.colcon_ros.task.ament_cmake.build[0m [1;30mINFO[0m Building ROS package in '/home/ram/melfa_ros2/src/melfa_ros2_driver/melfa_bringup' with build type 'ament_cmake'
[1.264s] [34mcolcon.colcon_cmake.task.cmake.build[0m [1;30mINFO[0m Building CMake package in '/home/ram/melfa_ros2/src/melfa_ros2_driver/melfa_bringup'
[1.264s] [34mcolcon.colcon_core.shell[0m [1;30mINFO[0m Skip shell extension 'powershell' for command environment: Not usable outside of PowerShell
[1.264s] [34mcolcon.colcon_core.shell[0m [1;30mDEBUG[0m [32mSkip shell extension 'dsv' for command environment[0m
[1.272s] [34mcolcon.colcon_core.event_handler.log_command[0m [1;30mDEBUG[0m [32mInvoking command in '/home/ram/melfa_ros2/build/melfa_description': AMENT_PREFIX_PATH=/home/ram/melfa_ros2/install/xacro:${AMENT_PREFIX_PATH} CMAKE_PREFIX_PATH=/home/ram/melfa_ros2/install/xacro:/home/ram/cognipilot/cranium/install/synapse_ros:/home/ram/cognipilot/cranium/install/synapse_gz:/home/ram/cognipilot/cranium/install/synapse_tinyframe:/home/ram/cognipilot/cranium/install/synapse_protobuf:/home/ram/cognipilot/cranium/install/corti:/home/ram/cognipilot/cranium/install/synapse_msgs:/home/ram/cognipilot/cranium/install/dream_world:/home/ram/cognipilot/cranium/install/cerebri_bringup:/home/ram/cognipilot/cranium/install/b3rb_simulator:/home/ram/cognipilot/cranium/install/b3rb_desktop:/home/ram/cognipilot/cranium/install/b3rb_rviz:/home/ram/cognipilot/cranium/install/b3rb_nav2:/home/ram/cognipilot/cranium/install/b3rb_gz_resource:/home/ram/cognipilot/cranium/install/b3rb_gz_bringup:/home/ram/cognipilot/cranium/install/b3rb_description:/home/ram/cognipilot/electrode/install/electrode:/home/ram/cognipilot/cranium/install/b3rb_ros_line_follower:/opt/ros/humble PATH=/home/ram/melfa_ros2/install/xacro/bin:${PATH} PYTHONPATH=/home/ram/melfa_ros2/install/xacro/local/lib/python3.10/dist-packages:${PYTHONPATH} /usr/bin/cmake /home/ram/melfa_ros2/src/melfa_ros2_driver/melfa_description -DCMAKE_BUILD_TYPE=Release -DCMAKE_INSTALL_PREFIX=/home/ram/melfa_ros2/install/melfa_description[0m
[1.275s] [34mcolcon.colcon_core.event_handler.log_command[0m [1;30mDEBUG[0m [32mInvoking command in '/home/ram/melfa_ros2/build/melfa_bringup': AMENT_PREFIX_PATH=/home/ram/melfa_ros2/install/xacro:${AMENT_PREFIX_PATH} CMAKE_PREFIX_PATH=/home/ram/melfa_ros2/install/xacro:/home/ram/cognipilot/cranium/install/synapse_ros:/home/ram/cognipilot/cranium/install/synapse_gz:/home/ram/cognipilot/cranium/install/synapse_tinyframe:/home/ram/cognipilot/cranium/install/synapse_protobuf:/home/ram/cognipilot/cranium/install/corti:/home/ram/cognipilot/cranium/install/synapse_msgs:/home/ram/cognipilot/cranium/install/dream_world:/home/ram/cognipilot/cranium/install/cerebri_bringup:/home/ram/cognipilot/cranium/install/b3rb_simulator:/home/ram/cognipilot/cranium/install/b3rb_desktop:/home/ram/cognipilot/cranium/install/b3rb_rviz:/home/ram/cognipilot/cranium/install/b3rb_nav2:/home/ram/cognipilot/cranium/install/b3rb_gz_resource:/home/ram/cognipilot/cranium/install/b3rb_gz_bringup:/home/ram/cognipilot/cranium/install/b3rb_description:/home/ram/cognipilot/electrode/install/electrode:/home/ram/cognipilot/cranium/install/b3rb_ros_line_follower:/opt/ros/humble PATH=/home/ram/melfa_ros2/install/xacro/bin:${PATH} PYTHONPATH=/home/ram/melfa_ros2/install/xacro/local/lib/python3.10/dist-packages:${PYTHONPATH} /usr/bin/cmake /home/ram/melfa_ros2/src/melfa_ros2_driver/melfa_bringup -DCMAKE_BUILD_TYPE=Release -DCMAKE_INSTALL_PREFIX=/home/ram/melfa_ros2/install/melfa_bringup[0m
[1.441s] [34mcolcon.colcon_core.event_handler.log_command[0m [1;30mDEBUG[0m [32mInvoked command in '/home/ram/melfa_ros2/build/melfa_msgs' returned '0': CMAKE_PREFIX_PATH=${CMAKE_PREFIX_PATH}:/home/ram/cognipilot/cranium/install/b3rb_ros_line_follower:/opt/ros/humble /usr/bin/cmake /home/ram/melfa_ros2/src/melfa_ros2_driver/melfa_msgs -DCMAKE_BUILD_TYPE=Release -DCMAKE_INSTALL_PREFIX=/home/ram/melfa_ros2/install/melfa_msgs[0m
[1.442s] [34mcolcon.colcon_core.event_handler.log_command[0m [1;30mDEBUG[0m [32mInvoking command in '/home/ram/melfa_ros2/build/melfa_msgs': CMAKE_PREFIX_PATH=${CMAKE_PREFIX_PATH}:/home/ram/cognipilot/cranium/install/b3rb_ros_line_follower:/opt/ros/humble /usr/bin/cmake --build /home/ram/melfa_ros2/build/melfa_msgs -- -j16 -l16[0m
[1.465s] [34mcolcon.colcon_core.event_handler.log_command[0m [1;30mDEBUG[0m [32mInvoked command in '/home/ram/melfa_ros2/build/melfa_bringup' returned '0': AMENT_PREFIX_PATH=/home/ram/melfa_ros2/install/xacro:${AMENT_PREFIX_PATH} CMAKE_PREFIX_PATH=/home/ram/melfa_ros2/install/xacro:/home/ram/cognipilot/cranium/install/synapse_ros:/home/ram/cognipilot/cranium/install/synapse_gz:/home/ram/cognipilot/cranium/install/synapse_tinyframe:/home/ram/cognipilot/cranium/install/synapse_protobuf:/home/ram/cognipilot/cranium/install/corti:/home/ram/cognipilot/cranium/install/synapse_msgs:/home/ram/cognipilot/cranium/install/dream_world:/home/ram/cognipilot/cranium/install/cerebri_bringup:/home/ram/cognipilot/cranium/install/b3rb_simulator:/home/ram/cognipilot/cranium/install/b3rb_desktop:/home/ram/cognipilot/cranium/install/b3rb_rviz:/home/ram/cognipilot/cranium/install/b3rb_nav2:/home/ram/cognipilot/cranium/install/b3rb_gz_resource:/home/ram/cognipilot/cranium/install/b3rb_gz_bringup:/home/ram/cognipilot/cranium/install/b3rb_description:/home/ram/cognipilot/electrode/install/electrode:/home/ram/cognipilot/cranium/install/b3rb_ros_line_follower:/opt/ros/humble PATH=/home/ram/melfa_ros2/install/xacro/bin:${PATH} PYTHONPATH=/home/ram/melfa_ros2/install/xacro/local/lib/python3.10/dist-packages:${PYTHONPATH} /usr/bin/cmake /home/ram/melfa_ros2/src/melfa_ros2_driver/melfa_bringup -DCMAKE_BUILD_TYPE=Release -DCMAKE_INSTALL_PREFIX=/home/ram/melfa_ros2/install/melfa_bringup[0m
[1.466s] [34mcolcon.colcon_core.event_handler.log_command[0m [1;30mDEBUG[0m [32mInvoking command in '/home/ram/melfa_ros2/build/melfa_bringup': AMENT_PREFIX_PATH=/home/ram/melfa_ros2/install/xacro:${AMENT_PREFIX_PATH} CMAKE_PREFIX_PATH=/home/ram/melfa_ros2/install/xacro:/home/ram/cognipilot/cranium/install/synapse_ros:/home/ram/cognipilot/cranium/install/synapse_gz:/home/ram/cognipilot/cranium/install/synapse_tinyframe:/home/ram/cognipilot/cranium/install/synapse_protobuf:/home/ram/cognipilot/cranium/install/corti:/home/ram/cognipilot/cranium/install/synapse_msgs:/home/ram/cognipilot/cranium/install/dream_world:/home/ram/cognipilot/cranium/install/cerebri_bringup:/home/ram/cognipilot/cranium/install/b3rb_simulator:/home/ram/cognipilot/cranium/install/b3rb_desktop:/home/ram/cognipilot/cranium/install/b3rb_rviz:/home/ram/cognipilot/cranium/install/b3rb_nav2:/home/ram/cognipilot/cranium/install/b3rb_gz_resource:/home/ram/cognipilot/cranium/install/b3rb_gz_bringup:/home/ram/cognipilot/cranium/install/b3rb_description:/home/ram/cognipilot/electrode/install/electrode:/home/ram/cognipilot/cranium/install/b3rb_ros_line_follower:/opt/ros/humble PATH=/home/ram/melfa_ros2/install/xacro/bin:${PATH} PYTHONPATH=/home/ram/melfa_ros2/install/xacro/local/lib/python3.10/dist-packages:${PYTHONPATH} /usr/bin/cmake --build /home/ram/melfa_ros2/build/melfa_bringup -- -j16 -l16[0m
[1.496s] [34mcolcon.colcon_core.event_handler.log_command[0m [1;30mDEBUG[0m [32mInvoked command in '/home/ram/melfa_ros2/build/melfa_bringup' returned '0': AMENT_PREFIX_PATH=/home/ram/melfa_ros2/install/xacro:${AMENT_PREFIX_PATH} CMAKE_PREFIX_PATH=/home/ram/melfa_ros2/install/xacro:/home/ram/cognipilot/cranium/install/synapse_ros:/home/ram/cognipilot/cranium/install/synapse_gz:/home/ram/cognipilot/cranium/install/synapse_tinyframe:/home/ram/cognipilot/cranium/install/synapse_protobuf:/home/ram/cognipilot/cranium/install/corti:/home/ram/cognipilot/cranium/install/synapse_msgs:/home/ram/cognipilot/cranium/install/dream_world:/home/ram/cognipilot/cranium/install/cerebri_bringup:/home/ram/cognipilot/cranium/install/b3rb_simulator:/home/ram/cognipilot/cranium/install/b3rb_desktop:/home/ram/cognipilot/cranium/install/b3rb_rviz:/home/ram/cognipilot/cranium/install/b3rb_nav2:/home/ram/cognipilot/cranium/install/b3rb_gz_resource:/home/ram/cognipilot/cranium/install/b3rb_gz_bringup:/home/ram/cognipilot/cranium/install/b3rb_description:/home/ram/cognipilot/electrode/install/electrode:/home/ram/cognipilot/cranium/install/b3rb_ros_line_follower:/opt/ros/humble PATH=/home/ram/melfa_ros2/install/xacro/bin:${PATH} PYTHONPATH=/home/ram/melfa_ros2/install/xacro/local/lib/python3.10/dist-packages:${PYTHONPATH} /usr/bin/cmake --build /home/ram/melfa_ros2/build/melfa_bringup -- -j16 -l16[0m
[1.499s] [34mcolcon.colcon_core.event_handler.log_command[0m [1;30mDEBUG[0m [32mInvoking command in '/home/ram/melfa_ros2/build/melfa_bringup': AMENT_PREFIX_PATH=/home/ram/melfa_ros2/install/xacro:${AMENT_PREFIX_PATH} CMAKE_PREFIX_PATH=/home/ram/melfa_ros2/install/xacro:/home/ram/cognipilot/cranium/install/synapse_ros:/home/ram/cognipilot/cranium/install/synapse_gz:/home/ram/cognipilot/cranium/install/synapse_tinyframe:/home/ram/cognipilot/cranium/install/synapse_protobuf:/home/ram/cognipilot/cranium/install/corti:/home/ram/cognipilot/cranium/install/synapse_msgs:/home/ram/cognipilot/cranium/install/dream_world:/home/ram/cognipilot/cranium/install/cerebri_bringup:/home/ram/cognipilot/cranium/install/b3rb_simulator:/home/ram/cognipilot/cranium/install/b3rb_desktop:/home/ram/cognipilot/cranium/install/b3rb_rviz:/home/ram/cognipilot/cranium/install/b3rb_nav2:/home/ram/cognipilot/cranium/install/b3rb_gz_resource:/home/ram/cognipilot/cranium/install/b3rb_gz_bringup:/home/ram/cognipilot/cranium/install/b3rb_description:/home/ram/cognipilot/electrode/install/electrode:/home/ram/cognipilot/cranium/install/b3rb_ros_line_follower:/opt/ros/humble PATH=/home/ram/melfa_ros2/install/xacro/bin:${PATH} PYTHONPATH=/home/ram/melfa_ros2/install/xacro/local/lib/python3.10/dist-packages:${PYTHONPATH} /usr/bin/cmake --install /home/ram/melfa_ros2/build/melfa_bringup[0m
[1.505s] [34mcolcon.colcon_core.environment[0m [1;30mLevel 1[0m create_environment_scripts_only(melfa_bringup)
[1.506s] [34mcolcon.colcon_core.environment[0m [1;30mLevel 1[0m checking '/home/ram/melfa_ros2/install/melfa_bringup' for CMake module files
[1.506s] [34mcolcon.colcon_core.event_handler.log_command[0m [1;30mDEBUG[0m [32mInvoked command in '/home/ram/melfa_ros2/build/melfa_bringup' returned '0': AMENT_PREFIX_PATH=/home/ram/melfa_ros2/install/xacro:${AMENT_PREFIX_PATH} CMAKE_PREFIX_PATH=/home/ram/melfa_ros2/install/xacro:/home/ram/cognipilot/cranium/install/synapse_ros:/home/ram/cognipilot/cranium/install/synapse_gz:/home/ram/cognipilot/cranium/install/synapse_tinyframe:/home/ram/cognipilot/cranium/install/synapse_protobuf:/home/ram/cognipilot/cranium/install/corti:/home/ram/cognipilot/cranium/install/synapse_msgs:/home/ram/cognipilot/cranium/install/dream_world:/home/ram/cognipilot/cranium/install/cerebri_bringup:/home/ram/cognipilot/cranium/install/b3rb_simulator:/home/ram/cognipilot/cranium/install/b3rb_desktop:/home/ram/cognipilot/cranium/install/b3rb_rviz:/home/ram/cognipilot/cranium/install/b3rb_nav2:/home/ram/cognipilot/cranium/install/b3rb_gz_resource:/home/ram/cognipilot/cranium/install/b3rb_gz_bringup:/home/ram/cognipilot/cranium/install/b3rb_description:/home/ram/cognipilot/electrode/install/electrode:/home/ram/cognipilot/cranium/install/b3rb_ros_line_follower:/opt/ros/humble PATH=/home/ram/melfa_ros2/install/xacro/bin:${PATH} PYTHONPATH=/home/ram/melfa_ros2/install/xacro/local/lib/python3.10/dist-packages:${PYTHONPATH} /usr/bin/cmake --install /home/ram/melfa_ros2/build/melfa_bringup[0m
[1.506s] [34mcolcon.colcon_core.environment[0m [1;30mLevel 1[0m checking '/home/ram/melfa_ros2/install/melfa_bringup' for CMake config files
[1.507s] [34mcolcon.colcon_core.shell[0m [1;30mLevel 1[0m create_environment_hook('melfa_bringup', 'cmake_prefix_path')
[1.507s] [34mcolcon.colcon_core.shell[0m [1;30mINFO[0m Creating environment hook '/home/ram/melfa_ros2/install/melfa_bringup/share/melfa_bringup/hook/cmake_prefix_path.ps1'
[1.507s] [34mcolcon.colcon_core.shell[0m [1;30mINFO[0m Creating environment descriptor '/home/ram/melfa_ros2/install/melfa_bringup/share/melfa_bringup/hook/cmake_prefix_path.dsv'
[1.508s] [34mcolcon.colcon_core.shell[0m [1;30mINFO[0m Creating environment hook '/home/ram/melfa_ros2/install/melfa_bringup/share/melfa_bringup/hook/cmake_prefix_path.sh'
[1.508s] [34mcolcon.colcon_core.environment[0m [1;30mLevel 1[0m checking '/home/ram/melfa_ros2/install/melfa_bringup/bin'
[1.508s] [34mcolcon.colcon_core.environment[0m [1;30mLevel 1[0m checking '/home/ram/melfa_ros2/install/melfa_bringup/lib/pkgconfig/melfa_bringup.pc'
[1.508s] [34mcolcon.colcon_core.environment[0m [1;30mLevel 1[0m checking '/home/ram/melfa_ros2/install/melfa_bringup/lib/python3.10/site-packages'
[1.509s] [34mcolcon.colcon_core.environment[0m [1;30mLevel 1[0m checking '/home/ram/melfa_ros2/install/melfa_bringup/bin'
[1.509s] [34mcolcon.colcon_core.shell[0m [1;30mINFO[0m Creating package script '/home/ram/melfa_ros2/install/melfa_bringup/share/melfa_bringup/package.ps1'
[1.509s] [34mcolcon.colcon_core.shell[0m [1;30mINFO[0m Creating package descriptor '/home/ram/melfa_ros2/install/melfa_bringup/share/melfa_bringup/package.dsv'
[1.510s] [34mcolcon.colcon_core.shell[0m [1;30mINFO[0m Creating package script '/home/ram/melfa_ros2/install/melfa_bringup/share/melfa_bringup/package.sh'
[1.510s] [34mcolcon.colcon_core.shell[0m [1;30mINFO[0m Creating package script '/home/ram/melfa_ros2/install/melfa_bringup/share/melfa_bringup/package.bash'
[1.510s] [34mcolcon.colcon_core.shell[0m [1;30mINFO[0m Creating package script '/home/ram/melfa_ros2/install/melfa_bringup/share/melfa_bringup/package.zsh'
[1.511s] [34mcolcon.colcon_core.environment[0m [1;30mLevel 1[0m create_file_with_runtime_dependencies(/home/ram/melfa_ros2/install/melfa_bringup/share/colcon-core/packages/melfa_bringup)
[1.511s] [34mcolcon.colcon_core.environment[0m [1;30mLevel 1[0m create_environment_scripts_only(melfa_bringup)
[1.512s] [34mcolcon.colcon_core.environment[0m [1;30mLevel 1[0m checking '/home/ram/melfa_ros2/install/melfa_bringup' for CMake module files
[1.512s] [34mcolcon.colcon_core.environment[0m [1;30mLevel 1[0m checking '/home/ram/melfa_ros2/install/melfa_bringup' for CMake config files
[1.512s] [34mcolcon.colcon_core.shell[0m [1;30mLevel 1[0m create_environment_hook('melfa_bringup', 'cmake_prefix_path')
[1.512s] [34mcolcon.colcon_core.shell[0m [1;30mINFO[0m Creating environment hook '/home/ram/melfa_ros2/install/melfa_bringup/share/melfa_bringup/hook/cmake_prefix_path.ps1'
[1.513s] [34mcolcon.colcon_core.shell[0m [1;30mINFO[0m Creating environment descriptor '/home/ram/melfa_ros2/install/melfa_bringup/share/melfa_bringup/hook/cmake_prefix_path.dsv'
[1.513s] [34mcolcon.colcon_core.shell[0m [1;30mINFO[0m Creating environment hook '/home/ram/melfa_ros2/install/melfa_bringup/share/melfa_bringup/hook/cmake_prefix_path.sh'
[1.514s] [34mcolcon.colcon_core.environment[0m [1;30mLevel 1[0m checking '/home/ram/melfa_ros2/install/melfa_bringup/bin'
[1.514s] [34mcolcon.colcon_core.environment[0m [1;30mLevel 1[0m checking '/home/ram/melfa_ros2/install/melfa_bringup/lib/pkgconfig/melfa_bringup.pc'
[1.514s] [34mcolcon.colcon_core.environment[0m [1;30mLevel 1[0m checking '/home/ram/melfa_ros2/install/melfa_bringup/lib/python3.10/site-packages'
[1.514s] [34mcolcon.colcon_core.environment[0m [1;30mLevel 1[0m checking '/home/ram/melfa_ros2/install/melfa_bringup/bin'
[1.515s] [34mcolcon.colcon_core.shell[0m [1;30mINFO[0m Creating package script '/home/ram/melfa_ros2/install/melfa_bringup/share/melfa_bringup/package.ps1'
[1.515s] [34mcolcon.colcon_core.shell[0m [1;30mINFO[0m Creating package descriptor '/home/ram/melfa_ros2/install/melfa_bringup/share/melfa_bringup/package.dsv'
[1.516s] [34mcolcon.colcon_core.shell[0m [1;30mINFO[0m Creating package script '/home/ram/melfa_ros2/install/melfa_bringup/share/melfa_bringup/package.sh'
[1.517s] [34mcolcon.colcon_core.shell[0m [1;30mINFO[0m Creating package script '/home/ram/melfa_ros2/install/melfa_bringup/share/melfa_bringup/package.bash'
[1.518s] [34mcolcon.colcon_core.shell[0m [1;30mINFO[0m Creating package script '/home/ram/melfa_ros2/install/melfa_bringup/share/melfa_bringup/package.zsh'
[1.519s] [34mcolcon.colcon_core.environment[0m [1;30mLevel 1[0m create_file_with_runtime_dependencies(/home/ram/melfa_ros2/install/melfa_bringup/share/colcon-core/packages/melfa_bringup)
[1.520s] [34mcolcon.colcon_core.environment[0m [1;30mLevel 1[0m checking '/home/ram/melfa_ros2/install/milf_on_top' for CMake module files
[1.520s] [34mcolcon.colcon_core.event_handler.log_command[0m [1;30mDEBUG[0m [32mInvoked command in '/home/ram/melfa_ros2/src/milf_on_top' returned '0': PYTHONPATH=/home/ram/melfa_ros2/build/milf_on_top/prefix_override:/usr/lib/python3/dist-packages/colcon_core/task/python/colcon_distutils_commands:/home/ram/melfa_ros2/install/milf_on_top/lib/python3.10/site-packages:${PYTHONPATH} /usr/bin/python3 -W ignore:setup.py install is deprecated -W ignore:easy_install command is deprecated setup.py egg_info --egg-base ../../build/milf_on_top build --build-base /home/ram/melfa_ros2/build/milf_on_top/build install --record /home/ram/melfa_ros2/build/milf_on_top/install.log --install-scripts $base/lib/milf_on_top --single-version-externally-managed install_data[0m
[1.520s] [34mcolcon.colcon_core.environment[0m [1;30mLevel 1[0m checking '/home/ram/melfa_ros2/install/milf_on_top' for CMake config files
[1.521s] [34mcolcon.colcon_core.environment[0m [1;30mLevel 1[0m checking '/home/ram/melfa_ros2/install/milf_on_top/lib'
[1.521s] [34mcolcon.colcon_core.environment[0m [1;30mLevel 1[0m checking '/home/ram/melfa_ros2/install/milf_on_top/bin'
[1.521s] [34mcolcon.colcon_core.environment[0m [1;30mLevel 1[0m checking '/home/ram/melfa_ros2/install/milf_on_top/lib/pkgconfig/milf_on_top.pc'
[1.521s] [34mcolcon.colcon_core.environment[0m [1;30mLevel 1[0m checking '/home/ram/melfa_ros2/install/milf_on_top/lib/python3.10/site-packages'
[1.521s] [34mcolcon.colcon_core.shell[0m [1;30mLevel 1[0m create_environment_hook('milf_on_top', 'pythonpath')
[1.522s] [34mcolcon.colcon_core.shell[0m [1;30mINFO[0m Creating environment hook '/home/ram/melfa_ros2/install/milf_on_top/share/milf_on_top/hook/pythonpath.ps1'
[1.522s] [34mcolcon.colcon_core.shell[0m [1;30mINFO[0m Creating environment descriptor '/home/ram/melfa_ros2/install/milf_on_top/share/milf_on_top/hook/pythonpath.dsv'
[1.522s] [34mcolcon.colcon_core.shell[0m [1;30mINFO[0m Creating environment hook '/home/ram/melfa_ros2/install/milf_on_top/share/milf_on_top/hook/pythonpath.sh'
[1.523s] [34mcolcon.colcon_core.environment[0m [1;30mLevel 1[0m checking '/home/ram/melfa_ros2/install/milf_on_top/bin'
[1.523s] [34mcolcon.colcon_core.environment[0m [1;30mLevel 1[0m create_environment_scripts_only(milf_on_top)
[1.523s] [34mcolcon.colcon_core.shell[0m [1;30mINFO[0m Creating package script '/home/ram/melfa_ros2/install/milf_on_top/share/milf_on_top/package.ps1'
[1.524s] [34mcolcon.colcon_core.shell[0m [1;30mINFO[0m Creating package descriptor '/home/ram/melfa_ros2/install/milf_on_top/share/milf_on_top/package.dsv'
[1.524s] [34mcolcon.colcon_core.shell[0m [1;30mINFO[0m Creating package script '/home/ram/melfa_ros2/install/milf_on_top/share/milf_on_top/package.sh'
[1.524s] [34mcolcon.colcon_core.shell[0m [1;30mINFO[0m Creating package script '/home/ram/melfa_ros2/install/milf_on_top/share/milf_on_top/package.bash'
[1.524s] [34mcolcon.colcon_core.shell[0m [1;30mINFO[0m Creating package script '/home/ram/melfa_ros2/install/milf_on_top/share/milf_on_top/package.zsh'
[1.525s] [34mcolcon.colcon_core.environment[0m [1;30mLevel 1[0m create_file_with_runtime_dependencies(/home/ram/melfa_ros2/install/milf_on_top/share/colcon-core/packages/milf_on_top)
[1.948s] [34mcolcon.colcon_core.event_handler.log_command[0m [1;30mDEBUG[0m [32mInvoked command in '/home/ram/melfa_ros2/build/melfa_description' returned '0': AMENT_PREFIX_PATH=/home/ram/melfa_ros2/install/xacro:${AMENT_PREFIX_PATH} CMAKE_PREFIX_PATH=/home/ram/melfa_ros2/install/xacro:/home/ram/cognipilot/cranium/install/synapse_ros:/home/ram/cognipilot/cranium/install/synapse_gz:/home/ram/cognipilot/cranium/install/synapse_tinyframe:/home/ram/cognipilot/cranium/install/synapse_protobuf:/home/ram/cognipilot/cranium/install/corti:/home/ram/cognipilot/cranium/install/synapse_msgs:/home/ram/cognipilot/cranium/install/dream_world:/home/ram/cognipilot/cranium/install/cerebri_bringup:/home/ram/cognipilot/cranium/install/b3rb_simulator:/home/ram/cognipilot/cranium/install/b3rb_desktop:/home/ram/cognipilot/cranium/install/b3rb_rviz:/home/ram/cognipilot/cranium/install/b3rb_nav2:/home/ram/cognipilot/cranium/install/b3rb_gz_resource:/home/ram/cognipilot/cranium/install/b3rb_gz_bringup:/home/ram/cognipilot/cranium/install/b3rb_description:/home/ram/cognipilot/electrode/install/electrode:/home/ram/cognipilot/cranium/install/b3rb_ros_line_follower:/opt/ros/humble PATH=/home/ram/melfa_ros2/install/xacro/bin:${PATH} PYTHONPATH=/home/ram/melfa_ros2/install/xacro/local/lib/python3.10/dist-packages:${PYTHONPATH} /usr/bin/cmake /home/ram/melfa_ros2/src/melfa_ros2_driver/melfa_description -DCMAKE_BUILD_TYPE=Release -DCMAKE_INSTALL_PREFIX=/home/ram/melfa_ros2/install/melfa_description[0m
[1.949s] [34mcolcon.colcon_core.event_handler.log_command[0m [1;30mDEBUG[0m [32mInvoking command in '/home/ram/melfa_ros2/build/melfa_description': AMENT_PREFIX_PATH=/home/ram/melfa_ros2/install/xacro:${AMENT_PREFIX_PATH} CMAKE_PREFIX_PATH=/home/ram/melfa_ros2/install/xacro:/home/ram/cognipilot/cranium/install/synapse_ros:/home/ram/cognipilot/cranium/install/synapse_gz:/home/ram/cognipilot/cranium/install/synapse_tinyframe:/home/ram/cognipilot/cranium/install/synapse_protobuf:/home/ram/cognipilot/cranium/install/corti:/home/ram/cognipilot/cranium/install/synapse_msgs:/home/ram/cognipilot/cranium/install/dream_world:/home/ram/cognipilot/cranium/install/cerebri_bringup:/home/ram/cognipilot/cranium/install/b3rb_simulator:/home/ram/cognipilot/cranium/install/b3rb_desktop:/home/ram/cognipilot/cranium/install/b3rb_rviz:/home/ram/cognipilot/cranium/install/b3rb_nav2:/home/ram/cognipilot/cranium/install/b3rb_gz_resource:/home/ram/cognipilot/cranium/install/b3rb_gz_bringup:/home/ram/cognipilot/cranium/install/b3rb_description:/home/ram/cognipilot/electrode/install/electrode:/home/ram/cognipilot/cranium/install/b3rb_ros_line_follower:/opt/ros/humble PATH=/home/ram/melfa_ros2/install/xacro/bin:${PATH} PYTHONPATH=/home/ram/melfa_ros2/install/xacro/local/lib/python3.10/dist-packages:${PYTHONPATH} /usr/bin/cmake --build /home/ram/melfa_ros2/build/melfa_description -- -j16 -l16[0m
[2.025s] [34mcolcon.colcon_core.event_handler.log_command[0m [1;30mDEBUG[0m [32mInvoked command in '/home/ram/melfa_ros2/build/melfa_description' returned '0': AMENT_PREFIX_PATH=/home/ram/melfa_ros2/install/xacro:${AMENT_PREFIX_PATH} CMAKE_PREFIX_PATH=/home/ram/melfa_ros2/install/xacro:/home/ram/cognipilot/cranium/install/synapse_ros:/home/ram/cognipilot/cranium/install/synapse_gz:/home/ram/cognipilot/cranium/install/synapse_tinyframe:/home/ram/cognipilot/cranium/install/synapse_protobuf:/home/ram/cognipilot/cranium/install/corti:/home/ram/cognipilot/cranium/install/synapse_msgs:/home/ram/cognipilot/cranium/install/dream_world:/home/ram/cognipilot/cranium/install/cerebri_bringup:/home/ram/cognipilot/cranium/install/b3rb_simulator:/home/ram/cognipilot/cranium/install/b3rb_desktop:/home/ram/cognipilot/cranium/install/b3rb_rviz:/home/ram/cognipilot/cranium/install/b3rb_nav2:/home/ram/cognipilot/cranium/install/b3rb_gz_resource:/home/ram/cognipilot/cranium/install/b3rb_gz_bringup:/home/ram/cognipilot/cranium/install/b3rb_description:/home/ram/cognipilot/electrode/install/electrode:/home/ram/cognipilot/cranium/install/b3rb_ros_line_follower:/opt/ros/humble PATH=/home/ram/melfa_ros2/install/xacro/bin:${PATH} PYTHONPATH=/home/ram/melfa_ros2/install/xacro/local/lib/python3.10/dist-packages:${PYTHONPATH} /usr/bin/cmake --build /home/ram/melfa_ros2/build/melfa_description -- -j16 -l16[0m
[2.025s] [34mcolcon.colcon_core.event_handler.log_command[0m [1;30mDEBUG[0m [32mInvoking command in '/home/ram/melfa_ros2/build/melfa_description': AMENT_PREFIX_PATH=/home/ram/melfa_ros2/install/xacro:${AMENT_PREFIX_PATH} CMAKE_PREFIX_PATH=/home/ram/melfa_ros2/install/xacro:/home/ram/cognipilot/cranium/install/synapse_ros:/home/ram/cognipilot/cranium/install/synapse_gz:/home/ram/cognipilot/cranium/install/synapse_tinyframe:/home/ram/cognipilot/cranium/install/synapse_protobuf:/home/ram/cognipilot/cranium/install/corti:/home/ram/cognipilot/cranium/install/synapse_msgs:/home/ram/cognipilot/cranium/install/dream_world:/home/ram/cognipilot/cranium/install/cerebri_bringup:/home/ram/cognipilot/cranium/install/b3rb_simulator:/home/ram/cognipilot/cranium/install/b3rb_desktop:/home/ram/cognipilot/cranium/install/b3rb_rviz:/home/ram/cognipilot/cranium/install/b3rb_nav2:/home/ram/cognipilot/cranium/install/b3rb_gz_resource:/home/ram/cognipilot/cranium/install/b3rb_gz_bringup:/home/ram/cognipilot/cranium/install/b3rb_description:/home/ram/cognipilot/electrode/install/electrode:/home/ram/cognipilot/cranium/install/b3rb_ros_line_follower:/opt/ros/humble PATH=/home/ram/melfa_ros2/install/xacro/bin:${PATH} PYTHONPATH=/home/ram/melfa_ros2/install/xacro/local/lib/python3.10/dist-packages:${PYTHONPATH} /usr/bin/cmake --install /home/ram/melfa_ros2/build/melfa_description[0m
[2.051s] [34mcolcon.colcon_core.environment[0m [1;30mLevel 1[0m create_environment_scripts_only(melfa_description)
[2.052s] [34mcolcon.colcon_core.environment[0m [1;30mLevel 1[0m checking '/home/ram/melfa_ros2/install/melfa_description' for CMake module files
[2.052s] [34mcolcon.colcon_core.environment[0m [1;30mLevel 1[0m checking '/home/ram/melfa_ros2/install/melfa_description' for CMake config files
[2.058s] [34mcolcon.colcon_core.event_handler.log_command[0m [1;30mDEBUG[0m [32mInvoked command in '/home/ram/melfa_ros2/build/melfa_description' returned '0': AMENT_PREFIX_PATH=/home/ram/melfa_ros2/install/xacro:${AMENT_PREFIX_PATH} CMAKE_PREFIX_PATH=/home/ram/melfa_ros2/install/xacro:/home/ram/cognipilot/cranium/install/synapse_ros:/home/ram/cognipilot/cranium/install/synapse_gz:/home/ram/cognipilot/cranium/install/synapse_tinyframe:/home/ram/cognipilot/cranium/install/synapse_protobuf:/home/ram/cognipilot/cranium/install/corti:/home/ram/cognipilot/cranium/install/synapse_msgs:/home/ram/cognipilot/cranium/install/dream_world:/home/ram/cognipilot/cranium/install/cerebri_bringup:/home/ram/cognipilot/cranium/install/b3rb_simulator:/home/ram/cognipilot/cranium/install/b3rb_desktop:/home/ram/cognipilot/cranium/install/b3rb_rviz:/home/ram/cognipilot/cranium/install/b3rb_nav2:/home/ram/cognipilot/cranium/install/b3rb_gz_resource:/home/ram/cognipilot/cranium/install/b3rb_gz_bringup:/home/ram/cognipilot/cranium/install/b3rb_description:/home/ram/cognipilot/electrode/install/electrode:/home/ram/cognipilot/cranium/install/b3rb_ros_line_follower:/opt/ros/humble PATH=/home/ram/melfa_ros2/install/xacro/bin:${PATH} PYTHONPATH=/home/ram/melfa_ros2/install/xacro/local/lib/python3.10/dist-packages:${PYTHONPATH} /usr/bin/cmake --install /home/ram/melfa_ros2/build/melfa_description[0m
[2.059s] [34mcolcon.colcon_core.shell[0m [1;30mLevel 1[0m create_environment_hook('melfa_description', 'cmake_prefix_path')
[2.059s] [34mcolcon.colcon_core.shell[0m [1;30mINFO[0m Creating environment hook '/home/ram/melfa_ros2/install/melfa_description/share/melfa_description/hook/cmake_prefix_path.ps1'
[2.060s] [34mcolcon.colcon_core.shell[0m [1;30mINFO[0m Creating environment descriptor '/home/ram/melfa_ros2/install/melfa_description/share/melfa_description/hook/cmake_prefix_path.dsv'
[2.061s] [34mcolcon.colcon_core.shell[0m [1;30mINFO[0m Creating environment hook '/home/ram/melfa_ros2/install/melfa_description/share/melfa_description/hook/cmake_prefix_path.sh'
[2.062s] [34mcolcon.colcon_core.environment[0m [1;30mLevel 1[0m checking '/home/ram/melfa_ros2/install/melfa_description/bin'
[2.062s] [34mcolcon.colcon_core.environment[0m [1;30mLevel 1[0m checking '/home/ram/melfa_ros2/install/melfa_description/lib/pkgconfig/melfa_description.pc'
[2.062s] [34mcolcon.colcon_core.environment[0m [1;30mLevel 1[0m checking '/home/ram/melfa_ros2/install/melfa_description/lib/python3.10/site-packages'
[2.063s] [34mcolcon.colcon_core.environment[0m [1;30mLevel 1[0m checking '/home/ram/melfa_ros2/install/melfa_description/bin'
[2.063s] [34mcolcon.colcon_core.shell[0m [1;30mINFO[0m Creating package script '/home/ram/melfa_ros2/install/melfa_description/share/melfa_description/package.ps1'
[2.064s] [34mcolcon.colcon_core.shell[0m [1;30mINFO[0m Creating package descriptor '/home/ram/melfa_ros2/install/melfa_description/share/melfa_description/package.dsv'
[2.064s] [34mcolcon.colcon_core.shell[0m [1;30mINFO[0m Creating package script '/home/ram/melfa_ros2/install/melfa_description/share/melfa_description/package.sh'
[2.065s] [34mcolcon.colcon_core.shell[0m [1;30mINFO[0m Creating package script '/home/ram/melfa_ros2/install/melfa_description/share/melfa_description/package.bash'
[2.065s] [34mcolcon.colcon_core.shell[0m [1;30mINFO[0m Creating package script '/home/ram/melfa_ros2/install/melfa_description/share/melfa_description/package.zsh'
[2.066s] [34mcolcon.colcon_core.environment[0m [1;30mLevel 1[0m create_file_with_runtime_dependencies(/home/ram/melfa_ros2/install/melfa_description/share/colcon-core/packages/melfa_description)
[2.066s] [34mcolcon.colcon_core.environment[0m [1;30mLevel 1[0m create_environment_scripts_only(melfa_description)
[2.067s] [34mcolcon.colcon_core.environment[0m [1;30mLevel 1[0m checking '/home/ram/melfa_ros2/install/melfa_description' for CMake module files
[2.067s] [34mcolcon.colcon_core.environment[0m [1;30mLevel 1[0m checking '/home/ram/melfa_ros2/install/melfa_description' for CMake config files
[2.068s] [34mcolcon.colcon_core.shell[0m [1;30mLevel 1[0m create_environment_hook('melfa_description', 'cmake_prefix_path')
[2.068s] [34mcolcon.colcon_core.shell[0m [1;30mINFO[0m Creating environment hook '/home/ram/melfa_ros2/install/melfa_description/share/melfa_description/hook/cmake_prefix_path.ps1'
[2.069s] [34mcolcon.colcon_core.shell[0m [1;30mINFO[0m Creating environment descriptor '/home/ram/melfa_ros2/install/melfa_description/share/melfa_description/hook/cmake_prefix_path.dsv'
[2.069s] [34mcolcon.colcon_core.shell[0m [1;30mINFO[0m Creating environment hook '/home/ram/melfa_ros2/install/melfa_description/share/melfa_description/hook/cmake_prefix_path.sh'
[2.070s] [34mcolcon.colcon_core.environment[0m [1;30mLevel 1[0m checking '/home/ram/melfa_ros2/install/melfa_description/bin'
[2.070s] [34mcolcon.colcon_core.environment[0m [1;30mLevel 1[0m checking '/home/ram/melfa_ros2/install/melfa_description/lib/pkgconfig/melfa_description.pc'
[2.070s] [34mcolcon.colcon_core.environment[0m [1;30mLevel 1[0m checking '/home/ram/melfa_ros2/install/melfa_description/lib/python3.10/site-packages'
[2.071s] [34mcolcon.colcon_core.environment[0m [1;30mLevel 1[0m checking '/home/ram/melfa_ros2/install/melfa_description/bin'
[2.071s] [34mcolcon.colcon_core.shell[0m [1;30mINFO[0m Creating package script '/home/ram/melfa_ros2/install/melfa_description/share/melfa_description/package.ps1'
[2.072s] [34mcolcon.colcon_core.shell[0m [1;30mINFO[0m Creating package descriptor '/home/ram/melfa_ros2/install/melfa_description/share/melfa_description/package.dsv'
[2.073s] [34mcolcon.colcon_core.shell[0m [1;30mINFO[0m Creating package script '/home/ram/melfa_ros2/install/melfa_description/share/melfa_description/package.sh'
[2.073s] [34mcolcon.colcon_core.shell[0m [1;30mINFO[0m Creating package script '/home/ram/melfa_ros2/install/melfa_description/share/melfa_description/package.bash'
[2.073s] [34mcolcon.colcon_core.shell[0m [1;30mINFO[0m Creating package script '/home/ram/melfa_ros2/install/melfa_description/share/melfa_description/package.zsh'
[2.074s] [34mcolcon.colcon_core.environment[0m [1;30mLevel 1[0m create_file_with_runtime_dependencies(/home/ram/melfa_ros2/install/melfa_description/share/colcon-core/packages/melfa_description)
[2.074s] [34mcolcon.colcon_ros.task.ament_cmake.build[0m [1;30mINFO[0m Building ROS package in '/home/ram/melfa_ros2/src/melfa_ros2_driver/melfa_driver' with build type 'ament_cmake'
[2.074s] [34mcolcon.colcon_cmake.task.cmake.build[0m [1;30mINFO[0m Building CMake package in '/home/ram/melfa_ros2/src/melfa_ros2_driver/melfa_driver'
[2.075s] [34mcolcon.colcon_core.shell[0m [1;30mINFO[0m Skip shell extension 'powershell' for command environment: Not usable outside of PowerShell
[2.075s] [34mcolcon.colcon_core.shell[0m [1;30mDEBUG[0m [32mSkip shell extension 'dsv' for command environment[0m
[2.086s] [34mcolcon.colcon_ros.task.ament_cmake.build[0m [1;30mINFO[0m Building ROS package in '/home/ram/melfa_ros2/src/melfa_ros2_driver/melfa_moveit_config/melfa_rh6crh6020_moveit_config' with build type 'ament_cmake'
[2.086s] [34mcolcon.colcon_cmake.task.cmake.build[0m [1;30mINFO[0m Building CMake package in '/home/ram/melfa_ros2/src/melfa_ros2_driver/melfa_moveit_config/melfa_rh6crh6020_moveit_config'
[2.087s] [34mcolcon.colcon_core.shell[0m [1;30mINFO[0m Skip shell extension 'powershell' for command environment: Not usable outside of PowerShell
[2.087s] [34mcolcon.colcon_core.shell[0m [1;30mDEBUG[0m [32mSkip shell extension 'dsv' for command environment[0m
[2.100s] [34mcolcon.colcon_ros.task.ament_cmake.build[0m [1;30mINFO[0m Building ROS package in '/home/ram/melfa_ros2/src/melfa_ros2_driver/melfa_moveit_config/melfa_rh6frh5520_moveit_config' with build type 'ament_cmake'
[2.100s] [34mcolcon.colcon_cmake.task.cmake.build[0m [1;30mINFO[0m Building CMake package in '/home/ram/melfa_ros2/src/melfa_ros2_driver/melfa_moveit_config/melfa_rh6frh5520_moveit_config'
[2.100s] [34mcolcon.colcon_core.shell[0m [1;30mINFO[0m Skip shell extension 'powershell' for command environment: Not usable outside of PowerShell
[2.101s] [34mcolcon.colcon_core.shell[0m [1;30mDEBUG[0m [32mSkip shell extension 'dsv' for command environment[0m
[2.127s] [34mcolcon.colcon_core.event_handler.log_command[0m [1;30mDEBUG[0m [32mInvoking command in '/home/ram/melfa_ros2/build/melfa_driver': AMENT_PREFIX_PATH=/home/ram/melfa_ros2/install/melfa_description:/home/ram/melfa_ros2/install/melfa_bringup:/home/ram/melfa_ros2/install/xacro:${AMENT_PREFIX_PATH} CMAKE_PREFIX_PATH=/home/ram/melfa_ros2/install/melfa_description:/home/ram/melfa_ros2/install/melfa_bringup:/home/ram/melfa_ros2/install/xacro:/home/ram/cognipilot/cranium/install/synapse_ros:/home/ram/cognipilot/cranium/install/synapse_gz:/home/ram/cognipilot/cranium/install/synapse_tinyframe:/home/ram/cognipilot/cranium/install/synapse_protobuf:/home/ram/cognipilot/cranium/install/corti:/home/ram/cognipilot/cranium/install/synapse_msgs:/home/ram/cognipilot/cranium/install/dream_world:/home/ram/cognipilot/cranium/install/cerebri_bringup:/home/ram/cognipilot/cranium/install/b3rb_simulator:/home/ram/cognipilot/cranium/install/b3rb_desktop:/home/ram/cognipilot/cranium/install/b3rb_rviz:/home/ram/cognipilot/cranium/install/b3rb_nav2:/home/ram/cognipilot/cranium/install/b3rb_gz_resource:/home/ram/cognipilot/cranium/install/b3rb_gz_bringup:/home/ram/cognipilot/cranium/install/b3rb_description:/home/ram/cognipilot/electrode/install/electrode:/home/ram/cognipilot/cranium/install/b3rb_ros_line_follower:/opt/ros/humble PATH=/home/ram/melfa_ros2/install/xacro/bin:${PATH} PYTHONPATH=/home/ram/melfa_ros2/install/xacro/local/lib/python3.10/dist-packages:${PYTHONPATH} /usr/bin/cmake /home/ram/melfa_ros2/src/melfa_ros2_driver/melfa_driver -DCMAKE_BUILD_TYPE=Release -DCMAKE_INSTALL_PREFIX=/home/ram/melfa_ros2/install/melfa_driver[0m
[2.130s] [34mcolcon.colcon_core.event_handler.log_command[0m [1;30mDEBUG[0m [32mInvoking command in '/home/ram/melfa_ros2/build/melfa_rh6crh6020_moveit_config': AMENT_PREFIX_PATH=/home/ram/melfa_ros2/install/melfa_description:/home/ram/melfa_ros2/install/xacro:${AMENT_PREFIX_PATH} CMAKE_PREFIX_PATH=/home/ram/melfa_ros2/install/melfa_description:/home/ram/melfa_ros2/install/xacro:/home/ram/cognipilot/cranium/install/synapse_ros:/home/ram/cognipilot/cranium/install/synapse_gz:/home/ram/cognipilot/cranium/install/synapse_tinyframe:/home/ram/cognipilot/cranium/install/synapse_protobuf:/home/ram/cognipilot/cranium/install/corti:/home/ram/cognipilot/cranium/install/synapse_msgs:/home/ram/cognipilot/cranium/install/dream_world:/home/ram/cognipilot/cranium/install/cerebri_bringup:/home/ram/cognipilot/cranium/install/b3rb_simulator:/home/ram/cognipilot/cranium/install/b3rb_desktop:/home/ram/cognipilot/cranium/install/b3rb_rviz:/home/ram/cognipilot/cranium/install/b3rb_nav2:/home/ram/cognipilot/cranium/install/b3rb_gz_resource:/home/ram/cognipilot/cranium/install/b3rb_gz_bringup:/home/ram/cognipilot/cranium/install/b3rb_description:/home/ram/cognipilot/electrode/install/electrode:/home/ram/cognipilot/cranium/install/b3rb_ros_line_follower:/opt/ros/humble PATH=/home/ram/melfa_ros2/install/xacro/bin:${PATH} PYTHONPATH=/home/ram/melfa_ros2/install/xacro/local/lib/python3.10/dist-packages:${PYTHONPATH} /usr/bin/cmake /home/ram/melfa_ros2/src/melfa_ros2_driver/melfa_moveit_config/melfa_rh6crh6020_moveit_config -DCMAKE_BUILD_TYPE=Release -DCMAKE_INSTALL_PREFIX=/home/ram/melfa_ros2/install/melfa_rh6crh6020_moveit_config[0m
[2.137s] [34mcolcon.colcon_core.event_handler.log_command[0m [1;30mDEBUG[0m [32mInvoking command in '/home/ram/melfa_ros2/build/melfa_rh6frh5520_moveit_config': AMENT_PREFIX_PATH=/home/ram/melfa_ros2/install/melfa_description:/home/ram/melfa_ros2/install/xacro:${AMENT_PREFIX_PATH} CMAKE_PREFIX_PATH=/home/ram/melfa_ros2/install/melfa_description:/home/ram/melfa_ros2/install/xacro:/home/ram/cognipilot/cranium/install/synapse_ros:/home/ram/cognipilot/cranium/install/synapse_gz:/home/ram/cognipilot/cranium/install/synapse_tinyframe:/home/ram/cognipilot/cranium/install/synapse_protobuf:/home/ram/cognipilot/cranium/install/corti:/home/ram/cognipilot/cranium/install/synapse_msgs:/home/ram/cognipilot/cranium/install/dream_world:/home/ram/cognipilot/cranium/install/cerebri_bringup:/home/ram/cognipilot/cranium/install/b3rb_simulator:/home/ram/cognipilot/cranium/install/b3rb_desktop:/home/ram/cognipilot/cranium/install/b3rb_rviz:/home/ram/cognipilot/cranium/install/b3rb_nav2:/home/ram/cognipilot/cranium/install/b3rb_gz_resource:/home/ram/cognipilot/cranium/install/b3rb_gz_bringup:/home/ram/cognipilot/cranium/install/b3rb_description:/home/ram/cognipilot/electrode/install/electrode:/home/ram/cognipilot/cranium/install/b3rb_ros_line_follower:/opt/ros/humble PATH=/home/ram/melfa_ros2/install/xacro/bin:${PATH} PYTHONPATH=/home/ram/melfa_ros2/install/xacro/local/lib/python3.10/dist-packages:${PYTHONPATH} /usr/bin/cmake /home/ram/melfa_ros2/src/melfa_ros2_driver/melfa_moveit_config/melfa_rh6frh5520_moveit_config -DCMAKE_BUILD_TYPE=Release -DCMAKE_INSTALL_PREFIX=/home/ram/melfa_ros2/install/melfa_rh6frh5520_moveit_config[0m
[2.800s] [34mcolcon.colcon_core.event_handler.log_command[0m [1;30mDEBUG[0m [32mInvoked command in '/home/ram/melfa_ros2/build/melfa_rh6crh6020_moveit_config' returned '0': AMENT_PREFIX_PATH=/home/ram/melfa_ros2/install/melfa_description:/home/ram/melfa_ros2/install/xacro:${AMENT_PREFIX_PATH} CMAKE_PREFIX_PATH=/home/ram/melfa_ros2/install/melfa_description:/home/ram/melfa_ros2/install/xacro:/home/ram/cognipilot/cranium/install/synapse_ros:/home/ram/cognipilot/cranium/install/synapse_gz:/home/ram/cognipilot/cranium/install/synapse_tinyframe:/home/ram/cognipilot/cranium/install/synapse_protobuf:/home/ram/cognipilot/cranium/install/corti:/home/ram/cognipilot/cranium/install/synapse_msgs:/home/ram/cognipilot/cranium/install/dream_world:/home/ram/cognipilot/cranium/install/cerebri_bringup:/home/ram/cognipilot/cranium/install/b3rb_simulator:/home/ram/cognipilot/cranium/install/b3rb_desktop:/home/ram/cognipilot/cranium/install/b3rb_rviz:/home/ram/cognipilot/cranium/install/b3rb_nav2:/home/ram/cognipilot/cranium/install/b3rb_gz_resource:/home/ram/cognipilot/cranium/install/b3rb_gz_bringup:/home/ram/cognipilot/cranium/install/b3rb_description:/home/ram/cognipilot/electrode/install/electrode:/home/ram/cognipilot/cranium/install/b3rb_ros_line_follower:/opt/ros/humble PATH=/home/ram/melfa_ros2/install/xacro/bin:${PATH} PYTHONPATH=/home/ram/melfa_ros2/install/xacro/local/lib/python3.10/dist-packages:${PYTHONPATH} /usr/bin/cmake /home/ram/melfa_ros2/src/melfa_ros2_driver/melfa_moveit_config/melfa_rh6crh6020_moveit_config -DCMAKE_BUILD_TYPE=Release -DCMAKE_INSTALL_PREFIX=/home/ram/melfa_ros2/install/melfa_rh6crh6020_moveit_config[0m
[2.802s] [34mcolcon.colcon_core.event_handler.log_command[0m [1;30mDEBUG[0m [32mInvoking command in '/home/ram/melfa_ros2/build/melfa_rh6crh6020_moveit_config': AMENT_PREFIX_PATH=/home/ram/melfa_ros2/install/melfa_description:/home/ram/melfa_ros2/install/xacro:${AMENT_PREFIX_PATH} CMAKE_PREFIX_PATH=/home/ram/melfa_ros2/install/melfa_description:/home/ram/melfa_ros2/install/xacro:/home/ram/cognipilot/cranium/install/synapse_ros:/home/ram/cognipilot/cranium/install/synapse_gz:/home/ram/cognipilot/cranium/install/synapse_tinyframe:/home/ram/cognipilot/cranium/install/synapse_protobuf:/home/ram/cognipilot/cranium/install/corti:/home/ram/cognipilot/cranium/install/synapse_msgs:/home/ram/cognipilot/cranium/install/dream_world:/home/ram/cognipilot/cranium/install/cerebri_bringup:/home/ram/cognipilot/cranium/install/b3rb_simulator:/home/ram/cognipilot/cranium/install/b3rb_desktop:/home/ram/cognipilot/cranium/install/b3rb_rviz:/home/ram/cognipilot/cranium/install/b3rb_nav2:/home/ram/cognipilot/cranium/install/b3rb_gz_resource:/home/ram/cognipilot/cranium/install/b3rb_gz_bringup:/home/ram/cognipilot/cranium/install/b3rb_description:/home/ram/cognipilot/electrode/install/electrode:/home/ram/cognipilot/cranium/install/b3rb_ros_line_follower:/opt/ros/humble PATH=/home/ram/melfa_ros2/install/xacro/bin:${PATH} PYTHONPATH=/home/ram/melfa_ros2/install/xacro/local/lib/python3.10/dist-packages:${PYTHONPATH} /usr/bin/cmake --build /home/ram/melfa_ros2/build/melfa_rh6crh6020_moveit_config -- -j16 -l16[0m
[2.803s] [34mcolcon.colcon_core.event_handler.log_command[0m [1;30mDEBUG[0m [32mInvoked command in '/home/ram/melfa_ros2/build/melfa_rh6frh5520_moveit_config' returned '0': AMENT_PREFIX_PATH=/home/ram/melfa_ros2/install/melfa_description:/home/ram/melfa_ros2/install/xacro:${AMENT_PREFIX_PATH} CMAKE_PREFIX_PATH=/home/ram/melfa_ros2/install/melfa_description:/home/ram/melfa_ros2/install/xacro:/home/ram/cognipilot/cranium/install/synapse_ros:/home/ram/cognipilot/cranium/install/synapse_gz:/home/ram/cognipilot/cranium/install/synapse_tinyframe:/home/ram/cognipilot/cranium/install/synapse_protobuf:/home/ram/cognipilot/cranium/install/corti:/home/ram/cognipilot/cranium/install/synapse_msgs:/home/ram/cognipilot/cranium/install/dream_world:/home/ram/cognipilot/cranium/install/cerebri_bringup:/home/ram/cognipilot/cranium/install/b3rb_simulator:/home/ram/cognipilot/cranium/install/b3rb_desktop:/home/ram/cognipilot/cranium/install/b3rb_rviz:/home/ram/cognipilot/cranium/install/b3rb_nav2:/home/ram/cognipilot/cranium/install/b3rb_gz_resource:/home/ram/cognipilot/cranium/install/b3rb_gz_bringup:/home/ram/cognipilot/cranium/install/b3rb_description:/home/ram/cognipilot/electrode/install/electrode:/home/ram/cognipilot/cranium/install/b3rb_ros_line_follower:/opt/ros/humble PATH=/home/ram/melfa_ros2/install/xacro/bin:${PATH} PYTHONPATH=/home/ram/melfa_ros2/install/xacro/local/lib/python3.10/dist-packages:${PYTHONPATH} /usr/bin/cmake /home/ram/melfa_ros2/src/melfa_ros2_driver/melfa_moveit_config/melfa_rh6frh5520_moveit_config -DCMAKE_BUILD_TYPE=Release -DCMAKE_INSTALL_PREFIX=/home/ram/melfa_ros2/install/melfa_rh6frh5520_moveit_config[0m
[2.805s] [34mcolcon.colcon_core.event_handler.log_command[0m [1;30mDEBUG[0m [32mInvoking command in '/home/ram/melfa_ros2/build/melfa_rh6frh5520_moveit_config': AMENT_PREFIX_PATH=/home/ram/melfa_ros2/install/melfa_description:/home/ram/melfa_ros2/install/xacro:${AMENT_PREFIX_PATH} CMAKE_PREFIX_PATH=/home/ram/melfa_ros2/install/melfa_description:/home/ram/melfa_ros2/install/xacro:/home/ram/cognipilot/cranium/install/synapse_ros:/home/ram/cognipilot/cranium/install/synapse_gz:/home/ram/cognipilot/cranium/install/synapse_tinyframe:/home/ram/cognipilot/cranium/install/synapse_protobuf:/home/ram/cognipilot/cranium/install/corti:/home/ram/cognipilot/cranium/install/synapse_msgs:/home/ram/cognipilot/cranium/install/dream_world:/home/ram/cognipilot/cranium/install/cerebri_bringup:/home/ram/cognipilot/cranium/install/b3rb_simulator:/home/ram/cognipilot/cranium/install/b3rb_desktop:/home/ram/cognipilot/cranium/install/b3rb_rviz:/home/ram/cognipilot/cranium/install/b3rb_nav2:/home/ram/cognipilot/cranium/install/b3rb_gz_resource:/home/ram/cognipilot/cranium/install/b3rb_gz_bringup:/home/ram/cognipilot/cranium/install/b3rb_description:/home/ram/cognipilot/electrode/install/electrode:/home/ram/cognipilot/cranium/install/b3rb_ros_line_follower:/opt/ros/humble PATH=/home/ram/melfa_ros2/install/xacro/bin:${PATH} PYTHONPATH=/home/ram/melfa_ros2/install/xacro/local/lib/python3.10/dist-packages:${PYTHONPATH} /usr/bin/cmake --build /home/ram/melfa_ros2/build/melfa_rh6frh5520_moveit_config -- -j16 -l16[0m
[2.869s] [34mcolcon.colcon_core.event_handler.log_command[0m [1;30mDEBUG[0m [32mInvoked command in '/home/ram/melfa_ros2/build/melfa_driver' returned '0': AMENT_PREFIX_PATH=/home/ram/melfa_ros2/install/melfa_description:/home/ram/melfa_ros2/install/melfa_bringup:/home/ram/melfa_ros2/install/xacro:${AMENT_PREFIX_PATH} CMAKE_PREFIX_PATH=/home/ram/melfa_ros2/install/melfa_description:/home/ram/melfa_ros2/install/melfa_bringup:/home/ram/melfa_ros2/install/xacro:/home/ram/cognipilot/cranium/install/synapse_ros:/home/ram/cognipilot/cranium/install/synapse_gz:/home/ram/cognipilot/cranium/install/synapse_tinyframe:/home/ram/cognipilot/cranium/install/synapse_protobuf:/home/ram/cognipilot/cranium/install/corti:/home/ram/cognipilot/cranium/install/synapse_msgs:/home/ram/cognipilot/cranium/install/dream_world:/home/ram/cognipilot/cranium/install/cerebri_bringup:/home/ram/cognipilot/cranium/install/b3rb_simulator:/home/ram/cognipilot/cranium/install/b3rb_desktop:/home/ram/cognipilot/cranium/install/b3rb_rviz:/home/ram/cognipilot/cranium/install/b3rb_nav2:/home/ram/cognipilot/cranium/install/b3rb_gz_resource:/home/ram/cognipilot/cranium/install/b3rb_gz_bringup:/home/ram/cognipilot/cranium/install/b3rb_description:/home/ram/cognipilot/electrode/install/electrode:/home/ram/cognipilot/cranium/install/b3rb_ros_line_follower:/opt/ros/humble PATH=/home/ram/melfa_ros2/install/xacro/bin:${PATH} PYTHONPATH=/home/ram/melfa_ros2/install/xacro/local/lib/python3.10/dist-packages:${PYTHONPATH} /usr/bin/cmake /home/ram/melfa_ros2/src/melfa_ros2_driver/melfa_driver -DCMAKE_BUILD_TYPE=Release -DCMAKE_INSTALL_PREFIX=/home/ram/melfa_ros2/install/melfa_driver[0m
[2.870s] [34mcolcon.colcon_core.event_handler.log_command[0m [1;30mDEBUG[0m [32mInvoking command in '/home/ram/melfa_ros2/build/melfa_driver': AMENT_PREFIX_PATH=/home/ram/melfa_ros2/install/melfa_description:/home/ram/melfa_ros2/install/melfa_bringup:/home/ram/melfa_ros2/install/xacro:${AMENT_PREFIX_PATH} CMAKE_PREFIX_PATH=/home/ram/melfa_ros2/install/melfa_description:/home/ram/melfa_ros2/install/melfa_bringup:/home/ram/melfa_ros2/install/xacro:/home/ram/cognipilot/cranium/install/synapse_ros:/home/ram/cognipilot/cranium/install/synapse_gz:/home/ram/cognipilot/cranium/install/synapse_tinyframe:/home/ram/cognipilot/cranium/install/synapse_protobuf:/home/ram/cognipilot/cranium/install/corti:/home/ram/cognipilot/cranium/install/synapse_msgs:/home/ram/cognipilot/cranium/install/dream_world:/home/ram/cognipilot/cranium/install/cerebri_bringup:/home/ram/cognipilot/cranium/install/b3rb_simulator:/home/ram/cognipilot/cranium/install/b3rb_desktop:/home/ram/cognipilot/cranium/install/b3rb_rviz:/home/ram/cognipilot/cranium/install/b3rb_nav2:/home/ram/cognipilot/cranium/install/b3rb_gz_resource:/home/ram/cognipilot/cranium/install/b3rb_gz_bringup:/home/ram/cognipilot/cranium/install/b3rb_description:/home/ram/cognipilot/electrode/install/electrode:/home/ram/cognipilot/cranium/install/b3rb_ros_line_follower:/opt/ros/humble PATH=/home/ram/melfa_ros2/install/xacro/bin:${PATH} PYTHONPATH=/home/ram/melfa_ros2/install/xacro/local/lib/python3.10/dist-packages:${PYTHONPATH} /usr/bin/cmake --build /home/ram/melfa_ros2/build/melfa_driver -- -j16 -l16[0m
[3.321s] [34mcolcon.colcon_core.event_handler.log_command[0m [1;30mDEBUG[0m [32mInvoked command in '/home/ram/melfa_ros2/build/melfa_msgs' returned '0': CMAKE_PREFIX_PATH=${CMAKE_PREFIX_PATH}:/home/ram/cognipilot/cranium/install/b3rb_ros_line_follower:/opt/ros/humble /usr/bin/cmake --build /home/ram/melfa_ros2/build/melfa_msgs -- -j16 -l16[0m
[3.322s] [34mcolcon.colcon_core.event_handler.log_command[0m [1;30mDEBUG[0m [32mInvoking command in '/home/ram/melfa_ros2/build/melfa_msgs': CMAKE_PREFIX_PATH=${CMAKE_PREFIX_PATH}:/home/ram/cognipilot/cranium/install/b3rb_ros_line_follower:/opt/ros/humble /usr/bin/cmake --install /home/ram/melfa_ros2/build/melfa_msgs[0m
[3.375s] [34mcolcon.colcon_core.environment[0m [1;30mLevel 1[0m create_environment_scripts_only(melfa_msgs)
[3.376s] [34mcolcon.colcon_core.environment[0m [1;30mLevel 1[0m checking '/home/ram/melfa_ros2/install/melfa_msgs' for CMake module files
[3.376s] [34mcolcon.colcon_core.event_handler.log_command[0m [1;30mDEBUG[0m [32mInvoked command in '/home/ram/melfa_ros2/build/melfa_msgs' returned '0': CMAKE_PREFIX_PATH=${CMAKE_PREFIX_PATH}:/home/ram/cognipilot/cranium/install/b3rb_ros_line_follower:/opt/ros/humble /usr/bin/cmake --install /home/ram/melfa_ros2/build/melfa_msgs[0m
[3.377s] [34mcolcon.colcon_core.environment[0m [1;30mLevel 1[0m checking '/home/ram/melfa_ros2/install/melfa_msgs' for CMake config files
[3.378s] [34mcolcon.colcon_core.shell[0m [1;30mLevel 1[0m create_environment_hook('melfa_msgs', 'cmake_prefix_path')
[3.378s] [34mcolcon.colcon_core.shell[0m [1;30mINFO[0m Creating environment hook '/home/ram/melfa_ros2/install/melfa_msgs/share/melfa_msgs/hook/cmake_prefix_path.ps1'
[3.379s] [34mcolcon.colcon_core.shell[0m [1;30mINFO[0m Creating environment descriptor '/home/ram/melfa_ros2/install/melfa_msgs/share/melfa_msgs/hook/cmake_prefix_path.dsv'
[3.379s] [34mcolcon.colcon_core.shell[0m [1;30mINFO[0m Creating environment hook '/home/ram/melfa_ros2/install/melfa_msgs/share/melfa_msgs/hook/cmake_prefix_path.sh'
[3.380s] [34mcolcon.colcon_core.environment[0m [1;30mLevel 1[0m checking '/home/ram/melfa_ros2/install/melfa_msgs/lib'
[3.380s] [34mcolcon.colcon_core.shell[0m [1;30mLevel 1[0m create_environment_hook('melfa_msgs', 'ld_library_path_lib')
[3.381s] [34mcolcon.colcon_core.shell[0m [1;30mINFO[0m Creating environment hook '/home/ram/melfa_ros2/install/melfa_msgs/share/melfa_msgs/hook/ld_library_path_lib.ps1'
[3.381s] [34mcolcon.colcon_core.shell[0m [1;30mINFO[0m Creating environment descriptor '/home/ram/melfa_ros2/install/melfa_msgs/share/melfa_msgs/hook/ld_library_path_lib.dsv'
[3.381s] [34mcolcon.colcon_core.shell[0m [1;30mINFO[0m Creating environment hook '/home/ram/melfa_ros2/install/melfa_msgs/share/melfa_msgs/hook/ld_library_path_lib.sh'
[3.382s] [34mcolcon.colcon_core.environment[0m [1;30mLevel 1[0m checking '/home/ram/melfa_ros2/install/melfa_msgs/bin'
[3.382s] [34mcolcon.colcon_core.environment[0m [1;30mLevel 1[0m checking '/home/ram/melfa_ros2/install/melfa_msgs/lib/pkgconfig/melfa_msgs.pc'
[3.382s] [34mcolcon.colcon_core.environment[0m [1;30mLevel 1[0m checking '/home/ram/melfa_ros2/install/melfa_msgs/lib/python3.10/site-packages'
[3.383s] [34mcolcon.colcon_core.environment[0m [1;30mLevel 1[0m checking '/home/ram/melfa_ros2/install/melfa_msgs/bin'
[3.383s] [34mcolcon.colcon_core.shell[0m [1;30mINFO[0m Creating package script '/home/ram/melfa_ros2/install/melfa_msgs/share/melfa_msgs/package.ps1'
[3.384s] [34mcolcon.colcon_core.shell[0m [1;30mINFO[0m Creating package descriptor '/home/ram/melfa_ros2/install/melfa_msgs/share/melfa_msgs/package.dsv'
[3.384s] [34mcolcon.colcon_core.shell[0m [1;30mINFO[0m Creating package script '/home/ram/melfa_ros2/install/melfa_msgs/share/melfa_msgs/package.sh'
[3.385s] [34mcolcon.colcon_core.shell[0m [1;30mINFO[0m Creating package script '/home/ram/melfa_ros2/install/melfa_msgs/share/melfa_msgs/package.bash'
[3.385s] [34mcolcon.colcon_core.shell[0m [1;30mINFO[0m Creating package script '/home/ram/melfa_ros2/install/melfa_msgs/share/melfa_msgs/package.zsh'
[3.386s] [34mcolcon.colcon_core.environment[0m [1;30mLevel 1[0m create_file_with_runtime_dependencies(/home/ram/melfa_ros2/install/melfa_msgs/share/colcon-core/packages/melfa_msgs)
[3.387s] [34mcolcon.colcon_core.environment[0m [1;30mLevel 1[0m create_environment_scripts_only(melfa_msgs)
[3.387s] [34mcolcon.colcon_core.environment[0m [1;30mLevel 1[0m checking '/home/ram/melfa_ros2/install/melfa_msgs' for CMake module files
[3.388s] [34mcolcon.colcon_core.environment[0m [1;30mLevel 1[0m checking '/home/ram/melfa_ros2/install/melfa_msgs' for CMake config files
[3.389s] [34mcolcon.colcon_core.shell[0m [1;30mLevel 1[0m create_environment_hook('melfa_msgs', 'cmake_prefix_path')
[3.389s] [34mcolcon.colcon_core.shell[0m [1;30mINFO[0m Creating environment hook '/home/ram/melfa_ros2/install/melfa_msgs/share/melfa_msgs/hook/cmake_prefix_path.ps1'
[3.390s] [34mcolcon.colcon_core.shell[0m [1;30mINFO[0m Creating environment descriptor '/home/ram/melfa_ros2/install/melfa_msgs/share/melfa_msgs/hook/cmake_prefix_path.dsv'
[3.390s] [34mcolcon.colcon_core.shell[0m [1;30mINFO[0m Creating environment hook '/home/ram/melfa_ros2/install/melfa_msgs/share/melfa_msgs/hook/cmake_prefix_path.sh'
[3.391s] [34mcolcon.colcon_core.environment[0m [1;30mLevel 1[0m checking '/home/ram/melfa_ros2/install/melfa_msgs/lib'
[3.391s] [34mcolcon.colcon_core.shell[0m [1;30mLevel 1[0m create_environment_hook('melfa_msgs', 'ld_library_path_lib')
[3.391s] [34mcolcon.colcon_core.shell[0m [1;30mINFO[0m Creating environment hook '/home/ram/melfa_ros2/install/melfa_msgs/share/melfa_msgs/hook/ld_library_path_lib.ps1'
[3.392s] [34mcolcon.colcon_core.shell[0m [1;30mINFO[0m Creating environment descriptor '/home/ram/melfa_ros2/install/melfa_msgs/share/melfa_msgs/hook/ld_library_path_lib.dsv'
[3.392s] [34mcolcon.colcon_core.shell[0m [1;30mINFO[0m Creating environment hook '/home/ram/melfa_ros2/install/melfa_msgs/share/melfa_msgs/hook/ld_library_path_lib.sh'
[3.392s] [34mcolcon.colcon_core.environment[0m [1;30mLevel 1[0m checking '/home/ram/melfa_ros2/install/melfa_msgs/bin'
[3.392s] [34mcolcon.colcon_core.environment[0m [1;30mLevel 1[0m checking '/home/ram/melfa_ros2/install/melfa_msgs/lib/pkgconfig/melfa_msgs.pc'
[3.393s] [34mcolcon.colcon_core.environment[0m [1;30mLevel 1[0m checking '/home/ram/melfa_ros2/install/melfa_msgs/lib/python3.10/site-packages'
[3.393s] [34mcolcon.colcon_core.environment[0m [1;30mLevel 1[0m checking '/home/ram/melfa_ros2/install/melfa_msgs/bin'
[3.394s] [34mcolcon.colcon_core.shell[0m [1;30mINFO[0m Creating package script '/home/ram/melfa_ros2/install/melfa_msgs/share/melfa_msgs/package.ps1'
[3.394s] [34mcolcon.colcon_core.shell[0m [1;30mINFO[0m Creating package descriptor '/home/ram/melfa_ros2/install/melfa_msgs/share/melfa_msgs/package.dsv'
[3.395s] [34mcolcon.colcon_core.shell[0m [1;30mINFO[0m Creating package script '/home/ram/melfa_ros2/install/melfa_msgs/share/melfa_msgs/package.sh'
[3.396s] [34mcolcon.colcon_core.shell[0m [1;30mINFO[0m Creating package script '/home/ram/melfa_ros2/install/melfa_msgs/share/melfa_msgs/package.bash'
[3.396s] [34mcolcon.colcon_core.shell[0m [1;30mINFO[0m Creating package script '/home/ram/melfa_ros2/install/melfa_msgs/share/melfa_msgs/package.zsh'
[3.396s] [34mcolcon.colcon_core.environment[0m [1;30mLevel 1[0m create_file_with_runtime_dependencies(/home/ram/melfa_ros2/install/melfa_msgs/share/colcon-core/packages/melfa_msgs)
[3.397s] [34mcolcon.colcon_ros.task.ament_cmake.build[0m [1;30mINFO[0m Building ROS package in '/home/ram/melfa_ros2/src/melfa_ros2_driver/melfa_io_controllers' with build type 'ament_cmake'
[3.397s] [34mcolcon.colcon_cmake.task.cmake.build[0m [1;30mINFO[0m Building CMake package in '/home/ram/melfa_ros2/src/melfa_ros2_driver/melfa_io_controllers'
[3.397s] [34mcolcon.colcon_core.shell[0m [1;30mINFO[0m Skip shell extension 'powershell' for command environment: Not usable outside of PowerShell
[3.397s] [34mcolcon.colcon_core.shell[0m [1;30mDEBUG[0m [32mSkip shell extension 'dsv' for command environment[0m
[3.412s] [34mcolcon.colcon_core.event_handler.log_command[0m [1;30mDEBUG[0m [32mInvoking command in '/home/ram/melfa_ros2/build/melfa_io_controllers': AMENT_PREFIX_PATH=/home/ram/melfa_ros2/install/melfa_msgs:${AMENT_PREFIX_PATH} CMAKE_PREFIX_PATH=/home/ram/melfa_ros2/install/melfa_msgs:/home/ram/cognipilot/cranium/install/synapse_ros:/home/ram/cognipilot/cranium/install/synapse_gz:/home/ram/cognipilot/cranium/install/synapse_tinyframe:/home/ram/cognipilot/cranium/install/synapse_protobuf:/home/ram/cognipilot/cranium/install/corti:/home/ram/cognipilot/cranium/install/synapse_msgs:/home/ram/cognipilot/cranium/install/dream_world:/home/ram/cognipilot/cranium/install/cerebri_bringup:/home/ram/cognipilot/cranium/install/b3rb_simulator:/home/ram/cognipilot/cranium/install/b3rb_desktop:/home/ram/cognipilot/cranium/install/b3rb_rviz:/home/ram/cognipilot/cranium/install/b3rb_nav2:/home/ram/cognipilot/cranium/install/b3rb_gz_resource:/home/ram/cognipilot/cranium/install/b3rb_gz_bringup:/home/ram/cognipilot/cranium/install/b3rb_description:/home/ram/cognipilot/electrode/install/electrode:/home/ram/cognipilot/cranium/install/b3rb_ros_line_follower:/opt/ros/humble LD_LIBRARY_PATH=/home/ram/melfa_ros2/install/melfa_msgs/lib:${LD_LIBRARY_PATH} PYTHONPATH=/home/ram/melfa_ros2/install/melfa_msgs/local/lib/python3.10/dist-packages:${PYTHONPATH} /usr/bin/cmake /home/ram/melfa_ros2/src/melfa_ros2_driver/melfa_io_controllers -DCMAKE_BUILD_TYPE=Release -DCMAKE_INSTALL_PREFIX=/home/ram/melfa_ros2/install/melfa_io_controllers[0m
[3.881s] [34mcolcon.colcon_core.event_handler.log_command[0m [1;30mDEBUG[0m [32mInvoked command in '/home/ram/melfa_ros2/build/melfa_io_controllers' returned '0': AMENT_PREFIX_PATH=/home/ram/melfa_ros2/install/melfa_msgs:${AMENT_PREFIX_PATH} CMAKE_PREFIX_PATH=/home/ram/melfa_ros2/install/melfa_msgs:/home/ram/cognipilot/cranium/install/synapse_ros:/home/ram/cognipilot/cranium/install/synapse_gz:/home/ram/cognipilot/cranium/install/synapse_tinyframe:/home/ram/cognipilot/cranium/install/synapse_protobuf:/home/ram/cognipilot/cranium/install/corti:/home/ram/cognipilot/cranium/install/synapse_msgs:/home/ram/cognipilot/cranium/install/dream_world:/home/ram/cognipilot/cranium/install/cerebri_bringup:/home/ram/cognipilot/cranium/install/b3rb_simulator:/home/ram/cognipilot/cranium/install/b3rb_desktop:/home/ram/cognipilot/cranium/install/b3rb_rviz:/home/ram/cognipilot/cranium/install/b3rb_nav2:/home/ram/cognipilot/cranium/install/b3rb_gz_resource:/home/ram/cognipilot/cranium/install/b3rb_gz_bringup:/home/ram/cognipilot/cranium/install/b3rb_description:/home/ram/cognipilot/electrode/install/electrode:/home/ram/cognipilot/cranium/install/b3rb_ros_line_follower:/opt/ros/humble LD_LIBRARY_PATH=/home/ram/melfa_ros2/install/melfa_msgs/lib:${LD_LIBRARY_PATH} PYTHONPATH=/home/ram/melfa_ros2/install/melfa_msgs/local/lib/python3.10/dist-packages:${PYTHONPATH} /usr/bin/cmake /home/ram/melfa_ros2/src/melfa_ros2_driver/melfa_io_controllers -DCMAKE_BUILD_TYPE=Release -DCMAKE_INSTALL_PREFIX=/home/ram/melfa_ros2/install/melfa_io_controllers[0m
[3.881s] [34mcolcon.colcon_core.event_handler.log_command[0m [1;30mDEBUG[0m [32mInvoking command in '/home/ram/melfa_ros2/build/melfa_io_controllers': AMENT_PREFIX_PATH=/home/ram/melfa_ros2/install/melfa_msgs:${AMENT_PREFIX_PATH} CMAKE_PREFIX_PATH=/home/ram/melfa_ros2/install/melfa_msgs:/home/ram/cognipilot/cranium/install/synapse_ros:/home/ram/cognipilot/cranium/install/synapse_gz:/home/ram/cognipilot/cranium/install/synapse_tinyframe:/home/ram/cognipilot/cranium/install/synapse_protobuf:/home/ram/cognipilot/cranium/install/corti:/home/ram/cognipilot/cranium/install/synapse_msgs:/home/ram/cognipilot/cranium/install/dream_world:/home/ram/cognipilot/cranium/install/cerebri_bringup:/home/ram/cognipilot/cranium/install/b3rb_simulator:/home/ram/cognipilot/cranium/install/b3rb_desktop:/home/ram/cognipilot/cranium/install/b3rb_rviz:/home/ram/cognipilot/cranium/install/b3rb_nav2:/home/ram/cognipilot/cranium/install/b3rb_gz_resource:/home/ram/cognipilot/cranium/install/b3rb_gz_bringup:/home/ram/cognipilot/cranium/install/b3rb_description:/home/ram/cognipilot/electrode/install/electrode:/home/ram/cognipilot/cranium/install/b3rb_ros_line_follower:/opt/ros/humble LD_LIBRARY_PATH=/home/ram/melfa_ros2/install/melfa_msgs/lib:${LD_LIBRARY_PATH} PYTHONPATH=/home/ram/melfa_ros2/install/melfa_msgs/local/lib/python3.10/dist-packages:${PYTHONPATH} /usr/bin/cmake --build /home/ram/melfa_ros2/build/melfa_io_controllers -- -j16 -l16[0m
[6.954s] [34mcolcon.colcon_core.event_handler.log_command[0m [1;30mDEBUG[0m [32mInvoked command in '/home/ram/melfa_ros2/build/melfa_driver' returned '0': AMENT_PREFIX_PATH=/home/ram/melfa_ros2/install/melfa_description:/home/ram/melfa_ros2/install/melfa_bringup:/home/ram/melfa_ros2/install/xacro:${AMENT_PREFIX_PATH} CMAKE_PREFIX_PATH=/home/ram/melfa_ros2/install/melfa_description:/home/ram/melfa_ros2/install/melfa_bringup:/home/ram/melfa_ros2/install/xacro:/home/ram/cognipilot/cranium/install/synapse_ros:/home/ram/cognipilot/cranium/install/synapse_gz:/home/ram/cognipilot/cranium/install/synapse_tinyframe:/home/ram/cognipilot/cranium/install/synapse_protobuf:/home/ram/cognipilot/cranium/install/corti:/home/ram/cognipilot/cranium/install/synapse_msgs:/home/ram/cognipilot/cranium/install/dream_world:/home/ram/cognipilot/cranium/install/cerebri_bringup:/home/ram/cognipilot/cranium/install/b3rb_simulator:/home/ram/cognipilot/cranium/install/b3rb_desktop:/home/ram/cognipilot/cranium/install/b3rb_rviz:/home/ram/cognipilot/cranium/install/b3rb_nav2:/home/ram/cognipilot/cranium/install/b3rb_gz_resource:/home/ram/cognipilot/cranium/install/b3rb_gz_bringup:/home/ram/cognipilot/cranium/install/b3rb_description:/home/ram/cognipilot/electrode/install/electrode:/home/ram/cognipilot/cranium/install/b3rb_ros_line_follower:/opt/ros/humble PATH=/home/ram/melfa_ros2/install/xacro/bin:${PATH} PYTHONPATH=/home/ram/melfa_ros2/install/xacro/local/lib/python3.10/dist-packages:${PYTHONPATH} /usr/bin/cmake --build /home/ram/melfa_ros2/build/melfa_driver -- -j16 -l16[0m
[6.955s] [34mcolcon.colcon_core.event_handler.log_command[0m [1;30mDEBUG[0m [32mInvoking command in '/home/ram/melfa_ros2/build/melfa_driver': AMENT_PREFIX_PATH=/home/ram/melfa_ros2/install/melfa_description:/home/ram/melfa_ros2/install/melfa_bringup:/home/ram/melfa_ros2/install/xacro:${AMENT_PREFIX_PATH} CMAKE_PREFIX_PATH=/home/ram/melfa_ros2/install/melfa_description:/home/ram/melfa_ros2/install/melfa_bringup:/home/ram/melfa_ros2/install/xacro:/home/ram/cognipilot/cranium/install/synapse_ros:/home/ram/cognipilot/cranium/install/synapse_gz:/home/ram/cognipilot/cranium/install/synapse_tinyframe:/home/ram/cognipilot/cranium/install/synapse_protobuf:/home/ram/cognipilot/cranium/install/corti:/home/ram/cognipilot/cranium/install/synapse_msgs:/home/ram/cognipilot/cranium/install/dream_world:/home/ram/cognipilot/cranium/install/cerebri_bringup:/home/ram/cognipilot/cranium/install/b3rb_simulator:/home/ram/cognipilot/cranium/install/b3rb_desktop:/home/ram/cognipilot/cranium/install/b3rb_rviz:/home/ram/cognipilot/cranium/install/b3rb_nav2:/home/ram/cognipilot/cranium/install/b3rb_gz_resource:/home/ram/cognipilot/cranium/install/b3rb_gz_bringup:/home/ram/cognipilot/cranium/install/b3rb_description:/home/ram/cognipilot/electrode/install/electrode:/home/ram/cognipilot/cranium/install/b3rb_ros_line_follower:/opt/ros/humble PATH=/home/ram/melfa_ros2/install/xacro/bin:${PATH} PYTHONPATH=/home/ram/melfa_ros2/install/xacro/local/lib/python3.10/dist-packages:${PYTHONPATH} /usr/bin/cmake --install /home/ram/melfa_ros2/build/melfa_driver[0m
[6.971s] [34mcolcon.colcon_core.environment[0m [1;30mLevel 1[0m create_environment_scripts_only(melfa_driver)
[6.971s] [34mcolcon.colcon_core.event_handler.log_command[0m [1;30mDEBUG[0m [32mInvoked command in '/home/ram/melfa_ros2/build/melfa_driver' returned '0': AMENT_PREFIX_PATH=/home/ram/melfa_ros2/install/melfa_description:/home/ram/melfa_ros2/install/melfa_bringup:/home/ram/melfa_ros2/install/xacro:${AMENT_PREFIX_PATH} CMAKE_PREFIX_PATH=/home/ram/melfa_ros2/install/melfa_description:/home/ram/melfa_ros2/install/melfa_bringup:/home/ram/melfa_ros2/install/xacro:/home/ram/cognipilot/cranium/install/synapse_ros:/home/ram/cognipilot/cranium/install/synapse_gz:/home/ram/cognipilot/cranium/install/synapse_tinyframe:/home/ram/cognipilot/cranium/install/synapse_protobuf:/home/ram/cognipilot/cranium/install/corti:/home/ram/cognipilot/cranium/install/synapse_msgs:/home/ram/cognipilot/cranium/install/dream_world:/home/ram/cognipilot/cranium/install/cerebri_bringup:/home/ram/cognipilot/cranium/install/b3rb_simulator:/home/ram/cognipilot/cranium/install/b3rb_desktop:/home/ram/cognipilot/cranium/install/b3rb_rviz:/home/ram/cognipilot/cranium/install/b3rb_nav2:/home/ram/cognipilot/cranium/install/b3rb_gz_resource:/home/ram/cognipilot/cranium/install/b3rb_gz_bringup:/home/ram/cognipilot/cranium/install/b3rb_description:/home/ram/cognipilot/electrode/install/electrode:/home/ram/cognipilot/cranium/install/b3rb_ros_line_follower:/opt/ros/humble PATH=/home/ram/melfa_ros2/install/xacro/bin:${PATH} PYTHONPATH=/home/ram/melfa_ros2/install/xacro/local/lib/python3.10/dist-packages:${PYTHONPATH} /usr/bin/cmake --install /home/ram/melfa_ros2/build/melfa_driver[0m
[6.971s] [34mcolcon.colcon_core.environment[0m [1;30mLevel 1[0m checking '/home/ram/melfa_ros2/install/melfa_driver' for CMake module files
[6.972s] [34mcolcon.colcon_core.environment[0m [1;30mLevel 1[0m checking '/home/ram/melfa_ros2/install/melfa_driver' for CMake config files
[6.972s] [34mcolcon.colcon_core.shell[0m [1;30mLevel 1[0m create_environment_hook('melfa_driver', 'cmake_prefix_path')
[6.972s] [34mcolcon.colcon_core.shell[0m [1;30mINFO[0m Creating environment hook '/home/ram/melfa_ros2/install/melfa_driver/share/melfa_driver/hook/cmake_prefix_path.ps1'
[6.973s] [34mcolcon.colcon_core.shell[0m [1;30mINFO[0m Creating environment descriptor '/home/ram/melfa_ros2/install/melfa_driver/share/melfa_driver/hook/cmake_prefix_path.dsv'
[6.973s] [34mcolcon.colcon_core.shell[0m [1;30mINFO[0m Creating environment hook '/home/ram/melfa_ros2/install/melfa_driver/share/melfa_driver/hook/cmake_prefix_path.sh'
[6.973s] [34mcolcon.colcon_core.environment[0m [1;30mLevel 1[0m checking '/home/ram/melfa_ros2/install/melfa_driver/lib'
[6.973s] [34mcolcon.colcon_core.shell[0m [1;30mLevel 1[0m create_environment_hook('melfa_driver', 'ld_library_path_lib')
[6.973s] [34mcolcon.colcon_core.shell[0m [1;30mINFO[0m Creating environment hook '/home/ram/melfa_ros2/install/melfa_driver/share/melfa_driver/hook/ld_library_path_lib.ps1'
[6.974s] [34mcolcon.colcon_core.shell[0m [1;30mINFO[0m Creating environment descriptor '/home/ram/melfa_ros2/install/melfa_driver/share/melfa_driver/hook/ld_library_path_lib.dsv'
[6.974s] [34mcolcon.colcon_core.shell[0m [1;30mINFO[0m Creating environment hook '/home/ram/melfa_ros2/install/melfa_driver/share/melfa_driver/hook/ld_library_path_lib.sh'
[6.974s] [34mcolcon.colcon_core.environment[0m [1;30mLevel 1[0m checking '/home/ram/melfa_ros2/install/melfa_driver/bin'
[6.974s] [34mcolcon.colcon_core.environment[0m [1;30mLevel 1[0m checking '/home/ram/melfa_ros2/install/melfa_driver/lib/pkgconfig/melfa_driver.pc'
[6.974s] [34mcolcon.colcon_core.environment[0m [1;30mLevel 1[0m checking '/home/ram/melfa_ros2/install/melfa_driver/lib/python3.10/site-packages'
[6.975s] [34mcolcon.colcon_core.environment[0m [1;30mLevel 1[0m checking '/home/ram/melfa_ros2/install/melfa_driver/bin'
[6.975s] [34mcolcon.colcon_core.shell[0m [1;30mINFO[0m Creating package script '/home/ram/melfa_ros2/install/melfa_driver/share/melfa_driver/package.ps1'
[6.975s] [34mcolcon.colcon_core.shell[0m [1;30mINFO[0m Creating package descriptor '/home/ram/melfa_ros2/install/melfa_driver/share/melfa_driver/package.dsv'
[6.975s] [34mcolcon.colcon_core.shell[0m [1;30mINFO[0m Creating package script '/home/ram/melfa_ros2/install/melfa_driver/share/melfa_driver/package.sh'
[6.976s] [34mcolcon.colcon_core.shell[0m [1;30mINFO[0m Creating package script '/home/ram/melfa_ros2/install/melfa_driver/share/melfa_driver/package.bash'
[6.976s] [34mcolcon.colcon_core.shell[0m [1;30mINFO[0m Creating package script '/home/ram/melfa_ros2/install/melfa_driver/share/melfa_driver/package.zsh'
[6.976s] [34mcolcon.colcon_core.environment[0m [1;30mLevel 1[0m create_file_with_runtime_dependencies(/home/ram/melfa_ros2/install/melfa_driver/share/colcon-core/packages/melfa_driver)
[6.976s] [34mcolcon.colcon_core.environment[0m [1;30mLevel 1[0m create_environment_scripts_only(melfa_driver)
[6.976s] [34mcolcon.colcon_core.environment[0m [1;30mLevel 1[0m checking '/home/ram/melfa_ros2/install/melfa_driver' for CMake module files
[6.977s] [34mcolcon.colcon_core.environment[0m [1;30mLevel 1[0m checking '/home/ram/melfa_ros2/install/melfa_driver' for CMake config files
[6.977s] [34mcolcon.colcon_core.shell[0m [1;30mLevel 1[0m create_environment_hook('melfa_driver', 'cmake_prefix_path')
[6.977s] [34mcolcon.colcon_core.shell[0m [1;30mINFO[0m Creating environment hook '/home/ram/melfa_ros2/install/melfa_driver/share/melfa_driver/hook/cmake_prefix_path.ps1'
[6.977s] [34mcolcon.colcon_core.shell[0m [1;30mINFO[0m Creating environment descriptor '/home/ram/melfa_ros2/install/melfa_driver/share/melfa_driver/hook/cmake_prefix_path.dsv'
[6.977s] [34mcolcon.colcon_core.shell[0m [1;30mINFO[0m Creating environment hook '/home/ram/melfa_ros2/install/melfa_driver/share/melfa_driver/hook/cmake_prefix_path.sh'
[6.978s] [34mcolcon.colcon_core.environment[0m [1;30mLevel 1[0m checking '/home/ram/melfa_ros2/install/melfa_driver/lib'
[6.978s] [34mcolcon.colcon_core.shell[0m [1;30mLevel 1[0m create_environment_hook('melfa_driver', 'ld_library_path_lib')
[6.978s] [34mcolcon.colcon_core.shell[0m [1;30mINFO[0m Creating environment hook '/home/ram/melfa_ros2/install/melfa_driver/share/melfa_driver/hook/ld_library_path_lib.ps1'
[6.978s] [34mcolcon.colcon_core.shell[0m [1;30mINFO[0m Creating environment descriptor '/home/ram/melfa_ros2/install/melfa_driver/share/melfa_driver/hook/ld_library_path_lib.dsv'
[6.979s] [34mcolcon.colcon_core.shell[0m [1;30mINFO[0m Creating environment hook '/home/ram/melfa_ros2/install/melfa_driver/share/melfa_driver/hook/ld_library_path_lib.sh'
[6.979s] [34mcolcon.colcon_core.environment[0m [1;30mLevel 1[0m checking '/home/ram/melfa_ros2/install/melfa_driver/bin'
[6.979s] [34mcolcon.colcon_core.environment[0m [1;30mLevel 1[0m checking '/home/ram/melfa_ros2/install/melfa_driver/lib/pkgconfig/melfa_driver.pc'
[6.979s] [34mcolcon.colcon_core.environment[0m [1;30mLevel 1[0m checking '/home/ram/melfa_ros2/install/melfa_driver/lib/python3.10/site-packages'
[6.979s] [34mcolcon.colcon_core.environment[0m [1;30mLevel 1[0m checking '/home/ram/melfa_ros2/install/melfa_driver/bin'
[6.979s] [34mcolcon.colcon_core.shell[0m [1;30mINFO[0m Creating package script '/home/ram/melfa_ros2/install/melfa_driver/share/melfa_driver/package.ps1'
[6.980s] [34mcolcon.colcon_core.shell[0m [1;30mINFO[0m Creating package descriptor '/home/ram/melfa_ros2/install/melfa_driver/share/melfa_driver/package.dsv'
[6.980s] [34mcolcon.colcon_core.shell[0m [1;30mINFO[0m Creating package script '/home/ram/melfa_ros2/install/melfa_driver/share/melfa_driver/package.sh'
[6.980s] [34mcolcon.colcon_core.shell[0m [1;30mINFO[0m Creating package script '/home/ram/melfa_ros2/install/melfa_driver/share/melfa_driver/package.bash'
[6.981s] [34mcolcon.colcon_core.shell[0m [1;30mINFO[0m Creating package script '/home/ram/melfa_ros2/install/melfa_driver/share/melfa_driver/package.zsh'
[6.981s] [34mcolcon.colcon_core.environment[0m [1;30mLevel 1[0m create_file_with_runtime_dependencies(/home/ram/melfa_ros2/install/melfa_driver/share/colcon-core/packages/melfa_driver)
[6.981s] [34mcolcon.colcon_ros.task.ament_cmake.build[0m [1;30mINFO[0m Building ROS package in '/home/ram/melfa_ros2/src/melfa_ros2_driver/melfa_moveit_config/melfa_rv13frl_moveit_config' with build type 'ament_cmake'
[6.981s] [34mcolcon.colcon_cmake.task.cmake.build[0m [1;30mINFO[0m Building CMake package in '/home/ram/melfa_ros2/src/melfa_ros2_driver/melfa_moveit_config/melfa_rv13frl_moveit_config'
[6.981s] [34mcolcon.colcon_core.shell[0m [1;30mINFO[0m Skip shell extension 'powershell' for command environment: Not usable outside of PowerShell
[6.981s] [34mcolcon.colcon_core.shell[0m [1;30mDEBUG[0m [32mSkip shell extension 'dsv' for command environment[0m
[6.992s] [34mcolcon.colcon_core.event_handler.log_command[0m [1;30mDEBUG[0m [32mInvoking command in '/home/ram/melfa_ros2/build/melfa_rv13frl_moveit_config': AMENT_PREFIX_PATH=/home/ram/melfa_ros2/install/melfa_description:/home/ram/melfa_ros2/install/xacro:${AMENT_PREFIX_PATH} CMAKE_PREFIX_PATH=/home/ram/melfa_ros2/install/melfa_description:/home/ram/melfa_ros2/install/xacro:/home/ram/cognipilot/cranium/install/synapse_ros:/home/ram/cognipilot/cranium/install/synapse_gz:/home/ram/cognipilot/cranium/install/synapse_tinyframe:/home/ram/cognipilot/cranium/install/synapse_protobuf:/home/ram/cognipilot/cranium/install/corti:/home/ram/cognipilot/cranium/install/synapse_msgs:/home/ram/cognipilot/cranium/install/dream_world:/home/ram/cognipilot/cranium/install/cerebri_bringup:/home/ram/cognipilot/cranium/install/b3rb_simulator:/home/ram/cognipilot/cranium/install/b3rb_desktop:/home/ram/cognipilot/cranium/install/b3rb_rviz:/home/ram/cognipilot/cranium/install/b3rb_nav2:/home/ram/cognipilot/cranium/install/b3rb_gz_resource:/home/ram/cognipilot/cranium/install/b3rb_gz_bringup:/home/ram/cognipilot/cranium/install/b3rb_description:/home/ram/cognipilot/electrode/install/electrode:/home/ram/cognipilot/cranium/install/b3rb_ros_line_follower:/opt/ros/humble PATH=/home/ram/melfa_ros2/install/xacro/bin:${PATH} PYTHONPATH=/home/ram/melfa_ros2/install/xacro/local/lib/python3.10/dist-packages:${PYTHONPATH} /usr/bin/cmake /home/ram/melfa_ros2/src/melfa_ros2_driver/melfa_moveit_config/melfa_rv13frl_moveit_config -DCMAKE_BUILD_TYPE=Release -DCMAKE_INSTALL_PREFIX=/home/ram/melfa_ros2/install/melfa_rv13frl_moveit_config[0m
[7.431s] [34mcolcon.colcon_core.event_handler.log_command[0m [1;30mDEBUG[0m [32mInvoked command in '/home/ram/melfa_ros2/build/melfa_rh6frh5520_moveit_config' returned '0': AMENT_PREFIX_PATH=/home/ram/melfa_ros2/install/melfa_description:/home/ram/melfa_ros2/install/xacro:${AMENT_PREFIX_PATH} CMAKE_PREFIX_PATH=/home/ram/melfa_ros2/install/melfa_description:/home/ram/melfa_ros2/install/xacro:/home/ram/cognipilot/cranium/install/synapse_ros:/home/ram/cognipilot/cranium/install/synapse_gz:/home/ram/cognipilot/cranium/install/synapse_tinyframe:/home/ram/cognipilot/cranium/install/synapse_protobuf:/home/ram/cognipilot/cranium/install/corti:/home/ram/cognipilot/cranium/install/synapse_msgs:/home/ram/cognipilot/cranium/install/dream_world:/home/ram/cognipilot/cranium/install/cerebri_bringup:/home/ram/cognipilot/cranium/install/b3rb_simulator:/home/ram/cognipilot/cranium/install/b3rb_desktop:/home/ram/cognipilot/cranium/install/b3rb_rviz:/home/ram/cognipilot/cranium/install/b3rb_nav2:/home/ram/cognipilot/cranium/install/b3rb_gz_resource:/home/ram/cognipilot/cranium/install/b3rb_gz_bringup:/home/ram/cognipilot/cranium/install/b3rb_description:/home/ram/cognipilot/electrode/install/electrode:/home/ram/cognipilot/cranium/install/b3rb_ros_line_follower:/opt/ros/humble PATH=/home/ram/melfa_ros2/install/xacro/bin:${PATH} PYTHONPATH=/home/ram/melfa_ros2/install/xacro/local/lib/python3.10/dist-packages:${PYTHONPATH} /usr/bin/cmake --build /home/ram/melfa_ros2/build/melfa_rh6frh5520_moveit_config -- -j16 -l16[0m
[7.433s] [34mcolcon.colcon_core.event_handler.log_command[0m [1;30mDEBUG[0m [32mInvoking command in '/home/ram/melfa_ros2/build/melfa_rh6frh5520_moveit_config': AMENT_PREFIX_PATH=/home/ram/melfa_ros2/install/melfa_description:/home/ram/melfa_ros2/install/xacro:${AMENT_PREFIX_PATH} CMAKE_PREFIX_PATH=/home/ram/melfa_ros2/install/melfa_description:/home/ram/melfa_ros2/install/xacro:/home/ram/cognipilot/cranium/install/synapse_ros:/home/ram/cognipilot/cranium/install/synapse_gz:/home/ram/cognipilot/cranium/install/synapse_tinyframe:/home/ram/cognipilot/cranium/install/synapse_protobuf:/home/ram/cognipilot/cranium/install/corti:/home/ram/cognipilot/cranium/install/synapse_msgs:/home/ram/cognipilot/cranium/install/dream_world:/home/ram/cognipilot/cranium/install/cerebri_bringup:/home/ram/cognipilot/cranium/install/b3rb_simulator:/home/ram/cognipilot/cranium/install/b3rb_desktop:/home/ram/cognipilot/cranium/install/b3rb_rviz:/home/ram/cognipilot/cranium/install/b3rb_nav2:/home/ram/cognipilot/cranium/install/b3rb_gz_resource:/home/ram/cognipilot/cranium/install/b3rb_gz_bringup:/home/ram/cognipilot/cranium/install/b3rb_description:/home/ram/cognipilot/electrode/install/electrode:/home/ram/cognipilot/cranium/install/b3rb_ros_line_follower:/opt/ros/humble PATH=/home/ram/melfa_ros2/install/xacro/bin:${PATH} PYTHONPATH=/home/ram/melfa_ros2/install/xacro/local/lib/python3.10/dist-packages:${PYTHONPATH} /usr/bin/cmake --install /home/ram/melfa_ros2/build/melfa_rh6frh5520_moveit_config[0m
[7.441s] [34mcolcon.colcon_core.event_handler.log_command[0m [1;30mDEBUG[0m [32mInvoked command in '/home/ram/melfa_ros2/build/melfa_rv13frl_moveit_config' returned '0': AMENT_PREFIX_PATH=/home/ram/melfa_ros2/install/melfa_description:/home/ram/melfa_ros2/install/xacro:${AMENT_PREFIX_PATH} CMAKE_PREFIX_PATH=/home/ram/melfa_ros2/install/melfa_description:/home/ram/melfa_ros2/install/xacro:/home/ram/cognipilot/cranium/install/synapse_ros:/home/ram/cognipilot/cranium/install/synapse_gz:/home/ram/cognipilot/cranium/install/synapse_tinyframe:/home/ram/cognipilot/cranium/install/synapse_protobuf:/home/ram/cognipilot/cranium/install/corti:/home/ram/cognipilot/cranium/install/synapse_msgs:/home/ram/cognipilot/cranium/install/dream_world:/home/ram/cognipilot/cranium/install/cerebri_bringup:/home/ram/cognipilot/cranium/install/b3rb_simulator:/home/ram/cognipilot/cranium/install/b3rb_desktop:/home/ram/cognipilot/cranium/install/b3rb_rviz:/home/ram/cognipilot/cranium/install/b3rb_nav2:/home/ram/cognipilot/cranium/install/b3rb_gz_resource:/home/ram/cognipilot/cranium/install/b3rb_gz_bringup:/home/ram/cognipilot/cranium/install/b3rb_description:/home/ram/cognipilot/electrode/install/electrode:/home/ram/cognipilot/cranium/install/b3rb_ros_line_follower:/opt/ros/humble PATH=/home/ram/melfa_ros2/install/xacro/bin:${PATH} PYTHONPATH=/home/ram/melfa_ros2/install/xacro/local/lib/python3.10/dist-packages:${PYTHONPATH} /usr/bin/cmake /home/ram/melfa_ros2/src/melfa_ros2_driver/melfa_moveit_config/melfa_rv13frl_moveit_config -DCMAKE_BUILD_TYPE=Release -DCMAKE_INSTALL_PREFIX=/home/ram/melfa_ros2/install/melfa_rv13frl_moveit_config[0m
[7.442s] [34mcolcon.colcon_core.event_handler.log_command[0m [1;30mDEBUG[0m [32mInvoking command in '/home/ram/melfa_ros2/build/melfa_rv13frl_moveit_config': AMENT_PREFIX_PATH=/home/ram/melfa_ros2/install/melfa_description:/home/ram/melfa_ros2/install/xacro:${AMENT_PREFIX_PATH} CMAKE_PREFIX_PATH=/home/ram/melfa_ros2/install/melfa_description:/home/ram/melfa_ros2/install/xacro:/home/ram/cognipilot/cranium/install/synapse_ros:/home/ram/cognipilot/cranium/install/synapse_gz:/home/ram/cognipilot/cranium/install/synapse_tinyframe:/home/ram/cognipilot/cranium/install/synapse_protobuf:/home/ram/cognipilot/cranium/install/corti:/home/ram/cognipilot/cranium/install/synapse_msgs:/home/ram/cognipilot/cranium/install/dream_world:/home/ram/cognipilot/cranium/install/cerebri_bringup:/home/ram/cognipilot/cranium/install/b3rb_simulator:/home/ram/cognipilot/cranium/install/b3rb_desktop:/home/ram/cognipilot/cranium/install/b3rb_rviz:/home/ram/cognipilot/cranium/install/b3rb_nav2:/home/ram/cognipilot/cranium/install/b3rb_gz_resource:/home/ram/cognipilot/cranium/install/b3rb_gz_bringup:/home/ram/cognipilot/cranium/install/b3rb_description:/home/ram/cognipilot/electrode/install/electrode:/home/ram/cognipilot/cranium/install/b3rb_ros_line_follower:/opt/ros/humble PATH=/home/ram/melfa_ros2/install/xacro/bin:${PATH} PYTHONPATH=/home/ram/melfa_ros2/install/xacro/local/lib/python3.10/dist-packages:${PYTHONPATH} /usr/bin/cmake --build /home/ram/melfa_ros2/build/melfa_rv13frl_moveit_config -- -j16 -l16[0m
[7.443s] [34mcolcon.colcon_core.environment[0m [1;30mLevel 1[0m create_environment_scripts_only(melfa_rh6frh5520_moveit_config)
[7.444s] [34mcolcon.colcon_core.environment[0m [1;30mLevel 1[0m checking '/home/ram/melfa_ros2/install/melfa_rh6frh5520_moveit_config' for CMake module files
[7.444s] [34mcolcon.colcon_core.event_handler.log_command[0m [1;30mDEBUG[0m [32mInvoked command in '/home/ram/melfa_ros2/build/melfa_rh6frh5520_moveit_config' returned '0': AMENT_PREFIX_PATH=/home/ram/melfa_ros2/install/melfa_description:/home/ram/melfa_ros2/install/xacro:${AMENT_PREFIX_PATH} CMAKE_PREFIX_PATH=/home/ram/melfa_ros2/install/melfa_description:/home/ram/melfa_ros2/install/xacro:/home/ram/cognipilot/cranium/install/synapse_ros:/home/ram/cognipilot/cranium/install/synapse_gz:/home/ram/cognipilot/cranium/install/synapse_tinyframe:/home/ram/cognipilot/cranium/install/synapse_protobuf:/home/ram/cognipilot/cranium/install/corti:/home/ram/cognipilot/cranium/install/synapse_msgs:/home/ram/cognipilot/cranium/install/dream_world:/home/ram/cognipilot/cranium/install/cerebri_bringup:/home/ram/cognipilot/cranium/install/b3rb_simulator:/home/ram/cognipilot/cranium/install/b3rb_desktop:/home/ram/cognipilot/cranium/install/b3rb_rviz:/home/ram/cognipilot/cranium/install/b3rb_nav2:/home/ram/cognipilot/cranium/install/b3rb_gz_resource:/home/ram/cognipilot/cranium/install/b3rb_gz_bringup:/home/ram/cognipilot/cranium/install/b3rb_description:/home/ram/cognipilot/electrode/install/electrode:/home/ram/cognipilot/cranium/install/b3rb_ros_line_follower:/opt/ros/humble PATH=/home/ram/melfa_ros2/install/xacro/bin:${PATH} PYTHONPATH=/home/ram/melfa_ros2/install/xacro/local/lib/python3.10/dist-packages:${PYTHONPATH} /usr/bin/cmake --install /home/ram/melfa_ros2/build/melfa_rh6frh5520_moveit_config[0m
[7.444s] [34mcolcon.colcon_core.environment[0m [1;30mLevel 1[0m checking '/home/ram/melfa_ros2/install/melfa_rh6frh5520_moveit_config' for CMake config files
[7.444s] [34mcolcon.colcon_core.shell[0m [1;30mLevel 1[0m create_environment_hook('melfa_rh6frh5520_moveit_config', 'cmake_prefix_path')
[7.445s] [34mcolcon.colcon_core.shell[0m [1;30mINFO[0m Creating environment hook '/home/ram/melfa_ros2/install/melfa_rh6frh5520_moveit_config/share/melfa_rh6frh5520_moveit_config/hook/cmake_prefix_path.ps1'
[7.445s] [34mcolcon.colcon_core.shell[0m [1;30mINFO[0m Creating environment descriptor '/home/ram/melfa_ros2/install/melfa_rh6frh5520_moveit_config/share/melfa_rh6frh5520_moveit_config/hook/cmake_prefix_path.dsv'
[7.445s] [34mcolcon.colcon_core.shell[0m [1;30mINFO[0m Creating environment hook '/home/ram/melfa_ros2/install/melfa_rh6frh5520_moveit_config/share/melfa_rh6frh5520_moveit_config/hook/cmake_prefix_path.sh'
[7.446s] [34mcolcon.colcon_core.environment[0m [1;30mLevel 1[0m checking '/home/ram/melfa_ros2/install/melfa_rh6frh5520_moveit_config/lib'
[7.446s] [34mcolcon.colcon_core.environment[0m [1;30mLevel 1[0m checking '/home/ram/melfa_ros2/install/melfa_rh6frh5520_moveit_config/bin'
[7.446s] [34mcolcon.colcon_core.environment[0m [1;30mLevel 1[0m checking '/home/ram/melfa_ros2/install/melfa_rh6frh5520_moveit_config/lib/pkgconfig/melfa_rh6frh5520_moveit_config.pc'
[7.446s] [34mcolcon.colcon_core.environment[0m [1;30mLevel 1[0m checking '/home/ram/melfa_ros2/install/melfa_rh6frh5520_moveit_config/lib/python3.10/site-packages'
[7.446s] [34mcolcon.colcon_core.environment[0m [1;30mLevel 1[0m checking '/home/ram/melfa_ros2/install/melfa_rh6frh5520_moveit_config/bin'
[7.446s] [34mcolcon.colcon_core.shell[0m [1;30mINFO[0m Creating package script '/home/ram/melfa_ros2/install/melfa_rh6frh5520_moveit_config/share/melfa_rh6frh5520_moveit_config/package.ps1'
[7.447s] [34mcolcon.colcon_core.shell[0m [1;30mINFO[0m Creating package descriptor '/home/ram/melfa_ros2/install/melfa_rh6frh5520_moveit_config/share/melfa_rh6frh5520_moveit_config/package.dsv'
[7.447s] [34mcolcon.colcon_core.shell[0m [1;30mINFO[0m Creating package script '/home/ram/melfa_ros2/install/melfa_rh6frh5520_moveit_config/share/melfa_rh6frh5520_moveit_config/package.sh'
[7.447s] [34mcolcon.colcon_core.shell[0m [1;30mINFO[0m Creating package script '/home/ram/melfa_ros2/install/melfa_rh6frh5520_moveit_config/share/melfa_rh6frh5520_moveit_config/package.bash'
[7.447s] [34mcolcon.colcon_core.shell[0m [1;30mINFO[0m Creating package script '/home/ram/melfa_ros2/install/melfa_rh6frh5520_moveit_config/share/melfa_rh6frh5520_moveit_config/package.zsh'
[7.447s] [34mcolcon.colcon_core.environment[0m [1;30mLevel 1[0m create_file_with_runtime_dependencies(/home/ram/melfa_ros2/install/melfa_rh6frh5520_moveit_config/share/colcon-core/packages/melfa_rh6frh5520_moveit_config)
[7.448s] [34mcolcon.colcon_core.environment[0m [1;30mLevel 1[0m create_environment_scripts_only(melfa_rh6frh5520_moveit_config)
[7.448s] [34mcolcon.colcon_core.environment[0m [1;30mLevel 1[0m checking '/home/ram/melfa_ros2/install/melfa_rh6frh5520_moveit_config' for CMake module files
[7.448s] [34mcolcon.colcon_core.environment[0m [1;30mLevel 1[0m checking '/home/ram/melfa_ros2/install/melfa_rh6frh5520_moveit_config' for CMake config files
[7.448s] [34mcolcon.colcon_core.shell[0m [1;30mLevel 1[0m create_environment_hook('melfa_rh6frh5520_moveit_config', 'cmake_prefix_path')
[7.448s] [34mcolcon.colcon_core.shell[0m [1;30mINFO[0m Creating environment hook '/home/ram/melfa_ros2/install/melfa_rh6frh5520_moveit_config/share/melfa_rh6frh5520_moveit_config/hook/cmake_prefix_path.ps1'
[7.449s] [34mcolcon.colcon_core.shell[0m [1;30mINFO[0m Creating environment descriptor '/home/ram/melfa_ros2/install/melfa_rh6frh5520_moveit_config/share/melfa_rh6frh5520_moveit_config/hook/cmake_prefix_path.dsv'
[7.449s] [34mcolcon.colcon_core.shell[0m [1;30mINFO[0m Creating environment hook '/home/ram/melfa_ros2/install/melfa_rh6frh5520_moveit_config/share/melfa_rh6frh5520_moveit_config/hook/cmake_prefix_path.sh'
[7.449s] [34mcolcon.colcon_core.environment[0m [1;30mLevel 1[0m checking '/home/ram/melfa_ros2/install/melfa_rh6frh5520_moveit_config/lib'
[7.449s] [34mcolcon.colcon_core.environment[0m [1;30mLevel 1[0m checking '/home/ram/melfa_ros2/install/melfa_rh6frh5520_moveit_config/bin'
[7.449s] [34mcolcon.colcon_core.environment[0m [1;30mLevel 1[0m checking '/home/ram/melfa_ros2/install/melfa_rh6frh5520_moveit_config/lib/pkgconfig/melfa_rh6frh5520_moveit_config.pc'
[7.449s] [34mcolcon.colcon_core.environment[0m [1;30mLevel 1[0m checking '/home/ram/melfa_ros2/install/melfa_rh6frh5520_moveit_config/lib/python3.10/site-packages'
[7.450s] [34mcolcon.colcon_core.environment[0m [1;30mLevel 1[0m checking '/home/ram/melfa_ros2/install/melfa_rh6frh5520_moveit_config/bin'
[7.450s] [34mcolcon.colcon_core.shell[0m [1;30mINFO[0m Creating package script '/home/ram/melfa_ros2/install/melfa_rh6frh5520_moveit_config/share/melfa_rh6frh5520_moveit_config/package.ps1'
[7.450s] [34mcolcon.colcon_core.shell[0m [1;30mINFO[0m Creating package descriptor '/home/ram/melfa_ros2/install/melfa_rh6frh5520_moveit_config/share/melfa_rh6frh5520_moveit_config/package.dsv'
[7.451s] [34mcolcon.colcon_core.shell[0m [1;30mINFO[0m Creating package script '/home/ram/melfa_ros2/install/melfa_rh6frh5520_moveit_config/share/melfa_rh6frh5520_moveit_config/package.sh'
[7.451s] [34mcolcon.colcon_core.shell[0m [1;30mINFO[0m Creating package script '/home/ram/melfa_ros2/install/melfa_rh6frh5520_moveit_config/share/melfa_rh6frh5520_moveit_config/package.bash'
[7.451s] [34mcolcon.colcon_core.shell[0m [1;30mINFO[0m Creating package script '/home/ram/melfa_ros2/install/melfa_rh6frh5520_moveit_config/share/melfa_rh6frh5520_moveit_config/package.zsh'
[7.451s] [34mcolcon.colcon_core.environment[0m [1;30mLevel 1[0m create_file_with_runtime_dependencies(/home/ram/melfa_ros2/install/melfa_rh6frh5520_moveit_config/share/colcon-core/packages/melfa_rh6frh5520_moveit_config)
[7.451s] [34mcolcon.colcon_ros.task.ament_cmake.build[0m [1;30mINFO[0m Building ROS package in '/home/ram/melfa_ros2/src/melfa_ros2_driver/melfa_moveit_config/melfa_rv2fr_moveit_config' with build type 'ament_cmake'
[7.452s] [34mcolcon.colcon_cmake.task.cmake.build[0m [1;30mINFO[0m Building CMake package in '/home/ram/melfa_ros2/src/melfa_ros2_driver/melfa_moveit_config/melfa_rv2fr_moveit_config'
[7.452s] [34mcolcon.colcon_core.shell[0m [1;30mINFO[0m Skip shell extension 'powershell' for command environment: Not usable outside of PowerShell
[7.452s] [34mcolcon.colcon_core.shell[0m [1;30mDEBUG[0m [32mSkip shell extension 'dsv' for command environment[0m
[7.464s] [34mcolcon.colcon_core.event_handler.log_command[0m [1;30mDEBUG[0m [32mInvoking command in '/home/ram/melfa_ros2/build/melfa_rv2fr_moveit_config': AMENT_PREFIX_PATH=/home/ram/melfa_ros2/install/melfa_description:/home/ram/melfa_ros2/install/xacro:${AMENT_PREFIX_PATH} CMAKE_PREFIX_PATH=/home/ram/melfa_ros2/install/melfa_description:/home/ram/melfa_ros2/install/xacro:/home/ram/cognipilot/cranium/install/synapse_ros:/home/ram/cognipilot/cranium/install/synapse_gz:/home/ram/cognipilot/cranium/install/synapse_tinyframe:/home/ram/cognipilot/cranium/install/synapse_protobuf:/home/ram/cognipilot/cranium/install/corti:/home/ram/cognipilot/cranium/install/synapse_msgs:/home/ram/cognipilot/cranium/install/dream_world:/home/ram/cognipilot/cranium/install/cerebri_bringup:/home/ram/cognipilot/cranium/install/b3rb_simulator:/home/ram/cognipilot/cranium/install/b3rb_desktop:/home/ram/cognipilot/cranium/install/b3rb_rviz:/home/ram/cognipilot/cranium/install/b3rb_nav2:/home/ram/cognipilot/cranium/install/b3rb_gz_resource:/home/ram/cognipilot/cranium/install/b3rb_gz_bringup:/home/ram/cognipilot/cranium/install/b3rb_description:/home/ram/cognipilot/electrode/install/electrode:/home/ram/cognipilot/cranium/install/b3rb_ros_line_follower:/opt/ros/humble PATH=/home/ram/melfa_ros2/install/xacro/bin:${PATH} PYTHONPATH=/home/ram/melfa_ros2/install/xacro/local/lib/python3.10/dist-packages:${PYTHONPATH} /usr/bin/cmake /home/ram/melfa_ros2/src/melfa_ros2_driver/melfa_moveit_config/melfa_rv2fr_moveit_config -DCMAKE_BUILD_TYPE=Release -DCMAKE_INSTALL_PREFIX=/home/ram/melfa_ros2/install/melfa_rv2fr_moveit_config[0m
[7.497s] [34mcolcon.colcon_core.event_handler.log_command[0m [1;30mDEBUG[0m [32mInvoked command in '/home/ram/melfa_ros2/build/melfa_rh6crh6020_moveit_config' returned '0': AMENT_PREFIX_PATH=/home/ram/melfa_ros2/install/melfa_description:/home/ram/melfa_ros2/install/xacro:${AMENT_PREFIX_PATH} CMAKE_PREFIX_PATH=/home/ram/melfa_ros2/install/melfa_description:/home/ram/melfa_ros2/install/xacro:/home/ram/cognipilot/cranium/install/synapse_ros:/home/ram/cognipilot/cranium/install/synapse_gz:/home/ram/cognipilot/cranium/install/synapse_tinyframe:/home/ram/cognipilot/cranium/install/synapse_protobuf:/home/ram/cognipilot/cranium/install/corti:/home/ram/cognipilot/cranium/install/synapse_msgs:/home/ram/cognipilot/cranium/install/dream_world:/home/ram/cognipilot/cranium/install/cerebri_bringup:/home/ram/cognipilot/cranium/install/b3rb_simulator:/home/ram/cognipilot/cranium/install/b3rb_desktop:/home/ram/cognipilot/cranium/install/b3rb_rviz:/home/ram/cognipilot/cranium/install/b3rb_nav2:/home/ram/cognipilot/cranium/install/b3rb_gz_resource:/home/ram/cognipilot/cranium/install/b3rb_gz_bringup:/home/ram/cognipilot/cranium/install/b3rb_description:/home/ram/cognipilot/electrode/install/electrode:/home/ram/cognipilot/cranium/install/b3rb_ros_line_follower:/opt/ros/humble PATH=/home/ram/melfa_ros2/install/xacro/bin:${PATH} PYTHONPATH=/home/ram/melfa_ros2/install/xacro/local/lib/python3.10/dist-packages:${PYTHONPATH} /usr/bin/cmake --build /home/ram/melfa_ros2/build/melfa_rh6crh6020_moveit_config -- -j16 -l16[0m
[7.499s] [34mcolcon.colcon_core.event_handler.log_command[0m [1;30mDEBUG[0m [32mInvoking command in '/home/ram/melfa_ros2/build/melfa_rh6crh6020_moveit_config': AMENT_PREFIX_PATH=/home/ram/melfa_ros2/install/melfa_description:/home/ram/melfa_ros2/install/xacro:${AMENT_PREFIX_PATH} CMAKE_PREFIX_PATH=/home/ram/melfa_ros2/install/melfa_description:/home/ram/melfa_ros2/install/xacro:/home/ram/cognipilot/cranium/install/synapse_ros:/home/ram/cognipilot/cranium/install/synapse_gz:/home/ram/cognipilot/cranium/install/synapse_tinyframe:/home/ram/cognipilot/cranium/install/synapse_protobuf:/home/ram/cognipilot/cranium/install/corti:/home/ram/cognipilot/cranium/install/synapse_msgs:/home/ram/cognipilot/cranium/install/dream_world:/home/ram/cognipilot/cranium/install/cerebri_bringup:/home/ram/cognipilot/cranium/install/b3rb_simulator:/home/ram/cognipilot/cranium/install/b3rb_desktop:/home/ram/cognipilot/cranium/install/b3rb_rviz:/home/ram/cognipilot/cranium/install/b3rb_nav2:/home/ram/cognipilot/cranium/install/b3rb_gz_resource:/home/ram/cognipilot/cranium/install/b3rb_gz_bringup:/home/ram/cognipilot/cranium/install/b3rb_description:/home/ram/cognipilot/electrode/install/electrode:/home/ram/cognipilot/cranium/install/b3rb_ros_line_follower:/opt/ros/humble PATH=/home/ram/melfa_ros2/install/xacro/bin:${PATH} PYTHONPATH=/home/ram/melfa_ros2/install/xacro/local/lib/python3.10/dist-packages:${PYTHONPATH} /usr/bin/cmake --install /home/ram/melfa_ros2/build/melfa_rh6crh6020_moveit_config[0m
[7.509s] [34mcolcon.colcon_core.environment[0m [1;30mLevel 1[0m create_environment_scripts_only(melfa_rh6crh6020_moveit_config)
[7.510s] [34mcolcon.colcon_core.environment[0m [1;30mLevel 1[0m checking '/home/ram/melfa_ros2/install/melfa_rh6crh6020_moveit_config' for CMake module files
[7.510s] [34mcolcon.colcon_core.event_handler.log_command[0m [1;30mDEBUG[0m [32mInvoked command in '/home/ram/melfa_ros2/build/melfa_rh6crh6020_moveit_config' returned '0': AMENT_PREFIX_PATH=/home/ram/melfa_ros2/install/melfa_description:/home/ram/melfa_ros2/install/xacro:${AMENT_PREFIX_PATH} CMAKE_PREFIX_PATH=/home/ram/melfa_ros2/install/melfa_description:/home/ram/melfa_ros2/install/xacro:/home/ram/cognipilot/cranium/install/synapse_ros:/home/ram/cognipilot/cranium/install/synapse_gz:/home/ram/cognipilot/cranium/install/synapse_tinyframe:/home/ram/cognipilot/cranium/install/synapse_protobuf:/home/ram/cognipilot/cranium/install/corti:/home/ram/cognipilot/cranium/install/synapse_msgs:/home/ram/cognipilot/cranium/install/dream_world:/home/ram/cognipilot/cranium/install/cerebri_bringup:/home/ram/cognipilot/cranium/install/b3rb_simulator:/home/ram/cognipilot/cranium/install/b3rb_desktop:/home/ram/cognipilot/cranium/install/b3rb_rviz:/home/ram/cognipilot/cranium/install/b3rb_nav2:/home/ram/cognipilot/cranium/install/b3rb_gz_resource:/home/ram/cognipilot/cranium/install/b3rb_gz_bringup:/home/ram/cognipilot/cranium/install/b3rb_description:/home/ram/cognipilot/electrode/install/electrode:/home/ram/cognipilot/cranium/install/b3rb_ros_line_follower:/opt/ros/humble PATH=/home/ram/melfa_ros2/install/xacro/bin:${PATH} PYTHONPATH=/home/ram/melfa_ros2/install/xacro/local/lib/python3.10/dist-packages:${PYTHONPATH} /usr/bin/cmake --install /home/ram/melfa_ros2/build/melfa_rh6crh6020_moveit_config[0m
[7.510s] [34mcolcon.colcon_core.environment[0m [1;30mLevel 1[0m checking '/home/ram/melfa_ros2/install/melfa_rh6crh6020_moveit_config' for CMake config files
[7.511s] [34mcolcon.colcon_core.shell[0m [1;30mLevel 1[0m create_environment_hook('melfa_rh6crh6020_moveit_config', 'cmake_prefix_path')
[7.511s] [34mcolcon.colcon_core.shell[0m [1;30mINFO[0m Creating environment hook '/home/ram/melfa_ros2/install/melfa_rh6crh6020_moveit_config/share/melfa_rh6crh6020_moveit_config/hook/cmake_prefix_path.ps1'
[7.511s] [34mcolcon.colcon_core.shell[0m [1;30mINFO[0m Creating environment descriptor '/home/ram/melfa_ros2/install/melfa_rh6crh6020_moveit_config/share/melfa_rh6crh6020_moveit_config/hook/cmake_prefix_path.dsv'
[7.511s] [34mcolcon.colcon_core.shell[0m [1;30mINFO[0m Creating environment hook '/home/ram/melfa_ros2/install/melfa_rh6crh6020_moveit_config/share/melfa_rh6crh6020_moveit_config/hook/cmake_prefix_path.sh'
[7.512s] [34mcolcon.colcon_core.environment[0m [1;30mLevel 1[0m checking '/home/ram/melfa_ros2/install/melfa_rh6crh6020_moveit_config/lib'
[7.512s] [34mcolcon.colcon_core.environment[0m [1;30mLevel 1[0m checking '/home/ram/melfa_ros2/install/melfa_rh6crh6020_moveit_config/bin'
[7.512s] [34mcolcon.colcon_core.environment[0m [1;30mLevel 1[0m checking '/home/ram/melfa_ros2/install/melfa_rh6crh6020_moveit_config/lib/pkgconfig/melfa_rh6crh6020_moveit_config.pc'
[7.512s] [34mcolcon.colcon_core.environment[0m [1;30mLevel 1[0m checking '/home/ram/melfa_ros2/install/melfa_rh6crh6020_moveit_config/lib/python3.10/site-packages'
[7.512s] [34mcolcon.colcon_core.environment[0m [1;30mLevel 1[0m checking '/home/ram/melfa_ros2/install/melfa_rh6crh6020_moveit_config/bin'
[7.512s] [34mcolcon.colcon_core.shell[0m [1;30mINFO[0m Creating package script '/home/ram/melfa_ros2/install/melfa_rh6crh6020_moveit_config/share/melfa_rh6crh6020_moveit_config/package.ps1'
[7.513s] [34mcolcon.colcon_core.shell[0m [1;30mINFO[0m Creating package descriptor '/home/ram/melfa_ros2/install/melfa_rh6crh6020_moveit_config/share/melfa_rh6crh6020_moveit_config/package.dsv'
[7.513s] [34mcolcon.colcon_core.shell[0m [1;30mINFO[0m Creating package script '/home/ram/melfa_ros2/install/melfa_rh6crh6020_moveit_config/share/melfa_rh6crh6020_moveit_config/package.sh'
[7.513s] [34mcolcon.colcon_core.shell[0m [1;30mINFO[0m Creating package script '/home/ram/melfa_ros2/install/melfa_rh6crh6020_moveit_config/share/melfa_rh6crh6020_moveit_config/package.bash'
[7.513s] [34mcolcon.colcon_core.shell[0m [1;30mINFO[0m Creating package script '/home/ram/melfa_ros2/install/melfa_rh6crh6020_moveit_config/share/melfa_rh6crh6020_moveit_config/package.zsh'
[7.514s] [34mcolcon.colcon_core.environment[0m [1;30mLevel 1[0m create_file_with_runtime_dependencies(/home/ram/melfa_ros2/install/melfa_rh6crh6020_moveit_config/share/colcon-core/packages/melfa_rh6crh6020_moveit_config)
[7.514s] [34mcolcon.colcon_core.environment[0m [1;30mLevel 1[0m create_environment_scripts_only(melfa_rh6crh6020_moveit_config)
[7.514s] [34mcolcon.colcon_core.environment[0m [1;30mLevel 1[0m checking '/home/ram/melfa_ros2/install/melfa_rh6crh6020_moveit_config' for CMake module files
[7.514s] [34mcolcon.colcon_core.environment[0m [1;30mLevel 1[0m checking '/home/ram/melfa_ros2/install/melfa_rh6crh6020_moveit_config' for CMake config files
[7.514s] [34mcolcon.colcon_core.shell[0m [1;30mLevel 1[0m create_environment_hook('melfa_rh6crh6020_moveit_config', 'cmake_prefix_path')
[7.515s] [34mcolcon.colcon_core.shell[0m [1;30mINFO[0m Creating environment hook '/home/ram/melfa_ros2/install/melfa_rh6crh6020_moveit_config/share/melfa_rh6crh6020_moveit_config/hook/cmake_prefix_path.ps1'
[7.515s] [34mcolcon.colcon_core.shell[0m [1;30mINFO[0m Creating environment descriptor '/home/ram/melfa_ros2/install/melfa_rh6crh6020_moveit_config/share/melfa_rh6crh6020_moveit_config/hook/cmake_prefix_path.dsv'
[7.515s] [34mcolcon.colcon_core.shell[0m [1;30mINFO[0m Creating environment hook '/home/ram/melfa_ros2/install/melfa_rh6crh6020_moveit_config/share/melfa_rh6crh6020_moveit_config/hook/cmake_prefix_path.sh'
[7.515s] [34mcolcon.colcon_core.environment[0m [1;30mLevel 1[0m checking '/home/ram/melfa_ros2/install/melfa_rh6crh6020_moveit_config/lib'
[7.515s] [34mcolcon.colcon_core.environment[0m [1;30mLevel 1[0m checking '/home/ram/melfa_ros2/install/melfa_rh6crh6020_moveit_config/bin'
[7.515s] [34mcolcon.colcon_core.environment[0m [1;30mLevel 1[0m checking '/home/ram/melfa_ros2/install/melfa_rh6crh6020_moveit_config/lib/pkgconfig/melfa_rh6crh6020_moveit_config.pc'
[7.515s] [34mcolcon.colcon_core.environment[0m [1;30mLevel 1[0m checking '/home/ram/melfa_ros2/install/melfa_rh6crh6020_moveit_config/lib/python3.10/site-packages'
[7.516s] [34mcolcon.colcon_core.environment[0m [1;30mLevel 1[0m checking '/home/ram/melfa_ros2/install/melfa_rh6crh6020_moveit_config/bin'
[7.516s] [34mcolcon.colcon_core.shell[0m [1;30mINFO[0m Creating package script '/home/ram/melfa_ros2/install/melfa_rh6crh6020_moveit_config/share/melfa_rh6crh6020_moveit_config/package.ps1'
[7.516s] [34mcolcon.colcon_core.shell[0m [1;30mINFO[0m Creating package descriptor '/home/ram/melfa_ros2/install/melfa_rh6crh6020_moveit_config/share/melfa_rh6crh6020_moveit_config/package.dsv'
[7.516s] [34mcolcon.colcon_core.shell[0m [1;30mINFO[0m Creating package script '/home/ram/melfa_ros2/install/melfa_rh6crh6020_moveit_config/share/melfa_rh6crh6020_moveit_config/package.sh'
[7.517s] [34mcolcon.colcon_core.shell[0m [1;30mINFO[0m Creating package script '/home/ram/melfa_ros2/install/melfa_rh6crh6020_moveit_config/share/melfa_rh6crh6020_moveit_config/package.bash'
[7.517s] [34mcolcon.colcon_core.shell[0m [1;30mINFO[0m Creating package script '/home/ram/melfa_ros2/install/melfa_rh6crh6020_moveit_config/share/melfa_rh6crh6020_moveit_config/package.zsh'
[7.517s] [34mcolcon.colcon_core.environment[0m [1;30mLevel 1[0m create_file_with_runtime_dependencies(/home/ram/melfa_ros2/install/melfa_rh6crh6020_moveit_config/share/colcon-core/packages/melfa_rh6crh6020_moveit_config)
[7.518s] [34mcolcon.colcon_ros.task.ament_cmake.build[0m [1;30mINFO[0m Building ROS package in '/home/ram/melfa_ros2/src/melfa_ros2_driver/melfa_moveit_config/melfa_rv4fr_moveit_config' with build type 'ament_cmake'
[7.518s] [34mcolcon.colcon_cmake.task.cmake.build[0m [1;30mINFO[0m Building CMake package in '/home/ram/melfa_ros2/src/melfa_ros2_driver/melfa_moveit_config/melfa_rv4fr_moveit_config'
[7.518s] [34mcolcon.colcon_core.shell[0m [1;30mINFO[0m Skip shell extension 'powershell' for command environment: Not usable outside of PowerShell
[7.518s] [34mcolcon.colcon_core.shell[0m [1;30mDEBUG[0m [32mSkip shell extension 'dsv' for command environment[0m
[7.532s] [34mcolcon.colcon_core.event_handler.log_command[0m [1;30mDEBUG[0m [32mInvoking command in '/home/ram/melfa_ros2/build/melfa_rv4fr_moveit_config': AMENT_PREFIX_PATH=/home/ram/melfa_ros2/install/melfa_description:/home/ram/melfa_ros2/install/xacro:${AMENT_PREFIX_PATH} CMAKE_PREFIX_PATH=/home/ram/melfa_ros2/install/melfa_description:/home/ram/melfa_ros2/install/xacro:/home/ram/cognipilot/cranium/install/synapse_ros:/home/ram/cognipilot/cranium/install/synapse_gz:/home/ram/cognipilot/cranium/install/synapse_tinyframe:/home/ram/cognipilot/cranium/install/synapse_protobuf:/home/ram/cognipilot/cranium/install/corti:/home/ram/cognipilot/cranium/install/synapse_msgs:/home/ram/cognipilot/cranium/install/dream_world:/home/ram/cognipilot/cranium/install/cerebri_bringup:/home/ram/cognipilot/cranium/install/b3rb_simulator:/home/ram/cognipilot/cranium/install/b3rb_desktop:/home/ram/cognipilot/cranium/install/b3rb_rviz:/home/ram/cognipilot/cranium/install/b3rb_nav2:/home/ram/cognipilot/cranium/install/b3rb_gz_resource:/home/ram/cognipilot/cranium/install/b3rb_gz_bringup:/home/ram/cognipilot/cranium/install/b3rb_description:/home/ram/cognipilot/electrode/install/electrode:/home/ram/cognipilot/cranium/install/b3rb_ros_line_follower:/opt/ros/humble PATH=/home/ram/melfa_ros2/install/xacro/bin:${PATH} PYTHONPATH=/home/ram/melfa_ros2/install/xacro/local/lib/python3.10/dist-packages:${PYTHONPATH} /usr/bin/cmake /home/ram/melfa_ros2/src/melfa_ros2_driver/melfa_moveit_config/melfa_rv4fr_moveit_config -DCMAKE_BUILD_TYPE=Release -DCMAKE_INSTALL_PREFIX=/home/ram/melfa_ros2/install/melfa_rv4fr_moveit_config[0m
[7.916s] [34mcolcon.colcon_core.event_handler.log_command[0m [1;30mDEBUG[0m [32mInvoked command in '/home/ram/melfa_ros2/build/melfa_rv2fr_moveit_config' returned '0': AMENT_PREFIX_PATH=/home/ram/melfa_ros2/install/melfa_description:/home/ram/melfa_ros2/install/xacro:${AMENT_PREFIX_PATH} CMAKE_PREFIX_PATH=/home/ram/melfa_ros2/install/melfa_description:/home/ram/melfa_ros2/install/xacro:/home/ram/cognipilot/cranium/install/synapse_ros:/home/ram/cognipilot/cranium/install/synapse_gz:/home/ram/cognipilot/cranium/install/synapse_tinyframe:/home/ram/cognipilot/cranium/install/synapse_protobuf:/home/ram/cognipilot/cranium/install/corti:/home/ram/cognipilot/cranium/install/synapse_msgs:/home/ram/cognipilot/cranium/install/dream_world:/home/ram/cognipilot/cranium/install/cerebri_bringup:/home/ram/cognipilot/cranium/install/b3rb_simulator:/home/ram/cognipilot/cranium/install/b3rb_desktop:/home/ram/cognipilot/cranium/install/b3rb_rviz:/home/ram/cognipilot/cranium/install/b3rb_nav2:/home/ram/cognipilot/cranium/install/b3rb_gz_resource:/home/ram/cognipilot/cranium/install/b3rb_gz_bringup:/home/ram/cognipilot/cranium/install/b3rb_description:/home/ram/cognipilot/electrode/install/electrode:/home/ram/cognipilot/cranium/install/b3rb_ros_line_follower:/opt/ros/humble PATH=/home/ram/melfa_ros2/install/xacro/bin:${PATH} PYTHONPATH=/home/ram/melfa_ros2/install/xacro/local/lib/python3.10/dist-packages:${PYTHONPATH} /usr/bin/cmake /home/ram/melfa_ros2/src/melfa_ros2_driver/melfa_moveit_config/melfa_rv2fr_moveit_config -DCMAKE_BUILD_TYPE=Release -DCMAKE_INSTALL_PREFIX=/home/ram/melfa_ros2/install/melfa_rv2fr_moveit_config[0m
[7.917s] [34mcolcon.colcon_core.event_handler.log_command[0m [1;30mDEBUG[0m [32mInvoking command in '/home/ram/melfa_ros2/build/melfa_rv2fr_moveit_config': AMENT_PREFIX_PATH=/home/ram/melfa_ros2/install/melfa_description:/home/ram/melfa_ros2/install/xacro:${AMENT_PREFIX_PATH} CMAKE_PREFIX_PATH=/home/ram/melfa_ros2/install/melfa_description:/home/ram/melfa_ros2/install/xacro:/home/ram/cognipilot/cranium/install/synapse_ros:/home/ram/cognipilot/cranium/install/synapse_gz:/home/ram/cognipilot/cranium/install/synapse_tinyframe:/home/ram/cognipilot/cranium/install/synapse_protobuf:/home/ram/cognipilot/cranium/install/corti:/home/ram/cognipilot/cranium/install/synapse_msgs:/home/ram/cognipilot/cranium/install/dream_world:/home/ram/cognipilot/cranium/install/cerebri_bringup:/home/ram/cognipilot/cranium/install/b3rb_simulator:/home/ram/cognipilot/cranium/install/b3rb_desktop:/home/ram/cognipilot/cranium/install/b3rb_rviz:/home/ram/cognipilot/cranium/install/b3rb_nav2:/home/ram/cognipilot/cranium/install/b3rb_gz_resource:/home/ram/cognipilot/cranium/install/b3rb_gz_bringup:/home/ram/cognipilot/cranium/install/b3rb_description:/home/ram/cognipilot/electrode/install/electrode:/home/ram/cognipilot/cranium/install/b3rb_ros_line_follower:/opt/ros/humble PATH=/home/ram/melfa_ros2/install/xacro/bin:${PATH} PYTHONPATH=/home/ram/melfa_ros2/install/xacro/local/lib/python3.10/dist-packages:${PYTHONPATH} /usr/bin/cmake --build /home/ram/melfa_ros2/build/melfa_rv2fr_moveit_config -- -j16 -l16[0m
[7.975s] [34mcolcon.colcon_core.event_handler.log_command[0m [1;30mDEBUG[0m [32mInvoked command in '/home/ram/melfa_ros2/build/melfa_rv4fr_moveit_config' returned '0': AMENT_PREFIX_PATH=/home/ram/melfa_ros2/install/melfa_description:/home/ram/melfa_ros2/install/xacro:${AMENT_PREFIX_PATH} CMAKE_PREFIX_PATH=/home/ram/melfa_ros2/install/melfa_description:/home/ram/melfa_ros2/install/xacro:/home/ram/cognipilot/cranium/install/synapse_ros:/home/ram/cognipilot/cranium/install/synapse_gz:/home/ram/cognipilot/cranium/install/synapse_tinyframe:/home/ram/cognipilot/cranium/install/synapse_protobuf:/home/ram/cognipilot/cranium/install/corti:/home/ram/cognipilot/cranium/install/synapse_msgs:/home/ram/cognipilot/cranium/install/dream_world:/home/ram/cognipilot/cranium/install/cerebri_bringup:/home/ram/cognipilot/cranium/install/b3rb_simulator:/home/ram/cognipilot/cranium/install/b3rb_desktop:/home/ram/cognipilot/cranium/install/b3rb_rviz:/home/ram/cognipilot/cranium/install/b3rb_nav2:/home/ram/cognipilot/cranium/install/b3rb_gz_resource:/home/ram/cognipilot/cranium/install/b3rb_gz_bringup:/home/ram/cognipilot/cranium/install/b3rb_description:/home/ram/cognipilot/electrode/install/electrode:/home/ram/cognipilot/cranium/install/b3rb_ros_line_follower:/opt/ros/humble PATH=/home/ram/melfa_ros2/install/xacro/bin:${PATH} PYTHONPATH=/home/ram/melfa_ros2/install/xacro/local/lib/python3.10/dist-packages:${PYTHONPATH} /usr/bin/cmake /home/ram/melfa_ros2/src/melfa_ros2_driver/melfa_moveit_config/melfa_rv4fr_moveit_config -DCMAKE_BUILD_TYPE=Release -DCMAKE_INSTALL_PREFIX=/home/ram/melfa_ros2/install/melfa_rv4fr_moveit_config[0m
[7.976s] [34mcolcon.colcon_core.event_handler.log_command[0m [1;30mDEBUG[0m [32mInvoking command in '/home/ram/melfa_ros2/build/melfa_rv4fr_moveit_config': AMENT_PREFIX_PATH=/home/ram/melfa_ros2/install/melfa_description:/home/ram/melfa_ros2/install/xacro:${AMENT_PREFIX_PATH} CMAKE_PREFIX_PATH=/home/ram/melfa_ros2/install/melfa_description:/home/ram/melfa_ros2/install/xacro:/home/ram/cognipilot/cranium/install/synapse_ros:/home/ram/cognipilot/cranium/install/synapse_gz:/home/ram/cognipilot/cranium/install/synapse_tinyframe:/home/ram/cognipilot/cranium/install/synapse_protobuf:/home/ram/cognipilot/cranium/install/corti:/home/ram/cognipilot/cranium/install/synapse_msgs:/home/ram/cognipilot/cranium/install/dream_world:/home/ram/cognipilot/cranium/install/cerebri_bringup:/home/ram/cognipilot/cranium/install/b3rb_simulator:/home/ram/cognipilot/cranium/install/b3rb_desktop:/home/ram/cognipilot/cranium/install/b3rb_rviz:/home/ram/cognipilot/cranium/install/b3rb_nav2:/home/ram/cognipilot/cranium/install/b3rb_gz_resource:/home/ram/cognipilot/cranium/install/b3rb_gz_bringup:/home/ram/cognipilot/cranium/install/b3rb_description:/home/ram/cognipilot/electrode/install/electrode:/home/ram/cognipilot/cranium/install/b3rb_ros_line_follower:/opt/ros/humble PATH=/home/ram/melfa_ros2/install/xacro/bin:${PATH} PYTHONPATH=/home/ram/melfa_ros2/install/xacro/local/lib/python3.10/dist-packages:${PYTHONPATH} /usr/bin/cmake --build /home/ram/melfa_ros2/build/melfa_rv4fr_moveit_config -- -j16 -l16[0m
[12.126s] [34mcolcon.colcon_core.event_handler.log_command[0m [1;30mDEBUG[0m [32mInvoked command in '/home/ram/melfa_ros2/build/melfa_rv13frl_moveit_config' returned '0': AMENT_PREFIX_PATH=/home/ram/melfa_ros2/install/melfa_description:/home/ram/melfa_ros2/install/xacro:${AMENT_PREFIX_PATH} CMAKE_PREFIX_PATH=/home/ram/melfa_ros2/install/melfa_description:/home/ram/melfa_ros2/install/xacro:/home/ram/cognipilot/cranium/install/synapse_ros:/home/ram/cognipilot/cranium/install/synapse_gz:/home/ram/cognipilot/cranium/install/synapse_tinyframe:/home/ram/cognipilot/cranium/install/synapse_protobuf:/home/ram/cognipilot/cranium/install/corti:/home/ram/cognipilot/cranium/install/synapse_msgs:/home/ram/cognipilot/cranium/install/dream_world:/home/ram/cognipilot/cranium/install/cerebri_bringup:/home/ram/cognipilot/cranium/install/b3rb_simulator:/home/ram/cognipilot/cranium/install/b3rb_desktop:/home/ram/cognipilot/cranium/install/b3rb_rviz:/home/ram/cognipilot/cranium/install/b3rb_nav2:/home/ram/cognipilot/cranium/install/b3rb_gz_resource:/home/ram/cognipilot/cranium/install/b3rb_gz_bringup:/home/ram/cognipilot/cranium/install/b3rb_description:/home/ram/cognipilot/electrode/install/electrode:/home/ram/cognipilot/cranium/install/b3rb_ros_line_follower:/opt/ros/humble PATH=/home/ram/melfa_ros2/install/xacro/bin:${PATH} PYTHONPATH=/home/ram/melfa_ros2/install/xacro/local/lib/python3.10/dist-packages:${PYTHONPATH} /usr/bin/cmake --build /home/ram/melfa_ros2/build/melfa_rv13frl_moveit_config -- -j16 -l16[0m
[12.128s] [34mcolcon.colcon_core.event_handler.log_command[0m [1;30mDEBUG[0m [32mInvoking command in '/home/ram/melfa_ros2/build/melfa_rv13frl_moveit_config': AMENT_PREFIX_PATH=/home/ram/melfa_ros2/install/melfa_description:/home/ram/melfa_ros2/install/xacro:${AMENT_PREFIX_PATH} CMAKE_PREFIX_PATH=/home/ram/melfa_ros2/install/melfa_description:/home/ram/melfa_ros2/install/xacro:/home/ram/cognipilot/cranium/install/synapse_ros:/home/ram/cognipilot/cranium/install/synapse_gz:/home/ram/cognipilot/cranium/install/synapse_tinyframe:/home/ram/cognipilot/cranium/install/synapse_protobuf:/home/ram/cognipilot/cranium/install/corti:/home/ram/cognipilot/cranium/install/synapse_msgs:/home/ram/cognipilot/cranium/install/dream_world:/home/ram/cognipilot/cranium/install/cerebri_bringup:/home/ram/cognipilot/cranium/install/b3rb_simulator:/home/ram/cognipilot/cranium/install/b3rb_desktop:/home/ram/cognipilot/cranium/install/b3rb_rviz:/home/ram/cognipilot/cranium/install/b3rb_nav2:/home/ram/cognipilot/cranium/install/b3rb_gz_resource:/home/ram/cognipilot/cranium/install/b3rb_gz_bringup:/home/ram/cognipilot/cranium/install/b3rb_description:/home/ram/cognipilot/electrode/install/electrode:/home/ram/cognipilot/cranium/install/b3rb_ros_line_follower:/opt/ros/humble PATH=/home/ram/melfa_ros2/install/xacro/bin:${PATH} PYTHONPATH=/home/ram/melfa_ros2/install/xacro/local/lib/python3.10/dist-packages:${PYTHONPATH} /usr/bin/cmake --install /home/ram/melfa_ros2/build/melfa_rv13frl_moveit_config[0m
[12.144s] [34mcolcon.colcon_core.environment[0m [1;30mLevel 1[0m create_environment_scripts_only(melfa_rv13frl_moveit_config)
[12.144s] [34mcolcon.colcon_core.event_handler.log_command[0m [1;30mDEBUG[0m [32mInvoked command in '/home/ram/melfa_ros2/build/melfa_rv13frl_moveit_config' returned '0': AMENT_PREFIX_PATH=/home/ram/melfa_ros2/install/melfa_description:/home/ram/melfa_ros2/install/xacro:${AMENT_PREFIX_PATH} CMAKE_PREFIX_PATH=/home/ram/melfa_ros2/install/melfa_description:/home/ram/melfa_ros2/install/xacro:/home/ram/cognipilot/cranium/install/synapse_ros:/home/ram/cognipilot/cranium/install/synapse_gz:/home/ram/cognipilot/cranium/install/synapse_tinyframe:/home/ram/cognipilot/cranium/install/synapse_protobuf:/home/ram/cognipilot/cranium/install/corti:/home/ram/cognipilot/cranium/install/synapse_msgs:/home/ram/cognipilot/cranium/install/dream_world:/home/ram/cognipilot/cranium/install/cerebri_bringup:/home/ram/cognipilot/cranium/install/b3rb_simulator:/home/ram/cognipilot/cranium/install/b3rb_desktop:/home/ram/cognipilot/cranium/install/b3rb_rviz:/home/ram/cognipilot/cranium/install/b3rb_nav2:/home/ram/cognipilot/cranium/install/b3rb_gz_resource:/home/ram/cognipilot/cranium/install/b3rb_gz_bringup:/home/ram/cognipilot/cranium/install/b3rb_description:/home/ram/cognipilot/electrode/install/electrode:/home/ram/cognipilot/cranium/install/b3rb_ros_line_follower:/opt/ros/humble PATH=/home/ram/melfa_ros2/install/xacro/bin:${PATH} PYTHONPATH=/home/ram/melfa_ros2/install/xacro/local/lib/python3.10/dist-packages:${PYTHONPATH} /usr/bin/cmake --install /home/ram/melfa_ros2/build/melfa_rv13frl_moveit_config[0m
[12.145s] [34mcolcon.colcon_core.environment[0m [1;30mLevel 1[0m checking '/home/ram/melfa_ros2/install/melfa_rv13frl_moveit_config' for CMake module files
[12.145s] [34mcolcon.colcon_core.environment[0m [1;30mLevel 1[0m checking '/home/ram/melfa_ros2/install/melfa_rv13frl_moveit_config' for CMake config files
[12.145s] [34mcolcon.colcon_core.shell[0m [1;30mLevel 1[0m create_environment_hook('melfa_rv13frl_moveit_config', 'cmake_prefix_path')
[12.145s] [34mcolcon.colcon_core.shell[0m [1;30mINFO[0m Creating environment hook '/home/ram/melfa_ros2/install/melfa_rv13frl_moveit_config/share/melfa_rv13frl_moveit_config/hook/cmake_prefix_path.ps1'
[12.146s] [34mcolcon.colcon_core.shell[0m [1;30mINFO[0m Creating environment descriptor '/home/ram/melfa_ros2/install/melfa_rv13frl_moveit_config/share/melfa_rv13frl_moveit_config/hook/cmake_prefix_path.dsv'
[12.146s] [34mcolcon.colcon_core.shell[0m [1;30mINFO[0m Creating environment hook '/home/ram/melfa_ros2/install/melfa_rv13frl_moveit_config/share/melfa_rv13frl_moveit_config/hook/cmake_prefix_path.sh'
[12.146s] [34mcolcon.colcon_core.environment[0m [1;30mLevel 1[0m checking '/home/ram/melfa_ros2/install/melfa_rv13frl_moveit_config/lib'
[12.146s] [34mcolcon.colcon_core.environment[0m [1;30mLevel 1[0m checking '/home/ram/melfa_ros2/install/melfa_rv13frl_moveit_config/bin'
[12.147s] [34mcolcon.colcon_core.environment[0m [1;30mLevel 1[0m checking '/home/ram/melfa_ros2/install/melfa_rv13frl_moveit_config/lib/pkgconfig/melfa_rv13frl_moveit_config.pc'
[12.147s] [34mcolcon.colcon_core.environment[0m [1;30mLevel 1[0m checking '/home/ram/melfa_ros2/install/melfa_rv13frl_moveit_config/lib/python3.10/site-packages'
[12.147s] [34mcolcon.colcon_core.environment[0m [1;30mLevel 1[0m checking '/home/ram/melfa_ros2/install/melfa_rv13frl_moveit_config/bin'
[12.147s] [34mcolcon.colcon_core.shell[0m [1;30mINFO[0m Creating package script '/home/ram/melfa_ros2/install/melfa_rv13frl_moveit_config/share/melfa_rv13frl_moveit_config/package.ps1'
[12.147s] [34mcolcon.colcon_core.shell[0m [1;30mINFO[0m Creating package descriptor '/home/ram/melfa_ros2/install/melfa_rv13frl_moveit_config/share/melfa_rv13frl_moveit_config/package.dsv'
[12.148s] [34mcolcon.colcon_core.shell[0m [1;30mINFO[0m Creating package script '/home/ram/melfa_ros2/install/melfa_rv13frl_moveit_config/share/melfa_rv13frl_moveit_config/package.sh'
[12.148s] [34mcolcon.colcon_core.shell[0m [1;30mINFO[0m Creating package script '/home/ram/melfa_ros2/install/melfa_rv13frl_moveit_config/share/melfa_rv13frl_moveit_config/package.bash'
[12.148s] [34mcolcon.colcon_core.shell[0m [1;30mINFO[0m Creating package script '/home/ram/melfa_ros2/install/melfa_rv13frl_moveit_config/share/melfa_rv13frl_moveit_config/package.zsh'
[12.148s] [34mcolcon.colcon_core.environment[0m [1;30mLevel 1[0m create_file_with_runtime_dependencies(/home/ram/melfa_ros2/install/melfa_rv13frl_moveit_config/share/colcon-core/packages/melfa_rv13frl_moveit_config)
[12.149s] [34mcolcon.colcon_core.environment[0m [1;30mLevel 1[0m create_environment_scripts_only(melfa_rv13frl_moveit_config)
[12.149s] [34mcolcon.colcon_core.environment[0m [1;30mLevel 1[0m checking '/home/ram/melfa_ros2/install/melfa_rv13frl_moveit_config' for CMake module files
[12.149s] [34mcolcon.colcon_core.environment[0m [1;30mLevel 1[0m checking '/home/ram/melfa_ros2/install/melfa_rv13frl_moveit_config' for CMake config files
[12.149s] [34mcolcon.colcon_core.shell[0m [1;30mLevel 1[0m create_environment_hook('melfa_rv13frl_moveit_config', 'cmake_prefix_path')
[12.149s] [34mcolcon.colcon_core.shell[0m [1;30mINFO[0m Creating environment hook '/home/ram/melfa_ros2/install/melfa_rv13frl_moveit_config/share/melfa_rv13frl_moveit_config/hook/cmake_prefix_path.ps1'
[12.149s] [34mcolcon.colcon_core.shell[0m [1;30mINFO[0m Creating environment descriptor '/home/ram/melfa_ros2/install/melfa_rv13frl_moveit_config/share/melfa_rv13frl_moveit_config/hook/cmake_prefix_path.dsv'
[12.150s] [34mcolcon.colcon_core.shell[0m [1;30mINFO[0m Creating environment hook '/home/ram/melfa_ros2/install/melfa_rv13frl_moveit_config/share/melfa_rv13frl_moveit_config/hook/cmake_prefix_path.sh'
[12.150s] [34mcolcon.colcon_core.environment[0m [1;30mLevel 1[0m checking '/home/ram/melfa_ros2/install/melfa_rv13frl_moveit_config/lib'
[12.150s] [34mcolcon.colcon_core.environment[0m [1;30mLevel 1[0m checking '/home/ram/melfa_ros2/install/melfa_rv13frl_moveit_config/bin'
[12.150s] [34mcolcon.colcon_core.environment[0m [1;30mLevel 1[0m checking '/home/ram/melfa_ros2/install/melfa_rv13frl_moveit_config/lib/pkgconfig/melfa_rv13frl_moveit_config.pc'
[12.150s] [34mcolcon.colcon_core.environment[0m [1;30mLevel 1[0m checking '/home/ram/melfa_ros2/install/melfa_rv13frl_moveit_config/lib/python3.10/site-packages'
[12.150s] [34mcolcon.colcon_core.environment[0m [1;30mLevel 1[0m checking '/home/ram/melfa_ros2/install/melfa_rv13frl_moveit_config/bin'
[12.151s] [34mcolcon.colcon_core.shell[0m [1;30mINFO[0m Creating package script '/home/ram/melfa_ros2/install/melfa_rv13frl_moveit_config/share/melfa_rv13frl_moveit_config/package.ps1'
[12.151s] [34mcolcon.colcon_core.shell[0m [1;30mINFO[0m Creating package descriptor '/home/ram/melfa_ros2/install/melfa_rv13frl_moveit_config/share/melfa_rv13frl_moveit_config/package.dsv'
[12.151s] [34mcolcon.colcon_core.shell[0m [1;30mINFO[0m Creating package script '/home/ram/melfa_ros2/install/melfa_rv13frl_moveit_config/share/melfa_rv13frl_moveit_config/package.sh'
[12.152s] [34mcolcon.colcon_core.shell[0m [1;30mINFO[0m Creating package script '/home/ram/melfa_ros2/install/melfa_rv13frl_moveit_config/share/melfa_rv13frl_moveit_config/package.bash'
[12.152s] [34mcolcon.colcon_core.shell[0m [1;30mINFO[0m Creating package script '/home/ram/melfa_ros2/install/melfa_rv13frl_moveit_config/share/melfa_rv13frl_moveit_config/package.zsh'
[12.152s] [34mcolcon.colcon_core.environment[0m [1;30mLevel 1[0m create_file_with_runtime_dependencies(/home/ram/melfa_ros2/install/melfa_rv13frl_moveit_config/share/colcon-core/packages/melfa_rv13frl_moveit_config)
[12.152s] [34mcolcon.colcon_ros.task.ament_cmake.build[0m [1;30mINFO[0m Building ROS package in '/home/ram/melfa_ros2/src/melfa_ros2_driver/melfa_moveit_config/melfa_rv4frl_moveit_config' with build type 'ament_cmake'
[12.152s] [34mcolcon.colcon_cmake.task.cmake.build[0m [1;30mINFO[0m Building CMake package in '/home/ram/melfa_ros2/src/melfa_ros2_driver/melfa_moveit_config/melfa_rv4frl_moveit_config'
[12.153s] [34mcolcon.colcon_core.shell[0m [1;30mINFO[0m Skip shell extension 'powershell' for command environment: Not usable outside of PowerShell
[12.153s] [34mcolcon.colcon_core.shell[0m [1;30mDEBUG[0m [32mSkip shell extension 'dsv' for command environment[0m
[12.166s] [34mcolcon.colcon_core.event_handler.log_command[0m [1;30mDEBUG[0m [32mInvoking command in '/home/ram/melfa_ros2/build/melfa_rv4frl_moveit_config': AMENT_PREFIX_PATH=/home/ram/melfa_ros2/install/melfa_description:/home/ram/melfa_ros2/install/xacro:${AMENT_PREFIX_PATH} CMAKE_PREFIX_PATH=/home/ram/melfa_ros2/install/melfa_description:/home/ram/melfa_ros2/install/xacro:/home/ram/cognipilot/cranium/install/synapse_ros:/home/ram/cognipilot/cranium/install/synapse_gz:/home/ram/cognipilot/cranium/install/synapse_tinyframe:/home/ram/cognipilot/cranium/install/synapse_protobuf:/home/ram/cognipilot/cranium/install/corti:/home/ram/cognipilot/cranium/install/synapse_msgs:/home/ram/cognipilot/cranium/install/dream_world:/home/ram/cognipilot/cranium/install/cerebri_bringup:/home/ram/cognipilot/cranium/install/b3rb_simulator:/home/ram/cognipilot/cranium/install/b3rb_desktop:/home/ram/cognipilot/cranium/install/b3rb_rviz:/home/ram/cognipilot/cranium/install/b3rb_nav2:/home/ram/cognipilot/cranium/install/b3rb_gz_resource:/home/ram/cognipilot/cranium/install/b3rb_gz_bringup:/home/ram/cognipilot/cranium/install/b3rb_description:/home/ram/cognipilot/electrode/install/electrode:/home/ram/cognipilot/cranium/install/b3rb_ros_line_follower:/opt/ros/humble PATH=/home/ram/melfa_ros2/install/xacro/bin:${PATH} PYTHONPATH=/home/ram/melfa_ros2/install/xacro/local/lib/python3.10/dist-packages:${PYTHONPATH} /usr/bin/cmake /home/ram/melfa_ros2/src/melfa_ros2_driver/melfa_moveit_config/melfa_rv4frl_moveit_config -DCMAKE_BUILD_TYPE=Release -DCMAKE_INSTALL_PREFIX=/home/ram/melfa_ros2/install/melfa_rv4frl_moveit_config[0m
[12.501s] [34mcolcon.colcon_core.event_handler.log_command[0m [1;30mDEBUG[0m [32mInvoked command in '/home/ram/melfa_ros2/build/melfa_rv4fr_moveit_config' returned '0': AMENT_PREFIX_PATH=/home/ram/melfa_ros2/install/melfa_description:/home/ram/melfa_ros2/install/xacro:${AMENT_PREFIX_PATH} CMAKE_PREFIX_PATH=/home/ram/melfa_ros2/install/melfa_description:/home/ram/melfa_ros2/install/xacro:/home/ram/cognipilot/cranium/install/synapse_ros:/home/ram/cognipilot/cranium/install/synapse_gz:/home/ram/cognipilot/cranium/install/synapse_tinyframe:/home/ram/cognipilot/cranium/install/synapse_protobuf:/home/ram/cognipilot/cranium/install/corti:/home/ram/cognipilot/cranium/install/synapse_msgs:/home/ram/cognipilot/cranium/install/dream_world:/home/ram/cognipilot/cranium/install/cerebri_bringup:/home/ram/cognipilot/cranium/install/b3rb_simulator:/home/ram/cognipilot/cranium/install/b3rb_desktop:/home/ram/cognipilot/cranium/install/b3rb_rviz:/home/ram/cognipilot/cranium/install/b3rb_nav2:/home/ram/cognipilot/cranium/install/b3rb_gz_resource:/home/ram/cognipilot/cranium/install/b3rb_gz_bringup:/home/ram/cognipilot/cranium/install/b3rb_description:/home/ram/cognipilot/electrode/install/electrode:/home/ram/cognipilot/cranium/install/b3rb_ros_line_follower:/opt/ros/humble PATH=/home/ram/melfa_ros2/install/xacro/bin:${PATH} PYTHONPATH=/home/ram/melfa_ros2/install/xacro/local/lib/python3.10/dist-packages:${PYTHONPATH} /usr/bin/cmake --build /home/ram/melfa_ros2/build/melfa_rv4fr_moveit_config -- -j16 -l16[0m
[12.503s] [34mcolcon.colcon_core.event_handler.log_command[0m [1;30mDEBUG[0m [32mInvoking command in '/home/ram/melfa_ros2/build/melfa_rv4fr_moveit_config': AMENT_PREFIX_PATH=/home/ram/melfa_ros2/install/melfa_description:/home/ram/melfa_ros2/install/xacro:${AMENT_PREFIX_PATH} CMAKE_PREFIX_PATH=/home/ram/melfa_ros2/install/melfa_description:/home/ram/melfa_ros2/install/xacro:/home/ram/cognipilot/cranium/install/synapse_ros:/home/ram/cognipilot/cranium/install/synapse_gz:/home/ram/cognipilot/cranium/install/synapse_tinyframe:/home/ram/cognipilot/cranium/install/synapse_protobuf:/home/ram/cognipilot/cranium/install/corti:/home/ram/cognipilot/cranium/install/synapse_msgs:/home/ram/cognipilot/cranium/install/dream_world:/home/ram/cognipilot/cranium/install/cerebri_bringup:/home/ram/cognipilot/cranium/install/b3rb_simulator:/home/ram/cognipilot/cranium/install/b3rb_desktop:/home/ram/cognipilot/cranium/install/b3rb_rviz:/home/ram/cognipilot/cranium/install/b3rb_nav2:/home/ram/cognipilot/cranium/install/b3rb_gz_resource:/home/ram/cognipilot/cranium/install/b3rb_gz_bringup:/home/ram/cognipilot/cranium/install/b3rb_description:/home/ram/cognipilot/electrode/install/electrode:/home/ram/cognipilot/cranium/install/b3rb_ros_line_follower:/opt/ros/humble PATH=/home/ram/melfa_ros2/install/xacro/bin:${PATH} PYTHONPATH=/home/ram/melfa_ros2/install/xacro/local/lib/python3.10/dist-packages:${PYTHONPATH} /usr/bin/cmake --install /home/ram/melfa_ros2/build/melfa_rv4fr_moveit_config[0m
[12.511s] [34mcolcon.colcon_core.environment[0m [1;30mLevel 1[0m create_environment_scripts_only(melfa_rv4fr_moveit_config)
[12.512s] [34mcolcon.colcon_core.environment[0m [1;30mLevel 1[0m checking '/home/ram/melfa_ros2/install/melfa_rv4fr_moveit_config' for CMake module files
[12.512s] [34mcolcon.colcon_core.event_handler.log_command[0m [1;30mDEBUG[0m [32mInvoked command in '/home/ram/melfa_ros2/build/melfa_rv4fr_moveit_config' returned '0': AMENT_PREFIX_PATH=/home/ram/melfa_ros2/install/melfa_description:/home/ram/melfa_ros2/install/xacro:${AMENT_PREFIX_PATH} CMAKE_PREFIX_PATH=/home/ram/melfa_ros2/install/melfa_description:/home/ram/melfa_ros2/install/xacro:/home/ram/cognipilot/cranium/install/synapse_ros:/home/ram/cognipilot/cranium/install/synapse_gz:/home/ram/cognipilot/cranium/install/synapse_tinyframe:/home/ram/cognipilot/cranium/install/synapse_protobuf:/home/ram/cognipilot/cranium/install/corti:/home/ram/cognipilot/cranium/install/synapse_msgs:/home/ram/cognipilot/cranium/install/dream_world:/home/ram/cognipilot/cranium/install/cerebri_bringup:/home/ram/cognipilot/cranium/install/b3rb_simulator:/home/ram/cognipilot/cranium/install/b3rb_desktop:/home/ram/cognipilot/cranium/install/b3rb_rviz:/home/ram/cognipilot/cranium/install/b3rb_nav2:/home/ram/cognipilot/cranium/install/b3rb_gz_resource:/home/ram/cognipilot/cranium/install/b3rb_gz_bringup:/home/ram/cognipilot/cranium/install/b3rb_description:/home/ram/cognipilot/electrode/install/electrode:/home/ram/cognipilot/cranium/install/b3rb_ros_line_follower:/opt/ros/humble PATH=/home/ram/melfa_ros2/install/xacro/bin:${PATH} PYTHONPATH=/home/ram/melfa_ros2/install/xacro/local/lib/python3.10/dist-packages:${PYTHONPATH} /usr/bin/cmake --install /home/ram/melfa_ros2/build/melfa_rv4fr_moveit_config[0m
[12.512s] [34mcolcon.colcon_core.environment[0m [1;30mLevel 1[0m checking '/home/ram/melfa_ros2/install/melfa_rv4fr_moveit_config' for CMake config files
[12.513s] [34mcolcon.colcon_core.shell[0m [1;30mLevel 1[0m create_environment_hook('melfa_rv4fr_moveit_config', 'cmake_prefix_path')
[12.513s] [34mcolcon.colcon_core.shell[0m [1;30mINFO[0m Creating environment hook '/home/ram/melfa_ros2/install/melfa_rv4fr_moveit_config/share/melfa_rv4fr_moveit_config/hook/cmake_prefix_path.ps1'
[12.513s] [34mcolcon.colcon_core.shell[0m [1;30mINFO[0m Creating environment descriptor '/home/ram/melfa_ros2/install/melfa_rv4fr_moveit_config/share/melfa_rv4fr_moveit_config/hook/cmake_prefix_path.dsv'
[12.513s] [34mcolcon.colcon_core.shell[0m [1;30mINFO[0m Creating environment hook '/home/ram/melfa_ros2/install/melfa_rv4fr_moveit_config/share/melfa_rv4fr_moveit_config/hook/cmake_prefix_path.sh'
[12.514s] [34mcolcon.colcon_core.environment[0m [1;30mLevel 1[0m checking '/home/ram/melfa_ros2/install/melfa_rv4fr_moveit_config/lib'
[12.514s] [34mcolcon.colcon_core.environment[0m [1;30mLevel 1[0m checking '/home/ram/melfa_ros2/install/melfa_rv4fr_moveit_config/bin'
[12.514s] [34mcolcon.colcon_core.environment[0m [1;30mLevel 1[0m checking '/home/ram/melfa_ros2/install/melfa_rv4fr_moveit_config/lib/pkgconfig/melfa_rv4fr_moveit_config.pc'
[12.514s] [34mcolcon.colcon_core.environment[0m [1;30mLevel 1[0m checking '/home/ram/melfa_ros2/install/melfa_rv4fr_moveit_config/lib/python3.10/site-packages'
[12.514s] [34mcolcon.colcon_core.environment[0m [1;30mLevel 1[0m checking '/home/ram/melfa_ros2/install/melfa_rv4fr_moveit_config/bin'
[12.515s] [34mcolcon.colcon_core.shell[0m [1;30mINFO[0m Creating package script '/home/ram/melfa_ros2/install/melfa_rv4fr_moveit_config/share/melfa_rv4fr_moveit_config/package.ps1'
[12.515s] [34mcolcon.colcon_core.shell[0m [1;30mINFO[0m Creating package descriptor '/home/ram/melfa_ros2/install/melfa_rv4fr_moveit_config/share/melfa_rv4fr_moveit_config/package.dsv'
[12.515s] [34mcolcon.colcon_core.shell[0m [1;30mINFO[0m Creating package script '/home/ram/melfa_ros2/install/melfa_rv4fr_moveit_config/share/melfa_rv4fr_moveit_config/package.sh'
[12.515s] [34mcolcon.colcon_core.shell[0m [1;30mINFO[0m Creating package script '/home/ram/melfa_ros2/install/melfa_rv4fr_moveit_config/share/melfa_rv4fr_moveit_config/package.bash'
[12.516s] [34mcolcon.colcon_core.shell[0m [1;30mINFO[0m Creating package script '/home/ram/melfa_ros2/install/melfa_rv4fr_moveit_config/share/melfa_rv4fr_moveit_config/package.zsh'
[12.516s] [34mcolcon.colcon_core.environment[0m [1;30mLevel 1[0m create_file_with_runtime_dependencies(/home/ram/melfa_ros2/install/melfa_rv4fr_moveit_config/share/colcon-core/packages/melfa_rv4fr_moveit_config)
[12.516s] [34mcolcon.colcon_core.environment[0m [1;30mLevel 1[0m create_environment_scripts_only(melfa_rv4fr_moveit_config)
[12.516s] [34mcolcon.colcon_core.environment[0m [1;30mLevel 1[0m checking '/home/ram/melfa_ros2/install/melfa_rv4fr_moveit_config' for CMake module files
[12.517s] [34mcolcon.colcon_core.environment[0m [1;30mLevel 1[0m checking '/home/ram/melfa_ros2/install/melfa_rv4fr_moveit_config' for CMake config files
[12.517s] [34mcolcon.colcon_core.shell[0m [1;30mLevel 1[0m create_environment_hook('melfa_rv4fr_moveit_config', 'cmake_prefix_path')
[12.517s] [34mcolcon.colcon_core.shell[0m [1;30mINFO[0m Creating environment hook '/home/ram/melfa_ros2/install/melfa_rv4fr_moveit_config/share/melfa_rv4fr_moveit_config/hook/cmake_prefix_path.ps1'
[12.517s] [34mcolcon.colcon_core.shell[0m [1;30mINFO[0m Creating environment descriptor '/home/ram/melfa_ros2/install/melfa_rv4fr_moveit_config/share/melfa_rv4fr_moveit_config/hook/cmake_prefix_path.dsv'
[12.518s] [34mcolcon.colcon_core.shell[0m [1;30mINFO[0m Creating environment hook '/home/ram/melfa_ros2/install/melfa_rv4fr_moveit_config/share/melfa_rv4fr_moveit_config/hook/cmake_prefix_path.sh'
[12.518s] [34mcolcon.colcon_core.environment[0m [1;30mLevel 1[0m checking '/home/ram/melfa_ros2/install/melfa_rv4fr_moveit_config/lib'
[12.518s] [34mcolcon.colcon_core.environment[0m [1;30mLevel 1[0m checking '/home/ram/melfa_ros2/install/melfa_rv4fr_moveit_config/bin'
[12.518s] [34mcolcon.colcon_core.environment[0m [1;30mLevel 1[0m checking '/home/ram/melfa_ros2/install/melfa_rv4fr_moveit_config/lib/pkgconfig/melfa_rv4fr_moveit_config.pc'
[12.518s] [34mcolcon.colcon_core.environment[0m [1;30mLevel 1[0m checking '/home/ram/melfa_ros2/install/melfa_rv4fr_moveit_config/lib/python3.10/site-packages'
[12.519s] [34mcolcon.colcon_core.environment[0m [1;30mLevel 1[0m checking '/home/ram/melfa_ros2/install/melfa_rv4fr_moveit_config/bin'
[12.519s] [34mcolcon.colcon_core.shell[0m [1;30mINFO[0m Creating package script '/home/ram/melfa_ros2/install/melfa_rv4fr_moveit_config/share/melfa_rv4fr_moveit_config/package.ps1'
[12.519s] [34mcolcon.colcon_core.shell[0m [1;30mINFO[0m Creating package descriptor '/home/ram/melfa_ros2/install/melfa_rv4fr_moveit_config/share/melfa_rv4fr_moveit_config/package.dsv'
[12.520s] [34mcolcon.colcon_core.shell[0m [1;30mINFO[0m Creating package script '/home/ram/melfa_ros2/install/melfa_rv4fr_moveit_config/share/melfa_rv4fr_moveit_config/package.sh'
[12.520s] [34mcolcon.colcon_core.shell[0m [1;30mINFO[0m Creating package script '/home/ram/melfa_ros2/install/melfa_rv4fr_moveit_config/share/melfa_rv4fr_moveit_config/package.bash'
[12.520s] [34mcolcon.colcon_core.shell[0m [1;30mINFO[0m Creating package script '/home/ram/melfa_ros2/install/melfa_rv4fr_moveit_config/share/melfa_rv4fr_moveit_config/package.zsh'
[12.520s] [34mcolcon.colcon_core.environment[0m [1;30mLevel 1[0m create_file_with_runtime_dependencies(/home/ram/melfa_ros2/install/melfa_rv4fr_moveit_config/share/colcon-core/packages/melfa_rv4fr_moveit_config)
[12.521s] [34mcolcon.colcon_ros.task.ament_cmake.build[0m [1;30mINFO[0m Building ROS package in '/home/ram/melfa_ros2/src/melfa_ros2_driver/melfa_moveit_config/melfa_rv5as_moveit_config' with build type 'ament_cmake'
[12.521s] [34mcolcon.colcon_cmake.task.cmake.build[0m [1;30mINFO[0m Building CMake package in '/home/ram/melfa_ros2/src/melfa_ros2_driver/melfa_moveit_config/melfa_rv5as_moveit_config'
[12.521s] [34mcolcon.colcon_core.shell[0m [1;30mINFO[0m Skip shell extension 'powershell' for command environment: Not usable outside of PowerShell
[12.521s] [34mcolcon.colcon_core.shell[0m [1;30mDEBUG[0m [32mSkip shell extension 'dsv' for command environment[0m
[12.534s] [34mcolcon.colcon_core.event_handler.log_command[0m [1;30mDEBUG[0m [32mInvoking command in '/home/ram/melfa_ros2/build/melfa_rv5as_moveit_config': AMENT_PREFIX_PATH=/home/ram/melfa_ros2/install/melfa_description:/home/ram/melfa_ros2/install/xacro:${AMENT_PREFIX_PATH} CMAKE_PREFIX_PATH=/home/ram/melfa_ros2/install/melfa_description:/home/ram/melfa_ros2/install/xacro:/home/ram/cognipilot/cranium/install/synapse_ros:/home/ram/cognipilot/cranium/install/synapse_gz:/home/ram/cognipilot/cranium/install/synapse_tinyframe:/home/ram/cognipilot/cranium/install/synapse_protobuf:/home/ram/cognipilot/cranium/install/corti:/home/ram/cognipilot/cranium/install/synapse_msgs:/home/ram/cognipilot/cranium/install/dream_world:/home/ram/cognipilot/cranium/install/cerebri_bringup:/home/ram/cognipilot/cranium/install/b3rb_simulator:/home/ram/cognipilot/cranium/install/b3rb_desktop:/home/ram/cognipilot/cranium/install/b3rb_rviz:/home/ram/cognipilot/cranium/install/b3rb_nav2:/home/ram/cognipilot/cranium/install/b3rb_gz_resource:/home/ram/cognipilot/cranium/install/b3rb_gz_bringup:/home/ram/cognipilot/cranium/install/b3rb_description:/home/ram/cognipilot/electrode/install/electrode:/home/ram/cognipilot/cranium/install/b3rb_ros_line_follower:/opt/ros/humble PATH=/home/ram/melfa_ros2/install/xacro/bin:${PATH} PYTHONPATH=/home/ram/melfa_ros2/install/xacro/local/lib/python3.10/dist-packages:${PYTHONPATH} /usr/bin/cmake /home/ram/melfa_ros2/src/melfa_ros2_driver/melfa_moveit_config/melfa_rv5as_moveit_config -DCMAKE_BUILD_TYPE=Release -DCMAKE_INSTALL_PREFIX=/home/ram/melfa_ros2/install/melfa_rv5as_moveit_config[0m
[12.573s] [34mcolcon.colcon_core.event_handler.log_command[0m [1;30mDEBUG[0m [32mInvoked command in '/home/ram/melfa_ros2/build/melfa_rv2fr_moveit_config' returned '0': AMENT_PREFIX_PATH=/home/ram/melfa_ros2/install/melfa_description:/home/ram/melfa_ros2/install/xacro:${AMENT_PREFIX_PATH} CMAKE_PREFIX_PATH=/home/ram/melfa_ros2/install/melfa_description:/home/ram/melfa_ros2/install/xacro:/home/ram/cognipilot/cranium/install/synapse_ros:/home/ram/cognipilot/cranium/install/synapse_gz:/home/ram/cognipilot/cranium/install/synapse_tinyframe:/home/ram/cognipilot/cranium/install/synapse_protobuf:/home/ram/cognipilot/cranium/install/corti:/home/ram/cognipilot/cranium/install/synapse_msgs:/home/ram/cognipilot/cranium/install/dream_world:/home/ram/cognipilot/cranium/install/cerebri_bringup:/home/ram/cognipilot/cranium/install/b3rb_simulator:/home/ram/cognipilot/cranium/install/b3rb_desktop:/home/ram/cognipilot/cranium/install/b3rb_rviz:/home/ram/cognipilot/cranium/install/b3rb_nav2:/home/ram/cognipilot/cranium/install/b3rb_gz_resource:/home/ram/cognipilot/cranium/install/b3rb_gz_bringup:/home/ram/cognipilot/cranium/install/b3rb_description:/home/ram/cognipilot/electrode/install/electrode:/home/ram/cognipilot/cranium/install/b3rb_ros_line_follower:/opt/ros/humble PATH=/home/ram/melfa_ros2/install/xacro/bin:${PATH} PYTHONPATH=/home/ram/melfa_ros2/install/xacro/local/lib/python3.10/dist-packages:${PYTHONPATH} /usr/bin/cmake --build /home/ram/melfa_ros2/build/melfa_rv2fr_moveit_config -- -j16 -l16[0m
[12.575s] [34mcolcon.colcon_core.event_handler.log_command[0m [1;30mDEBUG[0m [32mInvoking command in '/home/ram/melfa_ros2/build/melfa_rv2fr_moveit_config': AMENT_PREFIX_PATH=/home/ram/melfa_ros2/install/melfa_description:/home/ram/melfa_ros2/install/xacro:${AMENT_PREFIX_PATH} CMAKE_PREFIX_PATH=/home/ram/melfa_ros2/install/melfa_description:/home/ram/melfa_ros2/install/xacro:/home/ram/cognipilot/cranium/install/synapse_ros:/home/ram/cognipilot/cranium/install/synapse_gz:/home/ram/cognipilot/cranium/install/synapse_tinyframe:/home/ram/cognipilot/cranium/install/synapse_protobuf:/home/ram/cognipilot/cranium/install/corti:/home/ram/cognipilot/cranium/install/synapse_msgs:/home/ram/cognipilot/cranium/install/dream_world:/home/ram/cognipilot/cranium/install/cerebri_bringup:/home/ram/cognipilot/cranium/install/b3rb_simulator:/home/ram/cognipilot/cranium/install/b3rb_desktop:/home/ram/cognipilot/cranium/install/b3rb_rviz:/home/ram/cognipilot/cranium/install/b3rb_nav2:/home/ram/cognipilot/cranium/install/b3rb_gz_resource:/home/ram/cognipilot/cranium/install/b3rb_gz_bringup:/home/ram/cognipilot/cranium/install/b3rb_description:/home/ram/cognipilot/electrode/install/electrode:/home/ram/cognipilot/cranium/install/b3rb_ros_line_follower:/opt/ros/humble PATH=/home/ram/melfa_ros2/install/xacro/bin:${PATH} PYTHONPATH=/home/ram/melfa_ros2/install/xacro/local/lib/python3.10/dist-packages:${PYTHONPATH} /usr/bin/cmake --install /home/ram/melfa_ros2/build/melfa_rv2fr_moveit_config[0m
[12.583s] [34mcolcon.colcon_core.environment[0m [1;30mLevel 1[0m create_environment_scripts_only(melfa_rv2fr_moveit_config)
[12.584s] [34mcolcon.colcon_core.environment[0m [1;30mLevel 1[0m checking '/home/ram/melfa_ros2/install/melfa_rv2fr_moveit_config' for CMake module files
[12.584s] [34mcolcon.colcon_core.event_handler.log_command[0m [1;30mDEBUG[0m [32mInvoked command in '/home/ram/melfa_ros2/build/melfa_rv2fr_moveit_config' returned '0': AMENT_PREFIX_PATH=/home/ram/melfa_ros2/install/melfa_description:/home/ram/melfa_ros2/install/xacro:${AMENT_PREFIX_PATH} CMAKE_PREFIX_PATH=/home/ram/melfa_ros2/install/melfa_description:/home/ram/melfa_ros2/install/xacro:/home/ram/cognipilot/cranium/install/synapse_ros:/home/ram/cognipilot/cranium/install/synapse_gz:/home/ram/cognipilot/cranium/install/synapse_tinyframe:/home/ram/cognipilot/cranium/install/synapse_protobuf:/home/ram/cognipilot/cranium/install/corti:/home/ram/cognipilot/cranium/install/synapse_msgs:/home/ram/cognipilot/cranium/install/dream_world:/home/ram/cognipilot/cranium/install/cerebri_bringup:/home/ram/cognipilot/cranium/install/b3rb_simulator:/home/ram/cognipilot/cranium/install/b3rb_desktop:/home/ram/cognipilot/cranium/install/b3rb_rviz:/home/ram/cognipilot/cranium/install/b3rb_nav2:/home/ram/cognipilot/cranium/install/b3rb_gz_resource:/home/ram/cognipilot/cranium/install/b3rb_gz_bringup:/home/ram/cognipilot/cranium/install/b3rb_description:/home/ram/cognipilot/electrode/install/electrode:/home/ram/cognipilot/cranium/install/b3rb_ros_line_follower:/opt/ros/humble PATH=/home/ram/melfa_ros2/install/xacro/bin:${PATH} PYTHONPATH=/home/ram/melfa_ros2/install/xacro/local/lib/python3.10/dist-packages:${PYTHONPATH} /usr/bin/cmake --install /home/ram/melfa_ros2/build/melfa_rv2fr_moveit_config[0m
[12.585s] [34mcolcon.colcon_core.environment[0m [1;30mLevel 1[0m checking '/home/ram/melfa_ros2/install/melfa_rv2fr_moveit_config' for CMake config files
[12.585s] [34mcolcon.colcon_core.shell[0m [1;30mLevel 1[0m create_environment_hook('melfa_rv2fr_moveit_config', 'cmake_prefix_path')
[12.585s] [34mcolcon.colcon_core.shell[0m [1;30mINFO[0m Creating environment hook '/home/ram/melfa_ros2/install/melfa_rv2fr_moveit_config/share/melfa_rv2fr_moveit_config/hook/cmake_prefix_path.ps1'
[12.585s] [34mcolcon.colcon_core.shell[0m [1;30mINFO[0m Creating environment descriptor '/home/ram/melfa_ros2/install/melfa_rv2fr_moveit_config/share/melfa_rv2fr_moveit_config/hook/cmake_prefix_path.dsv'
[12.585s] [34mcolcon.colcon_core.shell[0m [1;30mINFO[0m Creating environment hook '/home/ram/melfa_ros2/install/melfa_rv2fr_moveit_config/share/melfa_rv2fr_moveit_config/hook/cmake_prefix_path.sh'
[12.586s] [34mcolcon.colcon_core.environment[0m [1;30mLevel 1[0m checking '/home/ram/melfa_ros2/install/melfa_rv2fr_moveit_config/lib'
[12.586s] [34mcolcon.colcon_core.environment[0m [1;30mLevel 1[0m checking '/home/ram/melfa_ros2/install/melfa_rv2fr_moveit_config/bin'
[12.586s] [34mcolcon.colcon_core.environment[0m [1;30mLevel 1[0m checking '/home/ram/melfa_ros2/install/melfa_rv2fr_moveit_config/lib/pkgconfig/melfa_rv2fr_moveit_config.pc'
[12.586s] [34mcolcon.colcon_core.environment[0m [1;30mLevel 1[0m checking '/home/ram/melfa_ros2/install/melfa_rv2fr_moveit_config/lib/python3.10/site-packages'
[12.586s] [34mcolcon.colcon_core.environment[0m [1;30mLevel 1[0m checking '/home/ram/melfa_ros2/install/melfa_rv2fr_moveit_config/bin'
[12.586s] [34mcolcon.colcon_core.shell[0m [1;30mINFO[0m Creating package script '/home/ram/melfa_ros2/install/melfa_rv2fr_moveit_config/share/melfa_rv2fr_moveit_config/package.ps1'
[12.587s] [34mcolcon.colcon_core.shell[0m [1;30mINFO[0m Creating package descriptor '/home/ram/melfa_ros2/install/melfa_rv2fr_moveit_config/share/melfa_rv2fr_moveit_config/package.dsv'
[12.587s] [34mcolcon.colcon_core.shell[0m [1;30mINFO[0m Creating package script '/home/ram/melfa_ros2/install/melfa_rv2fr_moveit_config/share/melfa_rv2fr_moveit_config/package.sh'
[12.587s] [34mcolcon.colcon_core.shell[0m [1;30mINFO[0m Creating package script '/home/ram/melfa_ros2/install/melfa_rv2fr_moveit_config/share/melfa_rv2fr_moveit_config/package.bash'
[12.588s] [34mcolcon.colcon_core.shell[0m [1;30mINFO[0m Creating package script '/home/ram/melfa_ros2/install/melfa_rv2fr_moveit_config/share/melfa_rv2fr_moveit_config/package.zsh'
[12.588s] [34mcolcon.colcon_core.environment[0m [1;30mLevel 1[0m create_file_with_runtime_dependencies(/home/ram/melfa_ros2/install/melfa_rv2fr_moveit_config/share/colcon-core/packages/melfa_rv2fr_moveit_config)
[12.588s] [34mcolcon.colcon_core.environment[0m [1;30mLevel 1[0m create_environment_scripts_only(melfa_rv2fr_moveit_config)
[12.588s] [34mcolcon.colcon_core.environment[0m [1;30mLevel 1[0m checking '/home/ram/melfa_ros2/install/melfa_rv2fr_moveit_config' for CMake module files
[12.588s] [34mcolcon.colcon_core.environment[0m [1;30mLevel 1[0m checking '/home/ram/melfa_ros2/install/melfa_rv2fr_moveit_config' for CMake config files
[12.589s] [34mcolcon.colcon_core.shell[0m [1;30mLevel 1[0m create_environment_hook('melfa_rv2fr_moveit_config', 'cmake_prefix_path')
[12.589s] [34mcolcon.colcon_core.shell[0m [1;30mINFO[0m Creating environment hook '/home/ram/melfa_ros2/install/melfa_rv2fr_moveit_config/share/melfa_rv2fr_moveit_config/hook/cmake_prefix_path.ps1'
[12.589s] [34mcolcon.colcon_core.shell[0m [1;30mINFO[0m Creating environment descriptor '/home/ram/melfa_ros2/install/melfa_rv2fr_moveit_config/share/melfa_rv2fr_moveit_config/hook/cmake_prefix_path.dsv'
[12.589s] [34mcolcon.colcon_core.shell[0m [1;30mINFO[0m Creating environment hook '/home/ram/melfa_ros2/install/melfa_rv2fr_moveit_config/share/melfa_rv2fr_moveit_config/hook/cmake_prefix_path.sh'
[12.589s] [34mcolcon.colcon_core.environment[0m [1;30mLevel 1[0m checking '/home/ram/melfa_ros2/install/melfa_rv2fr_moveit_config/lib'
[12.589s] [34mcolcon.colcon_core.environment[0m [1;30mLevel 1[0m checking '/home/ram/melfa_ros2/install/melfa_rv2fr_moveit_config/bin'
[12.590s] [34mcolcon.colcon_core.environment[0m [1;30mLevel 1[0m checking '/home/ram/melfa_ros2/install/melfa_rv2fr_moveit_config/lib/pkgconfig/melfa_rv2fr_moveit_config.pc'
[12.590s] [34mcolcon.colcon_core.environment[0m [1;30mLevel 1[0m checking '/home/ram/melfa_ros2/install/melfa_rv2fr_moveit_config/lib/python3.10/site-packages'
[12.590s] [34mcolcon.colcon_core.environment[0m [1;30mLevel 1[0m checking '/home/ram/melfa_ros2/install/melfa_rv2fr_moveit_config/bin'
[12.590s] [34mcolcon.colcon_core.shell[0m [1;30mINFO[0m Creating package script '/home/ram/melfa_ros2/install/melfa_rv2fr_moveit_config/share/melfa_rv2fr_moveit_config/package.ps1'
[12.590s] [34mcolcon.colcon_core.shell[0m [1;30mINFO[0m Creating package descriptor '/home/ram/melfa_ros2/install/melfa_rv2fr_moveit_config/share/melfa_rv2fr_moveit_config/package.dsv'
[12.591s] [34mcolcon.colcon_core.shell[0m [1;30mINFO[0m Creating package script '/home/ram/melfa_ros2/install/melfa_rv2fr_moveit_config/share/melfa_rv2fr_moveit_config/package.sh'
[12.591s] [34mcolcon.colcon_core.shell[0m [1;30mINFO[0m Creating package script '/home/ram/melfa_ros2/install/melfa_rv2fr_moveit_config/share/melfa_rv2fr_moveit_config/package.bash'
[12.591s] [34mcolcon.colcon_core.shell[0m [1;30mINFO[0m Creating package script '/home/ram/melfa_ros2/install/melfa_rv2fr_moveit_config/share/melfa_rv2fr_moveit_config/package.zsh'
[12.591s] [34mcolcon.colcon_core.environment[0m [1;30mLevel 1[0m create_file_with_runtime_dependencies(/home/ram/melfa_ros2/install/melfa_rv2fr_moveit_config/share/colcon-core/packages/melfa_rv2fr_moveit_config)
[12.592s] [34mcolcon.colcon_ros.task.ament_cmake.build[0m [1;30mINFO[0m Building ROS package in '/home/ram/melfa_ros2/src/melfa_ros2_driver/melfa_moveit_config/melfa_rv7frl_moveit_config' with build type 'ament_cmake'
[12.592s] [34mcolcon.colcon_cmake.task.cmake.build[0m [1;30mINFO[0m Building CMake package in '/home/ram/melfa_ros2/src/melfa_ros2_driver/melfa_moveit_config/melfa_rv7frl_moveit_config'
[12.592s] [34mcolcon.colcon_core.shell[0m [1;30mINFO[0m Skip shell extension 'powershell' for command environment: Not usable outside of PowerShell
[12.592s] [34mcolcon.colcon_core.shell[0m [1;30mDEBUG[0m [32mSkip shell extension 'dsv' for command environment[0m
[12.604s] [34mcolcon.colcon_core.event_handler.log_command[0m [1;30mDEBUG[0m [32mInvoking command in '/home/ram/melfa_ros2/build/melfa_rv7frl_moveit_config': AMENT_PREFIX_PATH=/home/ram/melfa_ros2/install/melfa_description:/home/ram/melfa_ros2/install/xacro:${AMENT_PREFIX_PATH} CMAKE_PREFIX_PATH=/home/ram/melfa_ros2/install/melfa_description:/home/ram/melfa_ros2/install/xacro:/home/ram/cognipilot/cranium/install/synapse_ros:/home/ram/cognipilot/cranium/install/synapse_gz:/home/ram/cognipilot/cranium/install/synapse_tinyframe:/home/ram/cognipilot/cranium/install/synapse_protobuf:/home/ram/cognipilot/cranium/install/corti:/home/ram/cognipilot/cranium/install/synapse_msgs:/home/ram/cognipilot/cranium/install/dream_world:/home/ram/cognipilot/cranium/install/cerebri_bringup:/home/ram/cognipilot/cranium/install/b3rb_simulator:/home/ram/cognipilot/cranium/install/b3rb_desktop:/home/ram/cognipilot/cranium/install/b3rb_rviz:/home/ram/cognipilot/cranium/install/b3rb_nav2:/home/ram/cognipilot/cranium/install/b3rb_gz_resource:/home/ram/cognipilot/cranium/install/b3rb_gz_bringup:/home/ram/cognipilot/cranium/install/b3rb_description:/home/ram/cognipilot/electrode/install/electrode:/home/ram/cognipilot/cranium/install/b3rb_ros_line_follower:/opt/ros/humble PATH=/home/ram/melfa_ros2/install/xacro/bin:${PATH} PYTHONPATH=/home/ram/melfa_ros2/install/xacro/local/lib/python3.10/dist-packages:${PYTHONPATH} /usr/bin/cmake /home/ram/melfa_ros2/src/melfa_ros2_driver/melfa_moveit_config/melfa_rv7frl_moveit_config -DCMAKE_BUILD_TYPE=Release -DCMAKE_INSTALL_PREFIX=/home/ram/melfa_ros2/install/melfa_rv7frl_moveit_config[0m
[12.605s] [34mcolcon.colcon_core.event_handler.log_command[0m [1;30mDEBUG[0m [32mInvoked command in '/home/ram/melfa_ros2/build/melfa_rv4frl_moveit_config' returned '0': AMENT_PREFIX_PATH=/home/ram/melfa_ros2/install/melfa_description:/home/ram/melfa_ros2/install/xacro:${AMENT_PREFIX_PATH} CMAKE_PREFIX_PATH=/home/ram/melfa_ros2/install/melfa_description:/home/ram/melfa_ros2/install/xacro:/home/ram/cognipilot/cranium/install/synapse_ros:/home/ram/cognipilot/cranium/install/synapse_gz:/home/ram/cognipilot/cranium/install/synapse_tinyframe:/home/ram/cognipilot/cranium/install/synapse_protobuf:/home/ram/cognipilot/cranium/install/corti:/home/ram/cognipilot/cranium/install/synapse_msgs:/home/ram/cognipilot/cranium/install/dream_world:/home/ram/cognipilot/cranium/install/cerebri_bringup:/home/ram/cognipilot/cranium/install/b3rb_simulator:/home/ram/cognipilot/cranium/install/b3rb_desktop:/home/ram/cognipilot/cranium/install/b3rb_rviz:/home/ram/cognipilot/cranium/install/b3rb_nav2:/home/ram/cognipilot/cranium/install/b3rb_gz_resource:/home/ram/cognipilot/cranium/install/b3rb_gz_bringup:/home/ram/cognipilot/cranium/install/b3rb_description:/home/ram/cognipilot/electrode/install/electrode:/home/ram/cognipilot/cranium/install/b3rb_ros_line_follower:/opt/ros/humble PATH=/home/ram/melfa_ros2/install/xacro/bin:${PATH} PYTHONPATH=/home/ram/melfa_ros2/install/xacro/local/lib/python3.10/dist-packages:${PYTHONPATH} /usr/bin/cmake /home/ram/melfa_ros2/src/melfa_ros2_driver/melfa_moveit_config/melfa_rv4frl_moveit_config -DCMAKE_BUILD_TYPE=Release -DCMAKE_INSTALL_PREFIX=/home/ram/melfa_ros2/install/melfa_rv4frl_moveit_config[0m
[12.606s] [34mcolcon.colcon_core.event_handler.log_command[0m [1;30mDEBUG[0m [32mInvoking command in '/home/ram/melfa_ros2/build/melfa_rv4frl_moveit_config': AMENT_PREFIX_PATH=/home/ram/melfa_ros2/install/melfa_description:/home/ram/melfa_ros2/install/xacro:${AMENT_PREFIX_PATH} CMAKE_PREFIX_PATH=/home/ram/melfa_ros2/install/melfa_description:/home/ram/melfa_ros2/install/xacro:/home/ram/cognipilot/cranium/install/synapse_ros:/home/ram/cognipilot/cranium/install/synapse_gz:/home/ram/cognipilot/cranium/install/synapse_tinyframe:/home/ram/cognipilot/cranium/install/synapse_protobuf:/home/ram/cognipilot/cranium/install/corti:/home/ram/cognipilot/cranium/install/synapse_msgs:/home/ram/cognipilot/cranium/install/dream_world:/home/ram/cognipilot/cranium/install/cerebri_bringup:/home/ram/cognipilot/cranium/install/b3rb_simulator:/home/ram/cognipilot/cranium/install/b3rb_desktop:/home/ram/cognipilot/cranium/install/b3rb_rviz:/home/ram/cognipilot/cranium/install/b3rb_nav2:/home/ram/cognipilot/cranium/install/b3rb_gz_resource:/home/ram/cognipilot/cranium/install/b3rb_gz_bringup:/home/ram/cognipilot/cranium/install/b3rb_description:/home/ram/cognipilot/electrode/install/electrode:/home/ram/cognipilot/cranium/install/b3rb_ros_line_follower:/opt/ros/humble PATH=/home/ram/melfa_ros2/install/xacro/bin:${PATH} PYTHONPATH=/home/ram/melfa_ros2/install/xacro/local/lib/python3.10/dist-packages:${PYTHONPATH} /usr/bin/cmake --build /home/ram/melfa_ros2/build/melfa_rv4frl_moveit_config -- -j16 -l16[0m
[12.977s] [34mcolcon.colcon_core.event_handler.log_command[0m [1;30mDEBUG[0m [32mInvoked command in '/home/ram/melfa_ros2/build/melfa_rv5as_moveit_config' returned '0': AMENT_PREFIX_PATH=/home/ram/melfa_ros2/install/melfa_description:/home/ram/melfa_ros2/install/xacro:${AMENT_PREFIX_PATH} CMAKE_PREFIX_PATH=/home/ram/melfa_ros2/install/melfa_description:/home/ram/melfa_ros2/install/xacro:/home/ram/cognipilot/cranium/install/synapse_ros:/home/ram/cognipilot/cranium/install/synapse_gz:/home/ram/cognipilot/cranium/install/synapse_tinyframe:/home/ram/cognipilot/cranium/install/synapse_protobuf:/home/ram/cognipilot/cranium/install/corti:/home/ram/cognipilot/cranium/install/synapse_msgs:/home/ram/cognipilot/cranium/install/dream_world:/home/ram/cognipilot/cranium/install/cerebri_bringup:/home/ram/cognipilot/cranium/install/b3rb_simulator:/home/ram/cognipilot/cranium/install/b3rb_desktop:/home/ram/cognipilot/cranium/install/b3rb_rviz:/home/ram/cognipilot/cranium/install/b3rb_nav2:/home/ram/cognipilot/cranium/install/b3rb_gz_resource:/home/ram/cognipilot/cranium/install/b3rb_gz_bringup:/home/ram/cognipilot/cranium/install/b3rb_description:/home/ram/cognipilot/electrode/install/electrode:/home/ram/cognipilot/cranium/install/b3rb_ros_line_follower:/opt/ros/humble PATH=/home/ram/melfa_ros2/install/xacro/bin:${PATH} PYTHONPATH=/home/ram/melfa_ros2/install/xacro/local/lib/python3.10/dist-packages:${PYTHONPATH} /usr/bin/cmake /home/ram/melfa_ros2/src/melfa_ros2_driver/melfa_moveit_config/melfa_rv5as_moveit_config -DCMAKE_BUILD_TYPE=Release -DCMAKE_INSTALL_PREFIX=/home/ram/melfa_ros2/install/melfa_rv5as_moveit_config[0m
[12.978s] [34mcolcon.colcon_core.event_handler.log_command[0m [1;30mDEBUG[0m [32mInvoking command in '/home/ram/melfa_ros2/build/melfa_rv5as_moveit_config': AMENT_PREFIX_PATH=/home/ram/melfa_ros2/install/melfa_description:/home/ram/melfa_ros2/install/xacro:${AMENT_PREFIX_PATH} CMAKE_PREFIX_PATH=/home/ram/melfa_ros2/install/melfa_description:/home/ram/melfa_ros2/install/xacro:/home/ram/cognipilot/cranium/install/synapse_ros:/home/ram/cognipilot/cranium/install/synapse_gz:/home/ram/cognipilot/cranium/install/synapse_tinyframe:/home/ram/cognipilot/cranium/install/synapse_protobuf:/home/ram/cognipilot/cranium/install/corti:/home/ram/cognipilot/cranium/install/synapse_msgs:/home/ram/cognipilot/cranium/install/dream_world:/home/ram/cognipilot/cranium/install/cerebri_bringup:/home/ram/cognipilot/cranium/install/b3rb_simulator:/home/ram/cognipilot/cranium/install/b3rb_desktop:/home/ram/cognipilot/cranium/install/b3rb_rviz:/home/ram/cognipilot/cranium/install/b3rb_nav2:/home/ram/cognipilot/cranium/install/b3rb_gz_resource:/home/ram/cognipilot/cranium/install/b3rb_gz_bringup:/home/ram/cognipilot/cranium/install/b3rb_description:/home/ram/cognipilot/electrode/install/electrode:/home/ram/cognipilot/cranium/install/b3rb_ros_line_follower:/opt/ros/humble PATH=/home/ram/melfa_ros2/install/xacro/bin:${PATH} PYTHONPATH=/home/ram/melfa_ros2/install/xacro/local/lib/python3.10/dist-packages:${PYTHONPATH} /usr/bin/cmake --build /home/ram/melfa_ros2/build/melfa_rv5as_moveit_config -- -j16 -l16[0m
[13.049s] [34mcolcon.colcon_core.event_handler.log_command[0m [1;30mDEBUG[0m [32mInvoked command in '/home/ram/melfa_ros2/build/melfa_rv7frl_moveit_config' returned '0': AMENT_PREFIX_PATH=/home/ram/melfa_ros2/install/melfa_description:/home/ram/melfa_ros2/install/xacro:${AMENT_PREFIX_PATH} CMAKE_PREFIX_PATH=/home/ram/melfa_ros2/install/melfa_description:/home/ram/melfa_ros2/install/xacro:/home/ram/cognipilot/cranium/install/synapse_ros:/home/ram/cognipilot/cranium/install/synapse_gz:/home/ram/cognipilot/cranium/install/synapse_tinyframe:/home/ram/cognipilot/cranium/install/synapse_protobuf:/home/ram/cognipilot/cranium/install/corti:/home/ram/cognipilot/cranium/install/synapse_msgs:/home/ram/cognipilot/cranium/install/dream_world:/home/ram/cognipilot/cranium/install/cerebri_bringup:/home/ram/cognipilot/cranium/install/b3rb_simulator:/home/ram/cognipilot/cranium/install/b3rb_desktop:/home/ram/cognipilot/cranium/install/b3rb_rviz:/home/ram/cognipilot/cranium/install/b3rb_nav2:/home/ram/cognipilot/cranium/install/b3rb_gz_resource:/home/ram/cognipilot/cranium/install/b3rb_gz_bringup:/home/ram/cognipilot/cranium/install/b3rb_description:/home/ram/cognipilot/electrode/install/electrode:/home/ram/cognipilot/cranium/install/b3rb_ros_line_follower:/opt/ros/humble PATH=/home/ram/melfa_ros2/install/xacro/bin:${PATH} PYTHONPATH=/home/ram/melfa_ros2/install/xacro/local/lib/python3.10/dist-packages:${PYTHONPATH} /usr/bin/cmake /home/ram/melfa_ros2/src/melfa_ros2_driver/melfa_moveit_config/melfa_rv7frl_moveit_config -DCMAKE_BUILD_TYPE=Release -DCMAKE_INSTALL_PREFIX=/home/ram/melfa_ros2/install/melfa_rv7frl_moveit_config[0m
[13.050s] [34mcolcon.colcon_core.event_handler.log_command[0m [1;30mDEBUG[0m [32mInvoking command in '/home/ram/melfa_ros2/build/melfa_rv7frl_moveit_config': AMENT_PREFIX_PATH=/home/ram/melfa_ros2/install/melfa_description:/home/ram/melfa_ros2/install/xacro:${AMENT_PREFIX_PATH} CMAKE_PREFIX_PATH=/home/ram/melfa_ros2/install/melfa_description:/home/ram/melfa_ros2/install/xacro:/home/ram/cognipilot/cranium/install/synapse_ros:/home/ram/cognipilot/cranium/install/synapse_gz:/home/ram/cognipilot/cranium/install/synapse_tinyframe:/home/ram/cognipilot/cranium/install/synapse_protobuf:/home/ram/cognipilot/cranium/install/corti:/home/ram/cognipilot/cranium/install/synapse_msgs:/home/ram/cognipilot/cranium/install/dream_world:/home/ram/cognipilot/cranium/install/cerebri_bringup:/home/ram/cognipilot/cranium/install/b3rb_simulator:/home/ram/cognipilot/cranium/install/b3rb_desktop:/home/ram/cognipilot/cranium/install/b3rb_rviz:/home/ram/cognipilot/cranium/install/b3rb_nav2:/home/ram/cognipilot/cranium/install/b3rb_gz_resource:/home/ram/cognipilot/cranium/install/b3rb_gz_bringup:/home/ram/cognipilot/cranium/install/b3rb_description:/home/ram/cognipilot/electrode/install/electrode:/home/ram/cognipilot/cranium/install/b3rb_ros_line_follower:/opt/ros/humble PATH=/home/ram/melfa_ros2/install/xacro/bin:${PATH} PYTHONPATH=/home/ram/melfa_ros2/install/xacro/local/lib/python3.10/dist-packages:${PYTHONPATH} /usr/bin/cmake --build /home/ram/melfa_ros2/build/melfa_rv7frl_moveit_config -- -j16 -l16[0m
[15.404s] [34mcolcon.colcon_core.event_handler.log_command[0m [1;30mDEBUG[0m [32mInvoked command in '/home/ram/melfa_ros2/build/melfa_io_controllers' returned '0': AMENT_PREFIX_PATH=/home/ram/melfa_ros2/install/melfa_msgs:${AMENT_PREFIX_PATH} CMAKE_PREFIX_PATH=/home/ram/melfa_ros2/install/melfa_msgs:/home/ram/cognipilot/cranium/install/synapse_ros:/home/ram/cognipilot/cranium/install/synapse_gz:/home/ram/cognipilot/cranium/install/synapse_tinyframe:/home/ram/cognipilot/cranium/install/synapse_protobuf:/home/ram/cognipilot/cranium/install/corti:/home/ram/cognipilot/cranium/install/synapse_msgs:/home/ram/cognipilot/cranium/install/dream_world:/home/ram/cognipilot/cranium/install/cerebri_bringup:/home/ram/cognipilot/cranium/install/b3rb_simulator:/home/ram/cognipilot/cranium/install/b3rb_desktop:/home/ram/cognipilot/cranium/install/b3rb_rviz:/home/ram/cognipilot/cranium/install/b3rb_nav2:/home/ram/cognipilot/cranium/install/b3rb_gz_resource:/home/ram/cognipilot/cranium/install/b3rb_gz_bringup:/home/ram/cognipilot/cranium/install/b3rb_description:/home/ram/cognipilot/electrode/install/electrode:/home/ram/cognipilot/cranium/install/b3rb_ros_line_follower:/opt/ros/humble LD_LIBRARY_PATH=/home/ram/melfa_ros2/install/melfa_msgs/lib:${LD_LIBRARY_PATH} PYTHONPATH=/home/ram/melfa_ros2/install/melfa_msgs/local/lib/python3.10/dist-packages:${PYTHONPATH} /usr/bin/cmake --build /home/ram/melfa_ros2/build/melfa_io_controllers -- -j16 -l16[0m
[15.406s] [34mcolcon.colcon_core.event_handler.log_command[0m [1;30mDEBUG[0m [32mInvoking command in '/home/ram/melfa_ros2/build/melfa_io_controllers': AMENT_PREFIX_PATH=/home/ram/melfa_ros2/install/melfa_msgs:${AMENT_PREFIX_PATH} CMAKE_PREFIX_PATH=/home/ram/melfa_ros2/install/melfa_msgs:/home/ram/cognipilot/cranium/install/synapse_ros:/home/ram/cognipilot/cranium/install/synapse_gz:/home/ram/cognipilot/cranium/install/synapse_tinyframe:/home/ram/cognipilot/cranium/install/synapse_protobuf:/home/ram/cognipilot/cranium/install/corti:/home/ram/cognipilot/cranium/install/synapse_msgs:/home/ram/cognipilot/cranium/install/dream_world:/home/ram/cognipilot/cranium/install/cerebri_bringup:/home/ram/cognipilot/cranium/install/b3rb_simulator:/home/ram/cognipilot/cranium/install/b3rb_desktop:/home/ram/cognipilot/cranium/install/b3rb_rviz:/home/ram/cognipilot/cranium/install/b3rb_nav2:/home/ram/cognipilot/cranium/install/b3rb_gz_resource:/home/ram/cognipilot/cranium/install/b3rb_gz_bringup:/home/ram/cognipilot/cranium/install/b3rb_description:/home/ram/cognipilot/electrode/install/electrode:/home/ram/cognipilot/cranium/install/b3rb_ros_line_follower:/opt/ros/humble LD_LIBRARY_PATH=/home/ram/melfa_ros2/install/melfa_msgs/lib:${LD_LIBRARY_PATH} PYTHONPATH=/home/ram/melfa_ros2/install/melfa_msgs/local/lib/python3.10/dist-packages:${PYTHONPATH} /usr/bin/cmake --install /home/ram/melfa_ros2/build/melfa_io_controllers[0m
[15.420s] [34mcolcon.colcon_core.environment[0m [1;30mLevel 1[0m create_environment_scripts_only(melfa_io_controllers)
[15.420s] [34mcolcon.colcon_core.environment[0m [1;30mLevel 1[0m checking '/home/ram/melfa_ros2/install/melfa_io_controllers' for CMake module files
[15.421s] [34mcolcon.colcon_core.event_handler.log_command[0m [1;30mDEBUG[0m [32mInvoked command in '/home/ram/melfa_ros2/build/melfa_io_controllers' returned '0': AMENT_PREFIX_PATH=/home/ram/melfa_ros2/install/melfa_msgs:${AMENT_PREFIX_PATH} CMAKE_PREFIX_PATH=/home/ram/melfa_ros2/install/melfa_msgs:/home/ram/cognipilot/cranium/install/synapse_ros:/home/ram/cognipilot/cranium/install/synapse_gz:/home/ram/cognipilot/cranium/install/synapse_tinyframe:/home/ram/cognipilot/cranium/install/synapse_protobuf:/home/ram/cognipilot/cranium/install/corti:/home/ram/cognipilot/cranium/install/synapse_msgs:/home/ram/cognipilot/cranium/install/dream_world:/home/ram/cognipilot/cranium/install/cerebri_bringup:/home/ram/cognipilot/cranium/install/b3rb_simulator:/home/ram/cognipilot/cranium/install/b3rb_desktop:/home/ram/cognipilot/cranium/install/b3rb_rviz:/home/ram/cognipilot/cranium/install/b3rb_nav2:/home/ram/cognipilot/cranium/install/b3rb_gz_resource:/home/ram/cognipilot/cranium/install/b3rb_gz_bringup:/home/ram/cognipilot/cranium/install/b3rb_description:/home/ram/cognipilot/electrode/install/electrode:/home/ram/cognipilot/cranium/install/b3rb_ros_line_follower:/opt/ros/humble LD_LIBRARY_PATH=/home/ram/melfa_ros2/install/melfa_msgs/lib:${LD_LIBRARY_PATH} PYTHONPATH=/home/ram/melfa_ros2/install/melfa_msgs/local/lib/python3.10/dist-packages:${PYTHONPATH} /usr/bin/cmake --install /home/ram/melfa_ros2/build/melfa_io_controllers[0m
[15.421s] [34mcolcon.colcon_core.environment[0m [1;30mLevel 1[0m checking '/home/ram/melfa_ros2/install/melfa_io_controllers' for CMake config files
[15.421s] [34mcolcon.colcon_core.shell[0m [1;30mLevel 1[0m create_environment_hook('melfa_io_controllers', 'cmake_prefix_path')
[15.422s] [34mcolcon.colcon_core.shell[0m [1;30mINFO[0m Creating environment hook '/home/ram/melfa_ros2/install/melfa_io_controllers/share/melfa_io_controllers/hook/cmake_prefix_path.ps1'
[15.422s] [34mcolcon.colcon_core.shell[0m [1;30mINFO[0m Creating environment descriptor '/home/ram/melfa_ros2/install/melfa_io_controllers/share/melfa_io_controllers/hook/cmake_prefix_path.dsv'
[15.422s] [34mcolcon.colcon_core.shell[0m [1;30mINFO[0m Creating environment hook '/home/ram/melfa_ros2/install/melfa_io_controllers/share/melfa_io_controllers/hook/cmake_prefix_path.sh'
[15.423s] [34mcolcon.colcon_core.environment[0m [1;30mLevel 1[0m checking '/home/ram/melfa_ros2/install/melfa_io_controllers/lib'
[15.423s] [34mcolcon.colcon_core.shell[0m [1;30mLevel 1[0m create_environment_hook('melfa_io_controllers', 'ld_library_path_lib')
[15.423s] [34mcolcon.colcon_core.shell[0m [1;30mINFO[0m Creating environment hook '/home/ram/melfa_ros2/install/melfa_io_controllers/share/melfa_io_controllers/hook/ld_library_path_lib.ps1'
[15.423s] [34mcolcon.colcon_core.shell[0m [1;30mINFO[0m Creating environment descriptor '/home/ram/melfa_ros2/install/melfa_io_controllers/share/melfa_io_controllers/hook/ld_library_path_lib.dsv'
[15.423s] [34mcolcon.colcon_core.shell[0m [1;30mINFO[0m Creating environment hook '/home/ram/melfa_ros2/install/melfa_io_controllers/share/melfa_io_controllers/hook/ld_library_path_lib.sh'
[15.423s] [34mcolcon.colcon_core.environment[0m [1;30mLevel 1[0m checking '/home/ram/melfa_ros2/install/melfa_io_controllers/bin'
[15.423s] [34mcolcon.colcon_core.environment[0m [1;30mLevel 1[0m checking '/home/ram/melfa_ros2/install/melfa_io_controllers/lib/pkgconfig/melfa_io_controllers.pc'
[15.424s] [34mcolcon.colcon_core.environment[0m [1;30mLevel 1[0m checking '/home/ram/melfa_ros2/install/melfa_io_controllers/lib/python3.10/site-packages'
[15.424s] [34mcolcon.colcon_core.environment[0m [1;30mLevel 1[0m checking '/home/ram/melfa_ros2/install/melfa_io_controllers/bin'
[15.424s] [34mcolcon.colcon_core.shell[0m [1;30mINFO[0m Creating package script '/home/ram/melfa_ros2/install/melfa_io_controllers/share/melfa_io_controllers/package.ps1'
[15.424s] [34mcolcon.colcon_core.shell[0m [1;30mINFO[0m Creating package descriptor '/home/ram/melfa_ros2/install/melfa_io_controllers/share/melfa_io_controllers/package.dsv'
[15.425s] [34mcolcon.colcon_core.shell[0m [1;30mINFO[0m Creating package script '/home/ram/melfa_ros2/install/melfa_io_controllers/share/melfa_io_controllers/package.sh'
[15.425s] [34mcolcon.colcon_core.shell[0m [1;30mINFO[0m Creating package script '/home/ram/melfa_ros2/install/melfa_io_controllers/share/melfa_io_controllers/package.bash'
[15.425s] [34mcolcon.colcon_core.shell[0m [1;30mINFO[0m Creating package script '/home/ram/melfa_ros2/install/melfa_io_controllers/share/melfa_io_controllers/package.zsh'
[15.425s] [34mcolcon.colcon_core.environment[0m [1;30mLevel 1[0m create_file_with_runtime_dependencies(/home/ram/melfa_ros2/install/melfa_io_controllers/share/colcon-core/packages/melfa_io_controllers)
[15.426s] [34mcolcon.colcon_core.environment[0m [1;30mLevel 1[0m create_environment_scripts_only(melfa_io_controllers)
[15.426s] [34mcolcon.colcon_core.environment[0m [1;30mLevel 1[0m checking '/home/ram/melfa_ros2/install/melfa_io_controllers' for CMake module files
[15.426s] [34mcolcon.colcon_core.environment[0m [1;30mLevel 1[0m checking '/home/ram/melfa_ros2/install/melfa_io_controllers' for CMake config files
[15.427s] [34mcolcon.colcon_core.shell[0m [1;30mLevel 1[0m create_environment_hook('melfa_io_controllers', 'cmake_prefix_path')
[15.427s] [34mcolcon.colcon_core.shell[0m [1;30mINFO[0m Creating environment hook '/home/ram/melfa_ros2/install/melfa_io_controllers/share/melfa_io_controllers/hook/cmake_prefix_path.ps1'
[15.427s] [34mcolcon.colcon_core.shell[0m [1;30mINFO[0m Creating environment descriptor '/home/ram/melfa_ros2/install/melfa_io_controllers/share/melfa_io_controllers/hook/cmake_prefix_path.dsv'
[15.427s] [34mcolcon.colcon_core.shell[0m [1;30mINFO[0m Creating environment hook '/home/ram/melfa_ros2/install/melfa_io_controllers/share/melfa_io_controllers/hook/cmake_prefix_path.sh'
[15.428s] [34mcolcon.colcon_core.environment[0m [1;30mLevel 1[0m checking '/home/ram/melfa_ros2/install/melfa_io_controllers/lib'
[15.428s] [34mcolcon.colcon_core.shell[0m [1;30mLevel 1[0m create_environment_hook('melfa_io_controllers', 'ld_library_path_lib')
[15.428s] [34mcolcon.colcon_core.shell[0m [1;30mINFO[0m Creating environment hook '/home/ram/melfa_ros2/install/melfa_io_controllers/share/melfa_io_controllers/hook/ld_library_path_lib.ps1'
[15.428s] [34mcolcon.colcon_core.shell[0m [1;30mINFO[0m Creating environment descriptor '/home/ram/melfa_ros2/install/melfa_io_controllers/share/melfa_io_controllers/hook/ld_library_path_lib.dsv'
[15.428s] [34mcolcon.colcon_core.shell[0m [1;30mINFO[0m Creating environment hook '/home/ram/melfa_ros2/install/melfa_io_controllers/share/melfa_io_controllers/hook/ld_library_path_lib.sh'
[15.428s] [34mcolcon.colcon_core.environment[0m [1;30mLevel 1[0m checking '/home/ram/melfa_ros2/install/melfa_io_controllers/bin'
[15.428s] [34mcolcon.colcon_core.environment[0m [1;30mLevel 1[0m checking '/home/ram/melfa_ros2/install/melfa_io_controllers/lib/pkgconfig/melfa_io_controllers.pc'
[15.429s] [34mcolcon.colcon_core.environment[0m [1;30mLevel 1[0m checking '/home/ram/melfa_ros2/install/melfa_io_controllers/lib/python3.10/site-packages'
[15.429s] [34mcolcon.colcon_core.environment[0m [1;30mLevel 1[0m checking '/home/ram/melfa_ros2/install/melfa_io_controllers/bin'
[15.429s] [34mcolcon.colcon_core.shell[0m [1;30mINFO[0m Creating package script '/home/ram/melfa_ros2/install/melfa_io_controllers/share/melfa_io_controllers/package.ps1'
[15.429s] [34mcolcon.colcon_core.shell[0m [1;30mINFO[0m Creating package descriptor '/home/ram/melfa_ros2/install/melfa_io_controllers/share/melfa_io_controllers/package.dsv'
[15.430s] [34mcolcon.colcon_core.shell[0m [1;30mINFO[0m Creating package script '/home/ram/melfa_ros2/install/melfa_io_controllers/share/melfa_io_controllers/package.sh'
[15.430s] [34mcolcon.colcon_core.shell[0m [1;30mINFO[0m Creating package script '/home/ram/melfa_ros2/install/melfa_io_controllers/share/melfa_io_controllers/package.bash'
[15.430s] [34mcolcon.colcon_core.shell[0m [1;30mINFO[0m Creating package script '/home/ram/melfa_ros2/install/melfa_io_controllers/share/melfa_io_controllers/package.zsh'
[15.431s] [34mcolcon.colcon_core.environment[0m [1;30mLevel 1[0m create_file_with_runtime_dependencies(/home/ram/melfa_ros2/install/melfa_io_controllers/share/colcon-core/packages/melfa_io_controllers)
[15.431s] [34mcolcon.colcon_ros.task.ament_cmake.build[0m [1;30mINFO[0m Building ROS package in '/home/ram/melfa_ros2/src/melfa_ros2_driver/melfa_moveit_config/melfa_rv80fr_moveit_config' with build type 'ament_cmake'
[15.431s] [34mcolcon.colcon_cmake.task.cmake.build[0m [1;30mINFO[0m Building CMake package in '/home/ram/melfa_ros2/src/melfa_ros2_driver/melfa_moveit_config/melfa_rv80fr_moveit_config'
[15.431s] [34mcolcon.colcon_core.shell[0m [1;30mINFO[0m Skip shell extension 'powershell' for command environment: Not usable outside of PowerShell
[15.431s] [34mcolcon.colcon_core.shell[0m [1;30mDEBUG[0m [32mSkip shell extension 'dsv' for command environment[0m
[15.448s] [34mcolcon.colcon_core.event_handler.log_command[0m [1;30mDEBUG[0m [32mInvoking command in '/home/ram/melfa_ros2/build/melfa_rv80fr_moveit_config': AMENT_PREFIX_PATH=/home/ram/melfa_ros2/install/melfa_description:/home/ram/melfa_ros2/install/xacro:${AMENT_PREFIX_PATH} CMAKE_PREFIX_PATH=/home/ram/melfa_ros2/install/melfa_description:/home/ram/melfa_ros2/install/xacro:/home/ram/cognipilot/cranium/install/synapse_ros:/home/ram/cognipilot/cranium/install/synapse_gz:/home/ram/cognipilot/cranium/install/synapse_tinyframe:/home/ram/cognipilot/cranium/install/synapse_protobuf:/home/ram/cognipilot/cranium/install/corti:/home/ram/cognipilot/cranium/install/synapse_msgs:/home/ram/cognipilot/cranium/install/dream_world:/home/ram/cognipilot/cranium/install/cerebri_bringup:/home/ram/cognipilot/cranium/install/b3rb_simulator:/home/ram/cognipilot/cranium/install/b3rb_desktop:/home/ram/cognipilot/cranium/install/b3rb_rviz:/home/ram/cognipilot/cranium/install/b3rb_nav2:/home/ram/cognipilot/cranium/install/b3rb_gz_resource:/home/ram/cognipilot/cranium/install/b3rb_gz_bringup:/home/ram/cognipilot/cranium/install/b3rb_description:/home/ram/cognipilot/electrode/install/electrode:/home/ram/cognipilot/cranium/install/b3rb_ros_line_follower:/opt/ros/humble PATH=/home/ram/melfa_ros2/install/xacro/bin:${PATH} PYTHONPATH=/home/ram/melfa_ros2/install/xacro/local/lib/python3.10/dist-packages:${PYTHONPATH} /usr/bin/cmake /home/ram/melfa_ros2/src/melfa_ros2_driver/melfa_moveit_config/melfa_rv80fr_moveit_config -DCMAKE_BUILD_TYPE=Release -DCMAKE_INSTALL_PREFIX=/home/ram/melfa_ros2/install/melfa_rv80fr_moveit_config[0m
[15.896s] [34mcolcon.colcon_core.event_handler.log_command[0m [1;30mDEBUG[0m [32mInvoked command in '/home/ram/melfa_ros2/build/melfa_rv80fr_moveit_config' returned '0': AMENT_PREFIX_PATH=/home/ram/melfa_ros2/install/melfa_description:/home/ram/melfa_ros2/install/xacro:${AMENT_PREFIX_PATH} CMAKE_PREFIX_PATH=/home/ram/melfa_ros2/install/melfa_description:/home/ram/melfa_ros2/install/xacro:/home/ram/cognipilot/cranium/install/synapse_ros:/home/ram/cognipilot/cranium/install/synapse_gz:/home/ram/cognipilot/cranium/install/synapse_tinyframe:/home/ram/cognipilot/cranium/install/synapse_protobuf:/home/ram/cognipilot/cranium/install/corti:/home/ram/cognipilot/cranium/install/synapse_msgs:/home/ram/cognipilot/cranium/install/dream_world:/home/ram/cognipilot/cranium/install/cerebri_bringup:/home/ram/cognipilot/cranium/install/b3rb_simulator:/home/ram/cognipilot/cranium/install/b3rb_desktop:/home/ram/cognipilot/cranium/install/b3rb_rviz:/home/ram/cognipilot/cranium/install/b3rb_nav2:/home/ram/cognipilot/cranium/install/b3rb_gz_resource:/home/ram/cognipilot/cranium/install/b3rb_gz_bringup:/home/ram/cognipilot/cranium/install/b3rb_description:/home/ram/cognipilot/electrode/install/electrode:/home/ram/cognipilot/cranium/install/b3rb_ros_line_follower:/opt/ros/humble PATH=/home/ram/melfa_ros2/install/xacro/bin:${PATH} PYTHONPATH=/home/ram/melfa_ros2/install/xacro/local/lib/python3.10/dist-packages:${PYTHONPATH} /usr/bin/cmake /home/ram/melfa_ros2/src/melfa_ros2_driver/melfa_moveit_config/melfa_rv80fr_moveit_config -DCMAKE_BUILD_TYPE=Release -DCMAKE_INSTALL_PREFIX=/home/ram/melfa_ros2/install/melfa_rv80fr_moveit_config[0m
[15.897s] [34mcolcon.colcon_core.event_handler.log_command[0m [1;30mDEBUG[0m [32mInvoking command in '/home/ram/melfa_ros2/build/melfa_rv80fr_moveit_config': AMENT_PREFIX_PATH=/home/ram/melfa_ros2/install/melfa_description:/home/ram/melfa_ros2/install/xacro:${AMENT_PREFIX_PATH} CMAKE_PREFIX_PATH=/home/ram/melfa_ros2/install/melfa_description:/home/ram/melfa_ros2/install/xacro:/home/ram/cognipilot/cranium/install/synapse_ros:/home/ram/cognipilot/cranium/install/synapse_gz:/home/ram/cognipilot/cranium/install/synapse_tinyframe:/home/ram/cognipilot/cranium/install/synapse_protobuf:/home/ram/cognipilot/cranium/install/corti:/home/ram/cognipilot/cranium/install/synapse_msgs:/home/ram/cognipilot/cranium/install/dream_world:/home/ram/cognipilot/cranium/install/cerebri_bringup:/home/ram/cognipilot/cranium/install/b3rb_simulator:/home/ram/cognipilot/cranium/install/b3rb_desktop:/home/ram/cognipilot/cranium/install/b3rb_rviz:/home/ram/cognipilot/cranium/install/b3rb_nav2:/home/ram/cognipilot/cranium/install/b3rb_gz_resource:/home/ram/cognipilot/cranium/install/b3rb_gz_bringup:/home/ram/cognipilot/cranium/install/b3rb_description:/home/ram/cognipilot/electrode/install/electrode:/home/ram/cognipilot/cranium/install/b3rb_ros_line_follower:/opt/ros/humble PATH=/home/ram/melfa_ros2/install/xacro/bin:${PATH} PYTHONPATH=/home/ram/melfa_ros2/install/xacro/local/lib/python3.10/dist-packages:${PYTHONPATH} /usr/bin/cmake --build /home/ram/melfa_ros2/build/melfa_rv80fr_moveit_config -- -j16 -l16[0m
[17.135s] [34mcolcon.colcon_core.event_handler.log_command[0m [1;30mDEBUG[0m [32mInvoked command in '/home/ram/melfa_ros2/build/melfa_rv4frl_moveit_config' returned '0': AMENT_PREFIX_PATH=/home/ram/melfa_ros2/install/melfa_description:/home/ram/melfa_ros2/install/xacro:${AMENT_PREFIX_PATH} CMAKE_PREFIX_PATH=/home/ram/melfa_ros2/install/melfa_description:/home/ram/melfa_ros2/install/xacro:/home/ram/cognipilot/cranium/install/synapse_ros:/home/ram/cognipilot/cranium/install/synapse_gz:/home/ram/cognipilot/cranium/install/synapse_tinyframe:/home/ram/cognipilot/cranium/install/synapse_protobuf:/home/ram/cognipilot/cranium/install/corti:/home/ram/cognipilot/cranium/install/synapse_msgs:/home/ram/cognipilot/cranium/install/dream_world:/home/ram/cognipilot/cranium/install/cerebri_bringup:/home/ram/cognipilot/cranium/install/b3rb_simulator:/home/ram/cognipilot/cranium/install/b3rb_desktop:/home/ram/cognipilot/cranium/install/b3rb_rviz:/home/ram/cognipilot/cranium/install/b3rb_nav2:/home/ram/cognipilot/cranium/install/b3rb_gz_resource:/home/ram/cognipilot/cranium/install/b3rb_gz_bringup:/home/ram/cognipilot/cranium/install/b3rb_description:/home/ram/cognipilot/electrode/install/electrode:/home/ram/cognipilot/cranium/install/b3rb_ros_line_follower:/opt/ros/humble PATH=/home/ram/melfa_ros2/install/xacro/bin:${PATH} PYTHONPATH=/home/ram/melfa_ros2/install/xacro/local/lib/python3.10/dist-packages:${PYTHONPATH} /usr/bin/cmake --build /home/ram/melfa_ros2/build/melfa_rv4frl_moveit_config -- -j16 -l16[0m
[17.137s] [34mcolcon.colcon_core.event_handler.log_command[0m [1;30mDEBUG[0m [32mInvoking command in '/home/ram/melfa_ros2/build/melfa_rv4frl_moveit_config': AMENT_PREFIX_PATH=/home/ram/melfa_ros2/install/melfa_description:/home/ram/melfa_ros2/install/xacro:${AMENT_PREFIX_PATH} CMAKE_PREFIX_PATH=/home/ram/melfa_ros2/install/melfa_description:/home/ram/melfa_ros2/install/xacro:/home/ram/cognipilot/cranium/install/synapse_ros:/home/ram/cognipilot/cranium/install/synapse_gz:/home/ram/cognipilot/cranium/install/synapse_tinyframe:/home/ram/cognipilot/cranium/install/synapse_protobuf:/home/ram/cognipilot/cranium/install/corti:/home/ram/cognipilot/cranium/install/synapse_msgs:/home/ram/cognipilot/cranium/install/dream_world:/home/ram/cognipilot/cranium/install/cerebri_bringup:/home/ram/cognipilot/cranium/install/b3rb_simulator:/home/ram/cognipilot/cranium/install/b3rb_desktop:/home/ram/cognipilot/cranium/install/b3rb_rviz:/home/ram/cognipilot/cranium/install/b3rb_nav2:/home/ram/cognipilot/cranium/install/b3rb_gz_resource:/home/ram/cognipilot/cranium/install/b3rb_gz_bringup:/home/ram/cognipilot/cranium/install/b3rb_description:/home/ram/cognipilot/electrode/install/electrode:/home/ram/cognipilot/cranium/install/b3rb_ros_line_follower:/opt/ros/humble PATH=/home/ram/melfa_ros2/install/xacro/bin:${PATH} PYTHONPATH=/home/ram/melfa_ros2/install/xacro/local/lib/python3.10/dist-packages:${PYTHONPATH} /usr/bin/cmake --install /home/ram/melfa_ros2/build/melfa_rv4frl_moveit_config[0m
[17.151s] [34mcolcon.colcon_core.environment[0m [1;30mLevel 1[0m create_environment_scripts_only(melfa_rv4frl_moveit_config)
[17.151s] [34mcolcon.colcon_core.environment[0m [1;30mLevel 1[0m checking '/home/ram/melfa_ros2/install/melfa_rv4frl_moveit_config' for CMake module files
[17.152s] [34mcolcon.colcon_core.event_handler.log_command[0m [1;30mDEBUG[0m [32mInvoked command in '/home/ram/melfa_ros2/build/melfa_rv4frl_moveit_config' returned '0': AMENT_PREFIX_PATH=/home/ram/melfa_ros2/install/melfa_description:/home/ram/melfa_ros2/install/xacro:${AMENT_PREFIX_PATH} CMAKE_PREFIX_PATH=/home/ram/melfa_ros2/install/melfa_description:/home/ram/melfa_ros2/install/xacro:/home/ram/cognipilot/cranium/install/synapse_ros:/home/ram/cognipilot/cranium/install/synapse_gz:/home/ram/cognipilot/cranium/install/synapse_tinyframe:/home/ram/cognipilot/cranium/install/synapse_protobuf:/home/ram/cognipilot/cranium/install/corti:/home/ram/cognipilot/cranium/install/synapse_msgs:/home/ram/cognipilot/cranium/install/dream_world:/home/ram/cognipilot/cranium/install/cerebri_bringup:/home/ram/cognipilot/cranium/install/b3rb_simulator:/home/ram/cognipilot/cranium/install/b3rb_desktop:/home/ram/cognipilot/cranium/install/b3rb_rviz:/home/ram/cognipilot/cranium/install/b3rb_nav2:/home/ram/cognipilot/cranium/install/b3rb_gz_resource:/home/ram/cognipilot/cranium/install/b3rb_gz_bringup:/home/ram/cognipilot/cranium/install/b3rb_description:/home/ram/cognipilot/electrode/install/electrode:/home/ram/cognipilot/cranium/install/b3rb_ros_line_follower:/opt/ros/humble PATH=/home/ram/melfa_ros2/install/xacro/bin:${PATH} PYTHONPATH=/home/ram/melfa_ros2/install/xacro/local/lib/python3.10/dist-packages:${PYTHONPATH} /usr/bin/cmake --install /home/ram/melfa_ros2/build/melfa_rv4frl_moveit_config[0m
[17.152s] [34mcolcon.colcon_core.environment[0m [1;30mLevel 1[0m checking '/home/ram/melfa_ros2/install/melfa_rv4frl_moveit_config' for CMake config files
[17.152s] [34mcolcon.colcon_core.shell[0m [1;30mLevel 1[0m create_environment_hook('melfa_rv4frl_moveit_config', 'cmake_prefix_path')
[17.153s] [34mcolcon.colcon_core.shell[0m [1;30mINFO[0m Creating environment hook '/home/ram/melfa_ros2/install/melfa_rv4frl_moveit_config/share/melfa_rv4frl_moveit_config/hook/cmake_prefix_path.ps1'
[17.153s] [34mcolcon.colcon_core.shell[0m [1;30mINFO[0m Creating environment descriptor '/home/ram/melfa_ros2/install/melfa_rv4frl_moveit_config/share/melfa_rv4frl_moveit_config/hook/cmake_prefix_path.dsv'
[17.154s] [34mcolcon.colcon_core.shell[0m [1;30mINFO[0m Creating environment hook '/home/ram/melfa_ros2/install/melfa_rv4frl_moveit_config/share/melfa_rv4frl_moveit_config/hook/cmake_prefix_path.sh'
[17.154s] [34mcolcon.colcon_core.environment[0m [1;30mLevel 1[0m checking '/home/ram/melfa_ros2/install/melfa_rv4frl_moveit_config/lib'
[17.154s] [34mcolcon.colcon_core.environment[0m [1;30mLevel 1[0m checking '/home/ram/melfa_ros2/install/melfa_rv4frl_moveit_config/bin'
[17.154s] [34mcolcon.colcon_core.environment[0m [1;30mLevel 1[0m checking '/home/ram/melfa_ros2/install/melfa_rv4frl_moveit_config/lib/pkgconfig/melfa_rv4frl_moveit_config.pc'
[17.154s] [34mcolcon.colcon_core.environment[0m [1;30mLevel 1[0m checking '/home/ram/melfa_ros2/install/melfa_rv4frl_moveit_config/lib/python3.10/site-packages'
[17.155s] [34mcolcon.colcon_core.environment[0m [1;30mLevel 1[0m checking '/home/ram/melfa_ros2/install/melfa_rv4frl_moveit_config/bin'
[17.155s] [34mcolcon.colcon_core.shell[0m [1;30mINFO[0m Creating package script '/home/ram/melfa_ros2/install/melfa_rv4frl_moveit_config/share/melfa_rv4frl_moveit_config/package.ps1'
[17.155s] [34mcolcon.colcon_core.shell[0m [1;30mINFO[0m Creating package descriptor '/home/ram/melfa_ros2/install/melfa_rv4frl_moveit_config/share/melfa_rv4frl_moveit_config/package.dsv'
[17.155s] [34mcolcon.colcon_core.shell[0m [1;30mINFO[0m Creating package script '/home/ram/melfa_ros2/install/melfa_rv4frl_moveit_config/share/melfa_rv4frl_moveit_config/package.sh'
[17.156s] [34mcolcon.colcon_core.shell[0m [1;30mINFO[0m Creating package script '/home/ram/melfa_ros2/install/melfa_rv4frl_moveit_config/share/melfa_rv4frl_moveit_config/package.bash'
[17.156s] [34mcolcon.colcon_core.shell[0m [1;30mINFO[0m Creating package script '/home/ram/melfa_ros2/install/melfa_rv4frl_moveit_config/share/melfa_rv4frl_moveit_config/package.zsh'
[17.156s] [34mcolcon.colcon_core.environment[0m [1;30mLevel 1[0m create_file_with_runtime_dependencies(/home/ram/melfa_ros2/install/melfa_rv4frl_moveit_config/share/colcon-core/packages/melfa_rv4frl_moveit_config)
[17.156s] [34mcolcon.colcon_core.environment[0m [1;30mLevel 1[0m create_environment_scripts_only(melfa_rv4frl_moveit_config)
[17.157s] [34mcolcon.colcon_core.environment[0m [1;30mLevel 1[0m checking '/home/ram/melfa_ros2/install/melfa_rv4frl_moveit_config' for CMake module files
[17.157s] [34mcolcon.colcon_core.environment[0m [1;30mLevel 1[0m checking '/home/ram/melfa_ros2/install/melfa_rv4frl_moveit_config' for CMake config files
[17.157s] [34mcolcon.colcon_core.shell[0m [1;30mLevel 1[0m create_environment_hook('melfa_rv4frl_moveit_config', 'cmake_prefix_path')
[17.157s] [34mcolcon.colcon_core.shell[0m [1;30mINFO[0m Creating environment hook '/home/ram/melfa_ros2/install/melfa_rv4frl_moveit_config/share/melfa_rv4frl_moveit_config/hook/cmake_prefix_path.ps1'
[17.157s] [34mcolcon.colcon_core.shell[0m [1;30mINFO[0m Creating environment descriptor '/home/ram/melfa_ros2/install/melfa_rv4frl_moveit_config/share/melfa_rv4frl_moveit_config/hook/cmake_prefix_path.dsv'
[17.157s] [34mcolcon.colcon_core.shell[0m [1;30mINFO[0m Creating environment hook '/home/ram/melfa_ros2/install/melfa_rv4frl_moveit_config/share/melfa_rv4frl_moveit_config/hook/cmake_prefix_path.sh'
[17.158s] [34mcolcon.colcon_core.environment[0m [1;30mLevel 1[0m checking '/home/ram/melfa_ros2/install/melfa_rv4frl_moveit_config/lib'
[17.158s] [34mcolcon.colcon_core.environment[0m [1;30mLevel 1[0m checking '/home/ram/melfa_ros2/install/melfa_rv4frl_moveit_config/bin'
[17.158s] [34mcolcon.colcon_core.environment[0m [1;30mLevel 1[0m checking '/home/ram/melfa_ros2/install/melfa_rv4frl_moveit_config/lib/pkgconfig/melfa_rv4frl_moveit_config.pc'
[17.158s] [34mcolcon.colcon_core.environment[0m [1;30mLevel 1[0m checking '/home/ram/melfa_ros2/install/melfa_rv4frl_moveit_config/lib/python3.10/site-packages'
[17.158s] [34mcolcon.colcon_core.environment[0m [1;30mLevel 1[0m checking '/home/ram/melfa_ros2/install/melfa_rv4frl_moveit_config/bin'
[17.158s] [34mcolcon.colcon_core.shell[0m [1;30mINFO[0m Creating package script '/home/ram/melfa_ros2/install/melfa_rv4frl_moveit_config/share/melfa_rv4frl_moveit_config/package.ps1'
[17.159s] [34mcolcon.colcon_core.shell[0m [1;30mINFO[0m Creating package descriptor '/home/ram/melfa_ros2/install/melfa_rv4frl_moveit_config/share/melfa_rv4frl_moveit_config/package.dsv'
[17.159s] [34mcolcon.colcon_core.shell[0m [1;30mINFO[0m Creating package script '/home/ram/melfa_ros2/install/melfa_rv4frl_moveit_config/share/melfa_rv4frl_moveit_config/package.sh'
[17.159s] [34mcolcon.colcon_core.shell[0m [1;30mINFO[0m Creating package script '/home/ram/melfa_ros2/install/melfa_rv4frl_moveit_config/share/melfa_rv4frl_moveit_config/package.bash'
[17.160s] [34mcolcon.colcon_core.shell[0m [1;30mINFO[0m Creating package script '/home/ram/melfa_ros2/install/melfa_rv4frl_moveit_config/share/melfa_rv4frl_moveit_config/package.zsh'
[17.160s] [34mcolcon.colcon_core.environment[0m [1;30mLevel 1[0m create_file_with_runtime_dependencies(/home/ram/melfa_ros2/install/melfa_rv4frl_moveit_config/share/colcon-core/packages/melfa_rv4frl_moveit_config)
[17.160s] [34mcolcon.colcon_ros.task.ament_cmake.build[0m [1;30mINFO[0m Building ROS package in '/home/ram/melfa_ros2/src/melfa_ros2_driver/melfa_moveit_config/melfa_rv8crl_moveit_config' with build type 'ament_cmake'
[17.160s] [34mcolcon.colcon_cmake.task.cmake.build[0m [1;30mINFO[0m Building CMake package in '/home/ram/melfa_ros2/src/melfa_ros2_driver/melfa_moveit_config/melfa_rv8crl_moveit_config'
[17.160s] [34mcolcon.colcon_core.shell[0m [1;30mINFO[0m Skip shell extension 'powershell' for command environment: Not usable outside of PowerShell
[17.160s] [34mcolcon.colcon_core.shell[0m [1;30mDEBUG[0m [32mSkip shell extension 'dsv' for command environment[0m
[17.172s] [34mcolcon.colcon_core.event_handler.log_command[0m [1;30mDEBUG[0m [32mInvoking command in '/home/ram/melfa_ros2/build/melfa_rv8crl_moveit_config': AMENT_PREFIX_PATH=/home/ram/melfa_ros2/install/melfa_description:/home/ram/melfa_ros2/install/xacro:${AMENT_PREFIX_PATH} CMAKE_PREFIX_PATH=/home/ram/melfa_ros2/install/melfa_description:/home/ram/melfa_ros2/install/xacro:/home/ram/cognipilot/cranium/install/synapse_ros:/home/ram/cognipilot/cranium/install/synapse_gz:/home/ram/cognipilot/cranium/install/synapse_tinyframe:/home/ram/cognipilot/cranium/install/synapse_protobuf:/home/ram/cognipilot/cranium/install/corti:/home/ram/cognipilot/cranium/install/synapse_msgs:/home/ram/cognipilot/cranium/install/dream_world:/home/ram/cognipilot/cranium/install/cerebri_bringup:/home/ram/cognipilot/cranium/install/b3rb_simulator:/home/ram/cognipilot/cranium/install/b3rb_desktop:/home/ram/cognipilot/cranium/install/b3rb_rviz:/home/ram/cognipilot/cranium/install/b3rb_nav2:/home/ram/cognipilot/cranium/install/b3rb_gz_resource:/home/ram/cognipilot/cranium/install/b3rb_gz_bringup:/home/ram/cognipilot/cranium/install/b3rb_description:/home/ram/cognipilot/electrode/install/electrode:/home/ram/cognipilot/cranium/install/b3rb_ros_line_follower:/opt/ros/humble PATH=/home/ram/melfa_ros2/install/xacro/bin:${PATH} PYTHONPATH=/home/ram/melfa_ros2/install/xacro/local/lib/python3.10/dist-packages:${PYTHONPATH} /usr/bin/cmake /home/ram/melfa_ros2/src/melfa_ros2_driver/melfa_moveit_config/melfa_rv8crl_moveit_config -DCMAKE_BUILD_TYPE=Release -DCMAKE_INSTALL_PREFIX=/home/ram/melfa_ros2/install/melfa_rv8crl_moveit_config[0m
[17.520s] [34mcolcon.colcon_core.event_handler.log_command[0m [1;30mDEBUG[0m [32mInvoked command in '/home/ram/melfa_ros2/build/melfa_rv5as_moveit_config' returned '0': AMENT_PREFIX_PATH=/home/ram/melfa_ros2/install/melfa_description:/home/ram/melfa_ros2/install/xacro:${AMENT_PREFIX_PATH} CMAKE_PREFIX_PATH=/home/ram/melfa_ros2/install/melfa_description:/home/ram/melfa_ros2/install/xacro:/home/ram/cognipilot/cranium/install/synapse_ros:/home/ram/cognipilot/cranium/install/synapse_gz:/home/ram/cognipilot/cranium/install/synapse_tinyframe:/home/ram/cognipilot/cranium/install/synapse_protobuf:/home/ram/cognipilot/cranium/install/corti:/home/ram/cognipilot/cranium/install/synapse_msgs:/home/ram/cognipilot/cranium/install/dream_world:/home/ram/cognipilot/cranium/install/cerebri_bringup:/home/ram/cognipilot/cranium/install/b3rb_simulator:/home/ram/cognipilot/cranium/install/b3rb_desktop:/home/ram/cognipilot/cranium/install/b3rb_rviz:/home/ram/cognipilot/cranium/install/b3rb_nav2:/home/ram/cognipilot/cranium/install/b3rb_gz_resource:/home/ram/cognipilot/cranium/install/b3rb_gz_bringup:/home/ram/cognipilot/cranium/install/b3rb_description:/home/ram/cognipilot/electrode/install/electrode:/home/ram/cognipilot/cranium/install/b3rb_ros_line_follower:/opt/ros/humble PATH=/home/ram/melfa_ros2/install/xacro/bin:${PATH} PYTHONPATH=/home/ram/melfa_ros2/install/xacro/local/lib/python3.10/dist-packages:${PYTHONPATH} /usr/bin/cmake --build /home/ram/melfa_ros2/build/melfa_rv5as_moveit_config -- -j16 -l16[0m
[17.522s] [34mcolcon.colcon_core.event_handler.log_command[0m [1;30mDEBUG[0m [32mInvoking command in '/home/ram/melfa_ros2/build/melfa_rv5as_moveit_config': AMENT_PREFIX_PATH=/home/ram/melfa_ros2/install/melfa_description:/home/ram/melfa_ros2/install/xacro:${AMENT_PREFIX_PATH} CMAKE_PREFIX_PATH=/home/ram/melfa_ros2/install/melfa_description:/home/ram/melfa_ros2/install/xacro:/home/ram/cognipilot/cranium/install/synapse_ros:/home/ram/cognipilot/cranium/install/synapse_gz:/home/ram/cognipilot/cranium/install/synapse_tinyframe:/home/ram/cognipilot/cranium/install/synapse_protobuf:/home/ram/cognipilot/cranium/install/corti:/home/ram/cognipilot/cranium/install/synapse_msgs:/home/ram/cognipilot/cranium/install/dream_world:/home/ram/cognipilot/cranium/install/cerebri_bringup:/home/ram/cognipilot/cranium/install/b3rb_simulator:/home/ram/cognipilot/cranium/install/b3rb_desktop:/home/ram/cognipilot/cranium/install/b3rb_rviz:/home/ram/cognipilot/cranium/install/b3rb_nav2:/home/ram/cognipilot/cranium/install/b3rb_gz_resource:/home/ram/cognipilot/cranium/install/b3rb_gz_bringup:/home/ram/cognipilot/cranium/install/b3rb_description:/home/ram/cognipilot/electrode/install/electrode:/home/ram/cognipilot/cranium/install/b3rb_ros_line_follower:/opt/ros/humble PATH=/home/ram/melfa_ros2/install/xacro/bin:${PATH} PYTHONPATH=/home/ram/melfa_ros2/install/xacro/local/lib/python3.10/dist-packages:${PYTHONPATH} /usr/bin/cmake --install /home/ram/melfa_ros2/build/melfa_rv5as_moveit_config[0m
[17.532s] [34mcolcon.colcon_core.environment[0m [1;30mLevel 1[0m create_environment_scripts_only(melfa_rv5as_moveit_config)
[17.533s] [34mcolcon.colcon_core.environment[0m [1;30mLevel 1[0m checking '/home/ram/melfa_ros2/install/melfa_rv5as_moveit_config' for CMake module files
[17.533s] [34mcolcon.colcon_core.event_handler.log_command[0m [1;30mDEBUG[0m [32mInvoked command in '/home/ram/melfa_ros2/build/melfa_rv5as_moveit_config' returned '0': AMENT_PREFIX_PATH=/home/ram/melfa_ros2/install/melfa_description:/home/ram/melfa_ros2/install/xacro:${AMENT_PREFIX_PATH} CMAKE_PREFIX_PATH=/home/ram/melfa_ros2/install/melfa_description:/home/ram/melfa_ros2/install/xacro:/home/ram/cognipilot/cranium/install/synapse_ros:/home/ram/cognipilot/cranium/install/synapse_gz:/home/ram/cognipilot/cranium/install/synapse_tinyframe:/home/ram/cognipilot/cranium/install/synapse_protobuf:/home/ram/cognipilot/cranium/install/corti:/home/ram/cognipilot/cranium/install/synapse_msgs:/home/ram/cognipilot/cranium/install/dream_world:/home/ram/cognipilot/cranium/install/cerebri_bringup:/home/ram/cognipilot/cranium/install/b3rb_simulator:/home/ram/cognipilot/cranium/install/b3rb_desktop:/home/ram/cognipilot/cranium/install/b3rb_rviz:/home/ram/cognipilot/cranium/install/b3rb_nav2:/home/ram/cognipilot/cranium/install/b3rb_gz_resource:/home/ram/cognipilot/cranium/install/b3rb_gz_bringup:/home/ram/cognipilot/cranium/install/b3rb_description:/home/ram/cognipilot/electrode/install/electrode:/home/ram/cognipilot/cranium/install/b3rb_ros_line_follower:/opt/ros/humble PATH=/home/ram/melfa_ros2/install/xacro/bin:${PATH} PYTHONPATH=/home/ram/melfa_ros2/install/xacro/local/lib/python3.10/dist-packages:${PYTHONPATH} /usr/bin/cmake --install /home/ram/melfa_ros2/build/melfa_rv5as_moveit_config[0m
[17.534s] [34mcolcon.colcon_core.environment[0m [1;30mLevel 1[0m checking '/home/ram/melfa_ros2/install/melfa_rv5as_moveit_config' for CMake config files
[17.534s] [34mcolcon.colcon_core.shell[0m [1;30mLevel 1[0m create_environment_hook('melfa_rv5as_moveit_config', 'cmake_prefix_path')
[17.535s] [34mcolcon.colcon_core.shell[0m [1;30mINFO[0m Creating environment hook '/home/ram/melfa_ros2/install/melfa_rv5as_moveit_config/share/melfa_rv5as_moveit_config/hook/cmake_prefix_path.ps1'
[17.535s] [34mcolcon.colcon_core.shell[0m [1;30mINFO[0m Creating environment descriptor '/home/ram/melfa_ros2/install/melfa_rv5as_moveit_config/share/melfa_rv5as_moveit_config/hook/cmake_prefix_path.dsv'
[17.536s] [34mcolcon.colcon_core.shell[0m [1;30mINFO[0m Creating environment hook '/home/ram/melfa_ros2/install/melfa_rv5as_moveit_config/share/melfa_rv5as_moveit_config/hook/cmake_prefix_path.sh'
[17.536s] [34mcolcon.colcon_core.environment[0m [1;30mLevel 1[0m checking '/home/ram/melfa_ros2/install/melfa_rv5as_moveit_config/lib'
[17.536s] [34mcolcon.colcon_core.environment[0m [1;30mLevel 1[0m checking '/home/ram/melfa_ros2/install/melfa_rv5as_moveit_config/bin'
[17.536s] [34mcolcon.colcon_core.environment[0m [1;30mLevel 1[0m checking '/home/ram/melfa_ros2/install/melfa_rv5as_moveit_config/lib/pkgconfig/melfa_rv5as_moveit_config.pc'
[17.537s] [34mcolcon.colcon_core.environment[0m [1;30mLevel 1[0m checking '/home/ram/melfa_ros2/install/melfa_rv5as_moveit_config/lib/python3.10/site-packages'
[17.537s] [34mcolcon.colcon_core.environment[0m [1;30mLevel 1[0m checking '/home/ram/melfa_ros2/install/melfa_rv5as_moveit_config/bin'
[17.538s] [34mcolcon.colcon_core.shell[0m [1;30mINFO[0m Creating package script '/home/ram/melfa_ros2/install/melfa_rv5as_moveit_config/share/melfa_rv5as_moveit_config/package.ps1'
[17.538s] [34mcolcon.colcon_core.shell[0m [1;30mINFO[0m Creating package descriptor '/home/ram/melfa_ros2/install/melfa_rv5as_moveit_config/share/melfa_rv5as_moveit_config/package.dsv'
[17.539s] [34mcolcon.colcon_core.shell[0m [1;30mINFO[0m Creating package script '/home/ram/melfa_ros2/install/melfa_rv5as_moveit_config/share/melfa_rv5as_moveit_config/package.sh'
[17.539s] [34mcolcon.colcon_core.shell[0m [1;30mINFO[0m Creating package script '/home/ram/melfa_ros2/install/melfa_rv5as_moveit_config/share/melfa_rv5as_moveit_config/package.bash'
[17.539s] [34mcolcon.colcon_core.shell[0m [1;30mINFO[0m Creating package script '/home/ram/melfa_ros2/install/melfa_rv5as_moveit_config/share/melfa_rv5as_moveit_config/package.zsh'
[17.539s] [34mcolcon.colcon_core.environment[0m [1;30mLevel 1[0m create_file_with_runtime_dependencies(/home/ram/melfa_ros2/install/melfa_rv5as_moveit_config/share/colcon-core/packages/melfa_rv5as_moveit_config)
[17.540s] [34mcolcon.colcon_core.environment[0m [1;30mLevel 1[0m create_environment_scripts_only(melfa_rv5as_moveit_config)
[17.540s] [34mcolcon.colcon_core.environment[0m [1;30mLevel 1[0m checking '/home/ram/melfa_ros2/install/melfa_rv5as_moveit_config' for CMake module files
[17.540s] [34mcolcon.colcon_core.environment[0m [1;30mLevel 1[0m checking '/home/ram/melfa_ros2/install/melfa_rv5as_moveit_config' for CMake config files
[17.540s] [34mcolcon.colcon_core.shell[0m [1;30mLevel 1[0m create_environment_hook('melfa_rv5as_moveit_config', 'cmake_prefix_path')
[17.541s] [34mcolcon.colcon_core.shell[0m [1;30mINFO[0m Creating environment hook '/home/ram/melfa_ros2/install/melfa_rv5as_moveit_config/share/melfa_rv5as_moveit_config/hook/cmake_prefix_path.ps1'
[17.541s] [34mcolcon.colcon_core.shell[0m [1;30mINFO[0m Creating environment descriptor '/home/ram/melfa_ros2/install/melfa_rv5as_moveit_config/share/melfa_rv5as_moveit_config/hook/cmake_prefix_path.dsv'
[17.541s] [34mcolcon.colcon_core.shell[0m [1;30mINFO[0m Creating environment hook '/home/ram/melfa_ros2/install/melfa_rv5as_moveit_config/share/melfa_rv5as_moveit_config/hook/cmake_prefix_path.sh'
[17.541s] [34mcolcon.colcon_core.environment[0m [1;30mLevel 1[0m checking '/home/ram/melfa_ros2/install/melfa_rv5as_moveit_config/lib'
[17.541s] [34mcolcon.colcon_core.environment[0m [1;30mLevel 1[0m checking '/home/ram/melfa_ros2/install/melfa_rv5as_moveit_config/bin'
[17.542s] [34mcolcon.colcon_core.environment[0m [1;30mLevel 1[0m checking '/home/ram/melfa_ros2/install/melfa_rv5as_moveit_config/lib/pkgconfig/melfa_rv5as_moveit_config.pc'
[17.542s] [34mcolcon.colcon_core.environment[0m [1;30mLevel 1[0m checking '/home/ram/melfa_ros2/install/melfa_rv5as_moveit_config/lib/python3.10/site-packages'
[17.542s] [34mcolcon.colcon_core.environment[0m [1;30mLevel 1[0m checking '/home/ram/melfa_ros2/install/melfa_rv5as_moveit_config/bin'
[17.542s] [34mcolcon.colcon_core.shell[0m [1;30mINFO[0m Creating package script '/home/ram/melfa_ros2/install/melfa_rv5as_moveit_config/share/melfa_rv5as_moveit_config/package.ps1'
[17.543s] [34mcolcon.colcon_core.shell[0m [1;30mINFO[0m Creating package descriptor '/home/ram/melfa_ros2/install/melfa_rv5as_moveit_config/share/melfa_rv5as_moveit_config/package.dsv'
[17.543s] [34mcolcon.colcon_core.shell[0m [1;30mINFO[0m Creating package script '/home/ram/melfa_ros2/install/melfa_rv5as_moveit_config/share/melfa_rv5as_moveit_config/package.sh'
[17.543s] [34mcolcon.colcon_core.shell[0m [1;30mINFO[0m Creating package script '/home/ram/melfa_ros2/install/melfa_rv5as_moveit_config/share/melfa_rv5as_moveit_config/package.bash'
[17.543s] [34mcolcon.colcon_core.shell[0m [1;30mINFO[0m Creating package script '/home/ram/melfa_ros2/install/melfa_rv5as_moveit_config/share/melfa_rv5as_moveit_config/package.zsh'
[17.544s] [34mcolcon.colcon_core.environment[0m [1;30mLevel 1[0m create_file_with_runtime_dependencies(/home/ram/melfa_ros2/install/melfa_rv5as_moveit_config/share/colcon-core/packages/melfa_rv5as_moveit_config)
[17.574s] [34mcolcon.colcon_core.event_handler.log_command[0m [1;30mDEBUG[0m [32mInvoked command in '/home/ram/melfa_ros2/build/melfa_rv7frl_moveit_config' returned '0': AMENT_PREFIX_PATH=/home/ram/melfa_ros2/install/melfa_description:/home/ram/melfa_ros2/install/xacro:${AMENT_PREFIX_PATH} CMAKE_PREFIX_PATH=/home/ram/melfa_ros2/install/melfa_description:/home/ram/melfa_ros2/install/xacro:/home/ram/cognipilot/cranium/install/synapse_ros:/home/ram/cognipilot/cranium/install/synapse_gz:/home/ram/cognipilot/cranium/install/synapse_tinyframe:/home/ram/cognipilot/cranium/install/synapse_protobuf:/home/ram/cognipilot/cranium/install/corti:/home/ram/cognipilot/cranium/install/synapse_msgs:/home/ram/cognipilot/cranium/install/dream_world:/home/ram/cognipilot/cranium/install/cerebri_bringup:/home/ram/cognipilot/cranium/install/b3rb_simulator:/home/ram/cognipilot/cranium/install/b3rb_desktop:/home/ram/cognipilot/cranium/install/b3rb_rviz:/home/ram/cognipilot/cranium/install/b3rb_nav2:/home/ram/cognipilot/cranium/install/b3rb_gz_resource:/home/ram/cognipilot/cranium/install/b3rb_gz_bringup:/home/ram/cognipilot/cranium/install/b3rb_description:/home/ram/cognipilot/electrode/install/electrode:/home/ram/cognipilot/cranium/install/b3rb_ros_line_follower:/opt/ros/humble PATH=/home/ram/melfa_ros2/install/xacro/bin:${PATH} PYTHONPATH=/home/ram/melfa_ros2/install/xacro/local/lib/python3.10/dist-packages:${PYTHONPATH} /usr/bin/cmake --build /home/ram/melfa_ros2/build/melfa_rv7frl_moveit_config -- -j16 -l16[0m
[17.575s] [34mcolcon.colcon_core.event_handler.log_command[0m [1;30mDEBUG[0m [32mInvoking command in '/home/ram/melfa_ros2/build/melfa_rv7frl_moveit_config': AMENT_PREFIX_PATH=/home/ram/melfa_ros2/install/melfa_description:/home/ram/melfa_ros2/install/xacro:${AMENT_PREFIX_PATH} CMAKE_PREFIX_PATH=/home/ram/melfa_ros2/install/melfa_description:/home/ram/melfa_ros2/install/xacro:/home/ram/cognipilot/cranium/install/synapse_ros:/home/ram/cognipilot/cranium/install/synapse_gz:/home/ram/cognipilot/cranium/install/synapse_tinyframe:/home/ram/cognipilot/cranium/install/synapse_protobuf:/home/ram/cognipilot/cranium/install/corti:/home/ram/cognipilot/cranium/install/synapse_msgs:/home/ram/cognipilot/cranium/install/dream_world:/home/ram/cognipilot/cranium/install/cerebri_bringup:/home/ram/cognipilot/cranium/install/b3rb_simulator:/home/ram/cognipilot/cranium/install/b3rb_desktop:/home/ram/cognipilot/cranium/install/b3rb_rviz:/home/ram/cognipilot/cranium/install/b3rb_nav2:/home/ram/cognipilot/cranium/install/b3rb_gz_resource:/home/ram/cognipilot/cranium/install/b3rb_gz_bringup:/home/ram/cognipilot/cranium/install/b3rb_description:/home/ram/cognipilot/electrode/install/electrode:/home/ram/cognipilot/cranium/install/b3rb_ros_line_follower:/opt/ros/humble PATH=/home/ram/melfa_ros2/install/xacro/bin:${PATH} PYTHONPATH=/home/ram/melfa_ros2/install/xacro/local/lib/python3.10/dist-packages:${PYTHONPATH} /usr/bin/cmake --install /home/ram/melfa_ros2/build/melfa_rv7frl_moveit_config[0m
[17.586s] [34mcolcon.colcon_core.environment[0m [1;30mLevel 1[0m create_environment_scripts_only(melfa_rv7frl_moveit_config)
[17.587s] [34mcolcon.colcon_core.environment[0m [1;30mLevel 1[0m checking '/home/ram/melfa_ros2/install/melfa_rv7frl_moveit_config' for CMake module files
[17.587s] [34mcolcon.colcon_core.event_handler.log_command[0m [1;30mDEBUG[0m [32mInvoked command in '/home/ram/melfa_ros2/build/melfa_rv7frl_moveit_config' returned '0': AMENT_PREFIX_PATH=/home/ram/melfa_ros2/install/melfa_description:/home/ram/melfa_ros2/install/xacro:${AMENT_PREFIX_PATH} CMAKE_PREFIX_PATH=/home/ram/melfa_ros2/install/melfa_description:/home/ram/melfa_ros2/install/xacro:/home/ram/cognipilot/cranium/install/synapse_ros:/home/ram/cognipilot/cranium/install/synapse_gz:/home/ram/cognipilot/cranium/install/synapse_tinyframe:/home/ram/cognipilot/cranium/install/synapse_protobuf:/home/ram/cognipilot/cranium/install/corti:/home/ram/cognipilot/cranium/install/synapse_msgs:/home/ram/cognipilot/cranium/install/dream_world:/home/ram/cognipilot/cranium/install/cerebri_bringup:/home/ram/cognipilot/cranium/install/b3rb_simulator:/home/ram/cognipilot/cranium/install/b3rb_desktop:/home/ram/cognipilot/cranium/install/b3rb_rviz:/home/ram/cognipilot/cranium/install/b3rb_nav2:/home/ram/cognipilot/cranium/install/b3rb_gz_resource:/home/ram/cognipilot/cranium/install/b3rb_gz_bringup:/home/ram/cognipilot/cranium/install/b3rb_description:/home/ram/cognipilot/electrode/install/electrode:/home/ram/cognipilot/cranium/install/b3rb_ros_line_follower:/opt/ros/humble PATH=/home/ram/melfa_ros2/install/xacro/bin:${PATH} PYTHONPATH=/home/ram/melfa_ros2/install/xacro/local/lib/python3.10/dist-packages:${PYTHONPATH} /usr/bin/cmake --install /home/ram/melfa_ros2/build/melfa_rv7frl_moveit_config[0m
[17.588s] [34mcolcon.colcon_core.environment[0m [1;30mLevel 1[0m checking '/home/ram/melfa_ros2/install/melfa_rv7frl_moveit_config' for CMake config files
[17.588s] [34mcolcon.colcon_core.shell[0m [1;30mLevel 1[0m create_environment_hook('melfa_rv7frl_moveit_config', 'cmake_prefix_path')
[17.588s] [34mcolcon.colcon_core.shell[0m [1;30mINFO[0m Creating environment hook '/home/ram/melfa_ros2/install/melfa_rv7frl_moveit_config/share/melfa_rv7frl_moveit_config/hook/cmake_prefix_path.ps1'
[17.589s] [34mcolcon.colcon_core.shell[0m [1;30mINFO[0m Creating environment descriptor '/home/ram/melfa_ros2/install/melfa_rv7frl_moveit_config/share/melfa_rv7frl_moveit_config/hook/cmake_prefix_path.dsv'
[17.590s] [34mcolcon.colcon_core.shell[0m [1;30mINFO[0m Creating environment hook '/home/ram/melfa_ros2/install/melfa_rv7frl_moveit_config/share/melfa_rv7frl_moveit_config/hook/cmake_prefix_path.sh'
[17.590s] [34mcolcon.colcon_core.environment[0m [1;30mLevel 1[0m checking '/home/ram/melfa_ros2/install/melfa_rv7frl_moveit_config/lib'
[17.590s] [34mcolcon.colcon_core.environment[0m [1;30mLevel 1[0m checking '/home/ram/melfa_ros2/install/melfa_rv7frl_moveit_config/bin'
[17.591s] [34mcolcon.colcon_core.environment[0m [1;30mLevel 1[0m checking '/home/ram/melfa_ros2/install/melfa_rv7frl_moveit_config/lib/pkgconfig/melfa_rv7frl_moveit_config.pc'
[17.591s] [34mcolcon.colcon_core.environment[0m [1;30mLevel 1[0m checking '/home/ram/melfa_ros2/install/melfa_rv7frl_moveit_config/lib/python3.10/site-packages'
[17.591s] [34mcolcon.colcon_core.environment[0m [1;30mLevel 1[0m checking '/home/ram/melfa_ros2/install/melfa_rv7frl_moveit_config/bin'
[17.592s] [34mcolcon.colcon_core.shell[0m [1;30mINFO[0m Creating package script '/home/ram/melfa_ros2/install/melfa_rv7frl_moveit_config/share/melfa_rv7frl_moveit_config/package.ps1'
[17.592s] [34mcolcon.colcon_core.shell[0m [1;30mINFO[0m Creating package descriptor '/home/ram/melfa_ros2/install/melfa_rv7frl_moveit_config/share/melfa_rv7frl_moveit_config/package.dsv'
[17.593s] [34mcolcon.colcon_core.shell[0m [1;30mINFO[0m Creating package script '/home/ram/melfa_ros2/install/melfa_rv7frl_moveit_config/share/melfa_rv7frl_moveit_config/package.sh'
[17.593s] [34mcolcon.colcon_core.shell[0m [1;30mINFO[0m Creating package script '/home/ram/melfa_ros2/install/melfa_rv7frl_moveit_config/share/melfa_rv7frl_moveit_config/package.bash'
[17.594s] [34mcolcon.colcon_core.shell[0m [1;30mINFO[0m Creating package script '/home/ram/melfa_ros2/install/melfa_rv7frl_moveit_config/share/melfa_rv7frl_moveit_config/package.zsh'
[17.594s] [34mcolcon.colcon_core.environment[0m [1;30mLevel 1[0m create_file_with_runtime_dependencies(/home/ram/melfa_ros2/install/melfa_rv7frl_moveit_config/share/colcon-core/packages/melfa_rv7frl_moveit_config)
[17.595s] [34mcolcon.colcon_core.environment[0m [1;30mLevel 1[0m create_environment_scripts_only(melfa_rv7frl_moveit_config)
[17.595s] [34mcolcon.colcon_core.environment[0m [1;30mLevel 1[0m checking '/home/ram/melfa_ros2/install/melfa_rv7frl_moveit_config' for CMake module files
[17.595s] [34mcolcon.colcon_core.environment[0m [1;30mLevel 1[0m checking '/home/ram/melfa_ros2/install/melfa_rv7frl_moveit_config' for CMake config files
[17.595s] [34mcolcon.colcon_core.shell[0m [1;30mLevel 1[0m create_environment_hook('melfa_rv7frl_moveit_config', 'cmake_prefix_path')
[17.595s] [34mcolcon.colcon_core.shell[0m [1;30mINFO[0m Creating environment hook '/home/ram/melfa_ros2/install/melfa_rv7frl_moveit_config/share/melfa_rv7frl_moveit_config/hook/cmake_prefix_path.ps1'
[17.595s] [34mcolcon.colcon_core.shell[0m [1;30mINFO[0m Creating environment descriptor '/home/ram/melfa_ros2/install/melfa_rv7frl_moveit_config/share/melfa_rv7frl_moveit_config/hook/cmake_prefix_path.dsv'
[17.596s] [34mcolcon.colcon_core.shell[0m [1;30mINFO[0m Creating environment hook '/home/ram/melfa_ros2/install/melfa_rv7frl_moveit_config/share/melfa_rv7frl_moveit_config/hook/cmake_prefix_path.sh'
[17.596s] [34mcolcon.colcon_core.environment[0m [1;30mLevel 1[0m checking '/home/ram/melfa_ros2/install/melfa_rv7frl_moveit_config/lib'
[17.596s] [34mcolcon.colcon_core.environment[0m [1;30mLevel 1[0m checking '/home/ram/melfa_ros2/install/melfa_rv7frl_moveit_config/bin'
[17.596s] [34mcolcon.colcon_core.environment[0m [1;30mLevel 1[0m checking '/home/ram/melfa_ros2/install/melfa_rv7frl_moveit_config/lib/pkgconfig/melfa_rv7frl_moveit_config.pc'
[17.596s] [34mcolcon.colcon_core.environment[0m [1;30mLevel 1[0m checking '/home/ram/melfa_ros2/install/melfa_rv7frl_moveit_config/lib/python3.10/site-packages'
[17.596s] [34mcolcon.colcon_core.environment[0m [1;30mLevel 1[0m checking '/home/ram/melfa_ros2/install/melfa_rv7frl_moveit_config/bin'
[17.597s] [34mcolcon.colcon_core.shell[0m [1;30mINFO[0m Creating package script '/home/ram/melfa_ros2/install/melfa_rv7frl_moveit_config/share/melfa_rv7frl_moveit_config/package.ps1'
[17.597s] [34mcolcon.colcon_core.shell[0m [1;30mINFO[0m Creating package descriptor '/home/ram/melfa_ros2/install/melfa_rv7frl_moveit_config/share/melfa_rv7frl_moveit_config/package.dsv'
[17.597s] [34mcolcon.colcon_core.shell[0m [1;30mINFO[0m Creating package script '/home/ram/melfa_ros2/install/melfa_rv7frl_moveit_config/share/melfa_rv7frl_moveit_config/package.sh'
[17.598s] [34mcolcon.colcon_core.shell[0m [1;30mINFO[0m Creating package script '/home/ram/melfa_ros2/install/melfa_rv7frl_moveit_config/share/melfa_rv7frl_moveit_config/package.bash'
[17.598s] [34mcolcon.colcon_core.shell[0m [1;30mINFO[0m Creating package script '/home/ram/melfa_ros2/install/melfa_rv7frl_moveit_config/share/melfa_rv7frl_moveit_config/package.zsh'
[17.598s] [34mcolcon.colcon_core.environment[0m [1;30mLevel 1[0m create_file_with_runtime_dependencies(/home/ram/melfa_ros2/install/melfa_rv7frl_moveit_config/share/colcon-core/packages/melfa_rv7frl_moveit_config)
[17.612s] [34mcolcon.colcon_core.event_handler.log_command[0m [1;30mDEBUG[0m [32mInvoked command in '/home/ram/melfa_ros2/build/melfa_rv8crl_moveit_config' returned '0': AMENT_PREFIX_PATH=/home/ram/melfa_ros2/install/melfa_description:/home/ram/melfa_ros2/install/xacro:${AMENT_PREFIX_PATH} CMAKE_PREFIX_PATH=/home/ram/melfa_ros2/install/melfa_description:/home/ram/melfa_ros2/install/xacro:/home/ram/cognipilot/cranium/install/synapse_ros:/home/ram/cognipilot/cranium/install/synapse_gz:/home/ram/cognipilot/cranium/install/synapse_tinyframe:/home/ram/cognipilot/cranium/install/synapse_protobuf:/home/ram/cognipilot/cranium/install/corti:/home/ram/cognipilot/cranium/install/synapse_msgs:/home/ram/cognipilot/cranium/install/dream_world:/home/ram/cognipilot/cranium/install/cerebri_bringup:/home/ram/cognipilot/cranium/install/b3rb_simulator:/home/ram/cognipilot/cranium/install/b3rb_desktop:/home/ram/cognipilot/cranium/install/b3rb_rviz:/home/ram/cognipilot/cranium/install/b3rb_nav2:/home/ram/cognipilot/cranium/install/b3rb_gz_resource:/home/ram/cognipilot/cranium/install/b3rb_gz_bringup:/home/ram/cognipilot/cranium/install/b3rb_description:/home/ram/cognipilot/electrode/install/electrode:/home/ram/cognipilot/cranium/install/b3rb_ros_line_follower:/opt/ros/humble PATH=/home/ram/melfa_ros2/install/xacro/bin:${PATH} PYTHONPATH=/home/ram/melfa_ros2/install/xacro/local/lib/python3.10/dist-packages:${PYTHONPATH} /usr/bin/cmake /home/ram/melfa_ros2/src/melfa_ros2_driver/melfa_moveit_config/melfa_rv8crl_moveit_config -DCMAKE_BUILD_TYPE=Release -DCMAKE_INSTALL_PREFIX=/home/ram/melfa_ros2/install/melfa_rv8crl_moveit_config[0m
[17.614s] [34mcolcon.colcon_core.event_handler.log_command[0m [1;30mDEBUG[0m [32mInvoking command in '/home/ram/melfa_ros2/build/melfa_rv8crl_moveit_config': AMENT_PREFIX_PATH=/home/ram/melfa_ros2/install/melfa_description:/home/ram/melfa_ros2/install/xacro:${AMENT_PREFIX_PATH} CMAKE_PREFIX_PATH=/home/ram/melfa_ros2/install/melfa_description:/home/ram/melfa_ros2/install/xacro:/home/ram/cognipilot/cranium/install/synapse_ros:/home/ram/cognipilot/cranium/install/synapse_gz:/home/ram/cognipilot/cranium/install/synapse_tinyframe:/home/ram/cognipilot/cranium/install/synapse_protobuf:/home/ram/cognipilot/cranium/install/corti:/home/ram/cognipilot/cranium/install/synapse_msgs:/home/ram/cognipilot/cranium/install/dream_world:/home/ram/cognipilot/cranium/install/cerebri_bringup:/home/ram/cognipilot/cranium/install/b3rb_simulator:/home/ram/cognipilot/cranium/install/b3rb_desktop:/home/ram/cognipilot/cranium/install/b3rb_rviz:/home/ram/cognipilot/cranium/install/b3rb_nav2:/home/ram/cognipilot/cranium/install/b3rb_gz_resource:/home/ram/cognipilot/cranium/install/b3rb_gz_bringup:/home/ram/cognipilot/cranium/install/b3rb_description:/home/ram/cognipilot/electrode/install/electrode:/home/ram/cognipilot/cranium/install/b3rb_ros_line_follower:/opt/ros/humble PATH=/home/ram/melfa_ros2/install/xacro/bin:${PATH} PYTHONPATH=/home/ram/melfa_ros2/install/xacro/local/lib/python3.10/dist-packages:${PYTHONPATH} /usr/bin/cmake --build /home/ram/melfa_ros2/build/melfa_rv8crl_moveit_config -- -j16 -l16[0m
[20.394s] [34mcolcon.colcon_core.event_handler.log_command[0m [1;30mDEBUG[0m [32mInvoked command in '/home/ram/melfa_ros2/build/melfa_rv80fr_moveit_config' returned '0': AMENT_PREFIX_PATH=/home/ram/melfa_ros2/install/melfa_description:/home/ram/melfa_ros2/install/xacro:${AMENT_PREFIX_PATH} CMAKE_PREFIX_PATH=/home/ram/melfa_ros2/install/melfa_description:/home/ram/melfa_ros2/install/xacro:/home/ram/cognipilot/cranium/install/synapse_ros:/home/ram/cognipilot/cranium/install/synapse_gz:/home/ram/cognipilot/cranium/install/synapse_tinyframe:/home/ram/cognipilot/cranium/install/synapse_protobuf:/home/ram/cognipilot/cranium/install/corti:/home/ram/cognipilot/cranium/install/synapse_msgs:/home/ram/cognipilot/cranium/install/dream_world:/home/ram/cognipilot/cranium/install/cerebri_bringup:/home/ram/cognipilot/cranium/install/b3rb_simulator:/home/ram/cognipilot/cranium/install/b3rb_desktop:/home/ram/cognipilot/cranium/install/b3rb_rviz:/home/ram/cognipilot/cranium/install/b3rb_nav2:/home/ram/cognipilot/cranium/install/b3rb_gz_resource:/home/ram/cognipilot/cranium/install/b3rb_gz_bringup:/home/ram/cognipilot/cranium/install/b3rb_description:/home/ram/cognipilot/electrode/install/electrode:/home/ram/cognipilot/cranium/install/b3rb_ros_line_follower:/opt/ros/humble PATH=/home/ram/melfa_ros2/install/xacro/bin:${PATH} PYTHONPATH=/home/ram/melfa_ros2/install/xacro/local/lib/python3.10/dist-packages:${PYTHONPATH} /usr/bin/cmake --build /home/ram/melfa_ros2/build/melfa_rv80fr_moveit_config -- -j16 -l16[0m
[20.396s] [34mcolcon.colcon_core.event_handler.log_command[0m [1;30mDEBUG[0m [32mInvoking command in '/home/ram/melfa_ros2/build/melfa_rv80fr_moveit_config': AMENT_PREFIX_PATH=/home/ram/melfa_ros2/install/melfa_description:/home/ram/melfa_ros2/install/xacro:${AMENT_PREFIX_PATH} CMAKE_PREFIX_PATH=/home/ram/melfa_ros2/install/melfa_description:/home/ram/melfa_ros2/install/xacro:/home/ram/cognipilot/cranium/install/synapse_ros:/home/ram/cognipilot/cranium/install/synapse_gz:/home/ram/cognipilot/cranium/install/synapse_tinyframe:/home/ram/cognipilot/cranium/install/synapse_protobuf:/home/ram/cognipilot/cranium/install/corti:/home/ram/cognipilot/cranium/install/synapse_msgs:/home/ram/cognipilot/cranium/install/dream_world:/home/ram/cognipilot/cranium/install/cerebri_bringup:/home/ram/cognipilot/cranium/install/b3rb_simulator:/home/ram/cognipilot/cranium/install/b3rb_desktop:/home/ram/cognipilot/cranium/install/b3rb_rviz:/home/ram/cognipilot/cranium/install/b3rb_nav2:/home/ram/cognipilot/cranium/install/b3rb_gz_resource:/home/ram/cognipilot/cranium/install/b3rb_gz_bringup:/home/ram/cognipilot/cranium/install/b3rb_description:/home/ram/cognipilot/electrode/install/electrode:/home/ram/cognipilot/cranium/install/b3rb_ros_line_follower:/opt/ros/humble PATH=/home/ram/melfa_ros2/install/xacro/bin:${PATH} PYTHONPATH=/home/ram/melfa_ros2/install/xacro/local/lib/python3.10/dist-packages:${PYTHONPATH} /usr/bin/cmake --install /home/ram/melfa_ros2/build/melfa_rv80fr_moveit_config[0m
[20.409s] [34mcolcon.colcon_core.environment[0m [1;30mLevel 1[0m create_environment_scripts_only(melfa_rv80fr_moveit_config)
[20.409s] [34mcolcon.colcon_core.environment[0m [1;30mLevel 1[0m checking '/home/ram/melfa_ros2/install/melfa_rv80fr_moveit_config' for CMake module files
[20.410s] [34mcolcon.colcon_core.event_handler.log_command[0m [1;30mDEBUG[0m [32mInvoked command in '/home/ram/melfa_ros2/build/melfa_rv80fr_moveit_config' returned '0': AMENT_PREFIX_PATH=/home/ram/melfa_ros2/install/melfa_description:/home/ram/melfa_ros2/install/xacro:${AMENT_PREFIX_PATH} CMAKE_PREFIX_PATH=/home/ram/melfa_ros2/install/melfa_description:/home/ram/melfa_ros2/install/xacro:/home/ram/cognipilot/cranium/install/synapse_ros:/home/ram/cognipilot/cranium/install/synapse_gz:/home/ram/cognipilot/cranium/install/synapse_tinyframe:/home/ram/cognipilot/cranium/install/synapse_protobuf:/home/ram/cognipilot/cranium/install/corti:/home/ram/cognipilot/cranium/install/synapse_msgs:/home/ram/cognipilot/cranium/install/dream_world:/home/ram/cognipilot/cranium/install/cerebri_bringup:/home/ram/cognipilot/cranium/install/b3rb_simulator:/home/ram/cognipilot/cranium/install/b3rb_desktop:/home/ram/cognipilot/cranium/install/b3rb_rviz:/home/ram/cognipilot/cranium/install/b3rb_nav2:/home/ram/cognipilot/cranium/install/b3rb_gz_resource:/home/ram/cognipilot/cranium/install/b3rb_gz_bringup:/home/ram/cognipilot/cranium/install/b3rb_description:/home/ram/cognipilot/electrode/install/electrode:/home/ram/cognipilot/cranium/install/b3rb_ros_line_follower:/opt/ros/humble PATH=/home/ram/melfa_ros2/install/xacro/bin:${PATH} PYTHONPATH=/home/ram/melfa_ros2/install/xacro/local/lib/python3.10/dist-packages:${PYTHONPATH} /usr/bin/cmake --install /home/ram/melfa_ros2/build/melfa_rv80fr_moveit_config[0m
[20.410s] [34mcolcon.colcon_core.environment[0m [1;30mLevel 1[0m checking '/home/ram/melfa_ros2/install/melfa_rv80fr_moveit_config' for CMake config files
[20.411s] [34mcolcon.colcon_core.shell[0m [1;30mLevel 1[0m create_environment_hook('melfa_rv80fr_moveit_config', 'cmake_prefix_path')
[20.411s] [34mcolcon.colcon_core.shell[0m [1;30mINFO[0m Creating environment hook '/home/ram/melfa_ros2/install/melfa_rv80fr_moveit_config/share/melfa_rv80fr_moveit_config/hook/cmake_prefix_path.ps1'
[20.411s] [34mcolcon.colcon_core.shell[0m [1;30mINFO[0m Creating environment descriptor '/home/ram/melfa_ros2/install/melfa_rv80fr_moveit_config/share/melfa_rv80fr_moveit_config/hook/cmake_prefix_path.dsv'
[20.412s] [34mcolcon.colcon_core.shell[0m [1;30mINFO[0m Creating environment hook '/home/ram/melfa_ros2/install/melfa_rv80fr_moveit_config/share/melfa_rv80fr_moveit_config/hook/cmake_prefix_path.sh'
[20.412s] [34mcolcon.colcon_core.environment[0m [1;30mLevel 1[0m checking '/home/ram/melfa_ros2/install/melfa_rv80fr_moveit_config/lib'
[20.412s] [34mcolcon.colcon_core.environment[0m [1;30mLevel 1[0m checking '/home/ram/melfa_ros2/install/melfa_rv80fr_moveit_config/bin'
[20.412s] [34mcolcon.colcon_core.environment[0m [1;30mLevel 1[0m checking '/home/ram/melfa_ros2/install/melfa_rv80fr_moveit_config/lib/pkgconfig/melfa_rv80fr_moveit_config.pc'
[20.412s] [34mcolcon.colcon_core.environment[0m [1;30mLevel 1[0m checking '/home/ram/melfa_ros2/install/melfa_rv80fr_moveit_config/lib/python3.10/site-packages'
[20.413s] [34mcolcon.colcon_core.environment[0m [1;30mLevel 1[0m checking '/home/ram/melfa_ros2/install/melfa_rv80fr_moveit_config/bin'
[20.413s] [34mcolcon.colcon_core.shell[0m [1;30mINFO[0m Creating package script '/home/ram/melfa_ros2/install/melfa_rv80fr_moveit_config/share/melfa_rv80fr_moveit_config/package.ps1'
[20.413s] [34mcolcon.colcon_core.shell[0m [1;30mINFO[0m Creating package descriptor '/home/ram/melfa_ros2/install/melfa_rv80fr_moveit_config/share/melfa_rv80fr_moveit_config/package.dsv'
[20.413s] [34mcolcon.colcon_core.shell[0m [1;30mINFO[0m Creating package script '/home/ram/melfa_ros2/install/melfa_rv80fr_moveit_config/share/melfa_rv80fr_moveit_config/package.sh'
[20.414s] [34mcolcon.colcon_core.shell[0m [1;30mINFO[0m Creating package script '/home/ram/melfa_ros2/install/melfa_rv80fr_moveit_config/share/melfa_rv80fr_moveit_config/package.bash'
[20.414s] [34mcolcon.colcon_core.shell[0m [1;30mINFO[0m Creating package script '/home/ram/melfa_ros2/install/melfa_rv80fr_moveit_config/share/melfa_rv80fr_moveit_config/package.zsh'
[20.414s] [34mcolcon.colcon_core.environment[0m [1;30mLevel 1[0m create_file_with_runtime_dependencies(/home/ram/melfa_ros2/install/melfa_rv80fr_moveit_config/share/colcon-core/packages/melfa_rv80fr_moveit_config)
[20.414s] [34mcolcon.colcon_core.environment[0m [1;30mLevel 1[0m create_environment_scripts_only(melfa_rv80fr_moveit_config)
[20.414s] [34mcolcon.colcon_core.environment[0m [1;30mLevel 1[0m checking '/home/ram/melfa_ros2/install/melfa_rv80fr_moveit_config' for CMake module files
[20.415s] [34mcolcon.colcon_core.environment[0m [1;30mLevel 1[0m checking '/home/ram/melfa_ros2/install/melfa_rv80fr_moveit_config' for CMake config files
[20.415s] [34mcolcon.colcon_core.shell[0m [1;30mLevel 1[0m create_environment_hook('melfa_rv80fr_moveit_config', 'cmake_prefix_path')
[20.415s] [34mcolcon.colcon_core.shell[0m [1;30mINFO[0m Creating environment hook '/home/ram/melfa_ros2/install/melfa_rv80fr_moveit_config/share/melfa_rv80fr_moveit_config/hook/cmake_prefix_path.ps1'
[20.415s] [34mcolcon.colcon_core.shell[0m [1;30mINFO[0m Creating environment descriptor '/home/ram/melfa_ros2/install/melfa_rv80fr_moveit_config/share/melfa_rv80fr_moveit_config/hook/cmake_prefix_path.dsv'
[20.415s] [34mcolcon.colcon_core.shell[0m [1;30mINFO[0m Creating environment hook '/home/ram/melfa_ros2/install/melfa_rv80fr_moveit_config/share/melfa_rv80fr_moveit_config/hook/cmake_prefix_path.sh'
[20.416s] [34mcolcon.colcon_core.environment[0m [1;30mLevel 1[0m checking '/home/ram/melfa_ros2/install/melfa_rv80fr_moveit_config/lib'
[20.416s] [34mcolcon.colcon_core.environment[0m [1;30mLevel 1[0m checking '/home/ram/melfa_ros2/install/melfa_rv80fr_moveit_config/bin'
[20.416s] [34mcolcon.colcon_core.environment[0m [1;30mLevel 1[0m checking '/home/ram/melfa_ros2/install/melfa_rv80fr_moveit_config/lib/pkgconfig/melfa_rv80fr_moveit_config.pc'
[20.416s] [34mcolcon.colcon_core.environment[0m [1;30mLevel 1[0m checking '/home/ram/melfa_ros2/install/melfa_rv80fr_moveit_config/lib/python3.10/site-packages'
[20.416s] [34mcolcon.colcon_core.environment[0m [1;30mLevel 1[0m checking '/home/ram/melfa_ros2/install/melfa_rv80fr_moveit_config/bin'
[20.416s] [34mcolcon.colcon_core.shell[0m [1;30mINFO[0m Creating package script '/home/ram/melfa_ros2/install/melfa_rv80fr_moveit_config/share/melfa_rv80fr_moveit_config/package.ps1'
[20.417s] [34mcolcon.colcon_core.shell[0m [1;30mINFO[0m Creating package descriptor '/home/ram/melfa_ros2/install/melfa_rv80fr_moveit_config/share/melfa_rv80fr_moveit_config/package.dsv'
[20.417s] [34mcolcon.colcon_core.shell[0m [1;30mINFO[0m Creating package script '/home/ram/melfa_ros2/install/melfa_rv80fr_moveit_config/share/melfa_rv80fr_moveit_config/package.sh'
[20.417s] [34mcolcon.colcon_core.shell[0m [1;30mINFO[0m Creating package script '/home/ram/melfa_ros2/install/melfa_rv80fr_moveit_config/share/melfa_rv80fr_moveit_config/package.bash'
[20.417s] [34mcolcon.colcon_core.shell[0m [1;30mINFO[0m Creating package script '/home/ram/melfa_ros2/install/melfa_rv80fr_moveit_config/share/melfa_rv80fr_moveit_config/package.zsh'
[20.418s] [34mcolcon.colcon_core.environment[0m [1;30mLevel 1[0m create_file_with_runtime_dependencies(/home/ram/melfa_ros2/install/melfa_rv80fr_moveit_config/share/colcon-core/packages/melfa_rv80fr_moveit_config)
[22.031s] [34mcolcon.colcon_core.event_handler.log_command[0m [1;30mDEBUG[0m [32mInvoked command in '/home/ram/melfa_ros2/build/melfa_rv8crl_moveit_config' returned '0': AMENT_PREFIX_PATH=/home/ram/melfa_ros2/install/melfa_description:/home/ram/melfa_ros2/install/xacro:${AMENT_PREFIX_PATH} CMAKE_PREFIX_PATH=/home/ram/melfa_ros2/install/melfa_description:/home/ram/melfa_ros2/install/xacro:/home/ram/cognipilot/cranium/install/synapse_ros:/home/ram/cognipilot/cranium/install/synapse_gz:/home/ram/cognipilot/cranium/install/synapse_tinyframe:/home/ram/cognipilot/cranium/install/synapse_protobuf:/home/ram/cognipilot/cranium/install/corti:/home/ram/cognipilot/cranium/install/synapse_msgs:/home/ram/cognipilot/cranium/install/dream_world:/home/ram/cognipilot/cranium/install/cerebri_bringup:/home/ram/cognipilot/cranium/install/b3rb_simulator:/home/ram/cognipilot/cranium/install/b3rb_desktop:/home/ram/cognipilot/cranium/install/b3rb_rviz:/home/ram/cognipilot/cranium/install/b3rb_nav2:/home/ram/cognipilot/cranium/install/b3rb_gz_resource:/home/ram/cognipilot/cranium/install/b3rb_gz_bringup:/home/ram/cognipilot/cranium/install/b3rb_description:/home/ram/cognipilot/electrode/install/electrode:/home/ram/cognipilot/cranium/install/b3rb_ros_line_follower:/opt/ros/humble PATH=/home/ram/melfa_ros2/install/xacro/bin:${PATH} PYTHONPATH=/home/ram/melfa_ros2/install/xacro/local/lib/python3.10/dist-packages:${PYTHONPATH} /usr/bin/cmake --build /home/ram/melfa_ros2/build/melfa_rv8crl_moveit_config -- -j16 -l16[0m
[22.033s] [34mcolcon.colcon_core.event_handler.log_command[0m [1;30mDEBUG[0m [32mInvoking command in '/home/ram/melfa_ros2/build/melfa_rv8crl_moveit_config': AMENT_PREFIX_PATH=/home/ram/melfa_ros2/install/melfa_description:/home/ram/melfa_ros2/install/xacro:${AMENT_PREFIX_PATH} CMAKE_PREFIX_PATH=/home/ram/melfa_ros2/install/melfa_description:/home/ram/melfa_ros2/install/xacro:/home/ram/cognipilot/cranium/install/synapse_ros:/home/ram/cognipilot/cranium/install/synapse_gz:/home/ram/cognipilot/cranium/install/synapse_tinyframe:/home/ram/cognipilot/cranium/install/synapse_protobuf:/home/ram/cognipilot/cranium/install/corti:/home/ram/cognipilot/cranium/install/synapse_msgs:/home/ram/cognipilot/cranium/install/dream_world:/home/ram/cognipilot/cranium/install/cerebri_bringup:/home/ram/cognipilot/cranium/install/b3rb_simulator:/home/ram/cognipilot/cranium/install/b3rb_desktop:/home/ram/cognipilot/cranium/install/b3rb_rviz:/home/ram/cognipilot/cranium/install/b3rb_nav2:/home/ram/cognipilot/cranium/install/b3rb_gz_resource:/home/ram/cognipilot/cranium/install/b3rb_gz_bringup:/home/ram/cognipilot/cranium/install/b3rb_description:/home/ram/cognipilot/electrode/install/electrode:/home/ram/cognipilot/cranium/install/b3rb_ros_line_follower:/opt/ros/humble PATH=/home/ram/melfa_ros2/install/xacro/bin:${PATH} PYTHONPATH=/home/ram/melfa_ros2/install/xacro/local/lib/python3.10/dist-packages:${PYTHONPATH} /usr/bin/cmake --install /home/ram/melfa_ros2/build/melfa_rv8crl_moveit_config[0m
[22.053s] [34mcolcon.colcon_core.environment[0m [1;30mLevel 1[0m create_environment_scripts_only(melfa_rv8crl_moveit_config)
[22.053s] [34mcolcon.colcon_core.environment[0m [1;30mLevel 1[0m checking '/home/ram/melfa_ros2/install/melfa_rv8crl_moveit_config' for CMake module files
[22.054s] [34mcolcon.colcon_core.event_handler.log_command[0m [1;30mDEBUG[0m [32mInvoked command in '/home/ram/melfa_ros2/build/melfa_rv8crl_moveit_config' returned '0': AMENT_PREFIX_PATH=/home/ram/melfa_ros2/install/melfa_description:/home/ram/melfa_ros2/install/xacro:${AMENT_PREFIX_PATH} CMAKE_PREFIX_PATH=/home/ram/melfa_ros2/install/melfa_description:/home/ram/melfa_ros2/install/xacro:/home/ram/cognipilot/cranium/install/synapse_ros:/home/ram/cognipilot/cranium/install/synapse_gz:/home/ram/cognipilot/cranium/install/synapse_tinyframe:/home/ram/cognipilot/cranium/install/synapse_protobuf:/home/ram/cognipilot/cranium/install/corti:/home/ram/cognipilot/cranium/install/synapse_msgs:/home/ram/cognipilot/cranium/install/dream_world:/home/ram/cognipilot/cranium/install/cerebri_bringup:/home/ram/cognipilot/cranium/install/b3rb_simulator:/home/ram/cognipilot/cranium/install/b3rb_desktop:/home/ram/cognipilot/cranium/install/b3rb_rviz:/home/ram/cognipilot/cranium/install/b3rb_nav2:/home/ram/cognipilot/cranium/install/b3rb_gz_resource:/home/ram/cognipilot/cranium/install/b3rb_gz_bringup:/home/ram/cognipilot/cranium/install/b3rb_description:/home/ram/cognipilot/electrode/install/electrode:/home/ram/cognipilot/cranium/install/b3rb_ros_line_follower:/opt/ros/humble PATH=/home/ram/melfa_ros2/install/xacro/bin:${PATH} PYTHONPATH=/home/ram/melfa_ros2/install/xacro/local/lib/python3.10/dist-packages:${PYTHONPATH} /usr/bin/cmake --install /home/ram/melfa_ros2/build/melfa_rv8crl_moveit_config[0m
[22.055s] [34mcolcon.colcon_core.environment[0m [1;30mLevel 1[0m checking '/home/ram/melfa_ros2/install/melfa_rv8crl_moveit_config' for CMake config files
[22.055s] [34mcolcon.colcon_core.shell[0m [1;30mLevel 1[0m create_environment_hook('melfa_rv8crl_moveit_config', 'cmake_prefix_path')
[22.055s] [34mcolcon.colcon_core.shell[0m [1;30mINFO[0m Creating environment hook '/home/ram/melfa_ros2/install/melfa_rv8crl_moveit_config/share/melfa_rv8crl_moveit_config/hook/cmake_prefix_path.ps1'
[22.056s] [34mcolcon.colcon_core.shell[0m [1;30mINFO[0m Creating environment descriptor '/home/ram/melfa_ros2/install/melfa_rv8crl_moveit_config/share/melfa_rv8crl_moveit_config/hook/cmake_prefix_path.dsv'
[22.056s] [34mcolcon.colcon_core.shell[0m [1;30mINFO[0m Creating environment hook '/home/ram/melfa_ros2/install/melfa_rv8crl_moveit_config/share/melfa_rv8crl_moveit_config/hook/cmake_prefix_path.sh'
[22.057s] [34mcolcon.colcon_core.environment[0m [1;30mLevel 1[0m checking '/home/ram/melfa_ros2/install/melfa_rv8crl_moveit_config/lib'
[22.057s] [34mcolcon.colcon_core.environment[0m [1;30mLevel 1[0m checking '/home/ram/melfa_ros2/install/melfa_rv8crl_moveit_config/bin'
[22.057s] [34mcolcon.colcon_core.environment[0m [1;30mLevel 1[0m checking '/home/ram/melfa_ros2/install/melfa_rv8crl_moveit_config/lib/pkgconfig/melfa_rv8crl_moveit_config.pc'
[22.058s] [34mcolcon.colcon_core.environment[0m [1;30mLevel 1[0m checking '/home/ram/melfa_ros2/install/melfa_rv8crl_moveit_config/lib/python3.10/site-packages'
[22.058s] [34mcolcon.colcon_core.environment[0m [1;30mLevel 1[0m checking '/home/ram/melfa_ros2/install/melfa_rv8crl_moveit_config/bin'
[22.058s] [34mcolcon.colcon_core.shell[0m [1;30mINFO[0m Creating package script '/home/ram/melfa_ros2/install/melfa_rv8crl_moveit_config/share/melfa_rv8crl_moveit_config/package.ps1'
[22.059s] [34mcolcon.colcon_core.shell[0m [1;30mINFO[0m Creating package descriptor '/home/ram/melfa_ros2/install/melfa_rv8crl_moveit_config/share/melfa_rv8crl_moveit_config/package.dsv'
[22.059s] [34mcolcon.colcon_core.shell[0m [1;30mINFO[0m Creating package script '/home/ram/melfa_ros2/install/melfa_rv8crl_moveit_config/share/melfa_rv8crl_moveit_config/package.sh'
[22.060s] [34mcolcon.colcon_core.shell[0m [1;30mINFO[0m Creating package script '/home/ram/melfa_ros2/install/melfa_rv8crl_moveit_config/share/melfa_rv8crl_moveit_config/package.bash'
[22.060s] [34mcolcon.colcon_core.shell[0m [1;30mINFO[0m Creating package script '/home/ram/melfa_ros2/install/melfa_rv8crl_moveit_config/share/melfa_rv8crl_moveit_config/package.zsh'
[22.060s] [34mcolcon.colcon_core.environment[0m [1;30mLevel 1[0m create_file_with_runtime_dependencies(/home/ram/melfa_ros2/install/melfa_rv8crl_moveit_config/share/colcon-core/packages/melfa_rv8crl_moveit_config)
[22.061s] [34mcolcon.colcon_core.environment[0m [1;30mLevel 1[0m create_environment_scripts_only(melfa_rv8crl_moveit_config)
[22.061s] [34mcolcon.colcon_core.environment[0m [1;30mLevel 1[0m checking '/home/ram/melfa_ros2/install/melfa_rv8crl_moveit_config' for CMake module files
[22.061s] [34mcolcon.colcon_core.environment[0m [1;30mLevel 1[0m checking '/home/ram/melfa_ros2/install/melfa_rv8crl_moveit_config' for CMake config files
[22.061s] [34mcolcon.colcon_core.shell[0m [1;30mLevel 1[0m create_environment_hook('melfa_rv8crl_moveit_config', 'cmake_prefix_path')
[22.061s] [34mcolcon.colcon_core.shell[0m [1;30mINFO[0m Creating environment hook '/home/ram/melfa_ros2/install/melfa_rv8crl_moveit_config/share/melfa_rv8crl_moveit_config/hook/cmake_prefix_path.ps1'
[22.062s] [34mcolcon.colcon_core.shell[0m [1;30mINFO[0m Creating environment descriptor '/home/ram/melfa_ros2/install/melfa_rv8crl_moveit_config/share/melfa_rv8crl_moveit_config/hook/cmake_prefix_path.dsv'
[22.062s] [34mcolcon.colcon_core.shell[0m [1;30mINFO[0m Creating environment hook '/home/ram/melfa_ros2/install/melfa_rv8crl_moveit_config/share/melfa_rv8crl_moveit_config/hook/cmake_prefix_path.sh'
[22.062s] [34mcolcon.colcon_core.environment[0m [1;30mLevel 1[0m checking '/home/ram/melfa_ros2/install/melfa_rv8crl_moveit_config/lib'
[22.062s] [34mcolcon.colcon_core.environment[0m [1;30mLevel 1[0m checking '/home/ram/melfa_ros2/install/melfa_rv8crl_moveit_config/bin'
[22.062s] [34mcolcon.colcon_core.environment[0m [1;30mLevel 1[0m checking '/home/ram/melfa_ros2/install/melfa_rv8crl_moveit_config/lib/pkgconfig/melfa_rv8crl_moveit_config.pc'
[22.063s] [34mcolcon.colcon_core.environment[0m [1;30mLevel 1[0m checking '/home/ram/melfa_ros2/install/melfa_rv8crl_moveit_config/lib/python3.10/site-packages'
[22.063s] [34mcolcon.colcon_core.environment[0m [1;30mLevel 1[0m checking '/home/ram/melfa_ros2/install/melfa_rv8crl_moveit_config/bin'
[22.063s] [34mcolcon.colcon_core.shell[0m [1;30mINFO[0m Creating package script '/home/ram/melfa_ros2/install/melfa_rv8crl_moveit_config/share/melfa_rv8crl_moveit_config/package.ps1'
[22.063s] [34mcolcon.colcon_core.shell[0m [1;30mINFO[0m Creating package descriptor '/home/ram/melfa_ros2/install/melfa_rv8crl_moveit_config/share/melfa_rv8crl_moveit_config/package.dsv'
[22.064s] [34mcolcon.colcon_core.shell[0m [1;30mINFO[0m Creating package script '/home/ram/melfa_ros2/install/melfa_rv8crl_moveit_config/share/melfa_rv8crl_moveit_config/package.sh'
[22.064s] [34mcolcon.colcon_core.shell[0m [1;30mINFO[0m Creating package script '/home/ram/melfa_ros2/install/melfa_rv8crl_moveit_config/share/melfa_rv8crl_moveit_config/package.bash'
[22.064s] [34mcolcon.colcon_core.shell[0m [1;30mINFO[0m Creating package script '/home/ram/melfa_ros2/install/melfa_rv8crl_moveit_config/share/melfa_rv8crl_moveit_config/package.zsh'
[22.065s] [34mcolcon.colcon_core.environment[0m [1;30mLevel 1[0m create_file_with_runtime_dependencies(/home/ram/melfa_ros2/install/melfa_rv8crl_moveit_config/share/colcon-core/packages/melfa_rv8crl_moveit_config)
[22.065s] [34mcolcon.colcon_parallel_executor.executor.parallel[0m [1;30mDEBUG[0m [32mclosing loop[0m
[22.065s] [34mcolcon.colcon_parallel_executor.executor.parallel[0m [1;30mDEBUG[0m [32mloop closed[0m
[22.065s] [34mcolcon.colcon_parallel_executor.executor.parallel[0m [1;30mDEBUG[0m [32mrun_until_complete finished with '0'[0m
[22.065s] [34mcolcon.colcon_core.event_reactor[0m [1;30mDEBUG[0m [32mjoining thread[0m
[22.071s] [34mcolcon.colcon_core.plugin_system[0m [1;30mINFO[0m Skipping extension 'colcon_notification.desktop_notification.terminal_notifier': Not used on non-Darwin systems
[22.071s] [34mcolcon.colcon_core.plugin_system[0m [1;30mINFO[0m Skipping extension 'colcon_notification.desktop_notification.win32': Not used on non-Windows systems
[22.071s] [34mcolcon.colcon_notification.desktop_notification[0m [1;30mINFO[0m Sending desktop notification using 'notify2'
[22.130s] [34mcolcon.colcon_core.event_reactor[0m [1;30mDEBUG[0m [32mjoined thread[0m
[22.130s] [34mcolcon.colcon_core.shell[0m [1;30mINFO[0m Creating prefix script '/home/ram/melfa_ros2/install/local_setup.ps1'
[22.131s] [34mcolcon.colcon_core.shell[0m [1;30mINFO[0m Creating prefix util module '/home/ram/melfa_ros2/install/_local_setup_util_ps1.py'
[22.133s] [34mcolcon.colcon_core.shell[0m [1;30mINFO[0m Creating prefix chain script '/home/ram/melfa_ros2/install/setup.ps1'
[22.135s] [34mcolcon.colcon_core.shell[0m [1;30mINFO[0m Creating prefix script '/home/ram/melfa_ros2/install/local_setup.sh'
[22.137s] [34mcolcon.colcon_core.shell[0m [1;30mINFO[0m Creating prefix util module '/home/ram/melfa_ros2/install/_local_setup_util_sh.py'
[22.138s] [34mcolcon.colcon_core.shell[0m [1;30mINFO[0m Creating prefix chain script '/home/ram/melfa_ros2/install/setup.sh'
[22.141s] [34mcolcon.colcon_core.shell[0m [1;30mINFO[0m Creating prefix script '/home/ram/melfa_ros2/install/local_setup.bash'
[22.142s] [34mcolcon.colcon_core.shell[0m [1;30mINFO[0m Creating prefix chain script '/home/ram/melfa_ros2/install/setup.bash'
[22.144s] [34mcolcon.colcon_core.shell[0m [1;30mINFO[0m Creating prefix script '/home/ram/melfa_ros2/install/local_setup.zsh'
[22.145s] [34mcolcon.colcon_core.shell[0m [1;30mINFO[0m Creating prefix chain script '/home/ram/melfa_ros2/install/setup.zsh'
