[0.128s] [34mcolcon[0m [1;30mDEBUG[0m [32mCommand line arguments: ['/usr/bin/colcon', 'build'][0m
[0.128s] [34mcolcon[0m [1;30mDEBUG[0m [32mParsed command line arguments: Namespace(log_base=None, log_level=None, verb_name='build', build_base='build', install_base='install', merge_install=False, symlink_install=False, test_result_base=None, continue_on_error=False, executor='parallel', parallel_workers=16, event_handlers=None, ignore_user_meta=False, metas=['./colcon.meta'], base_paths=['.'], packages_ignore=None, packages_ignore_regex=None, paths=None, packages_up_to=None, packages_up_to_regex=None, packages_above=None, packages_above_and_dependencies=None, packages_above_depth=None, packages_select_by_dep=None, packages_skip_by_dep=None, packages_skip_up_to=None, packages_select_build_failed=False, packages_skip_build_finished=False, packages_select_test_failures=False, packages_skip_test_passed=False, packages_select=None, packages_skip=None, packages_select_regex=None, packages_skip_regex=None, packages_start=None, packages_end=None, allow_overriding=[], cmake_args=None, cmake_target=None, cmake_target_skip_unavailable=False, cmake_clean_cache=False, cmake_clean_first=False, cmake_force_configure=False, ament_cmake_args=None, catkin_cmake_args=None, catkin_skip_building_tests=False, mixin_files=None, mixin=None, verb_parser=<colcon_mixin.mixin.mixin_argument.MixinArgumentDecorator object at 0x792fee1955d0>, verb_extension=<colcon_core.verb.build.BuildVerb object at 0x792fee195060>, main=<bound method BuildVerb.main of <colcon_core.verb.build.BuildVerb object at 0x792fee195060>>, mixin_verb=('build',))[0m
[0.180s] [34mcolcon.colcon_core.package_discovery[0m [1;30mLevel 1[0m discover_packages(colcon_meta) check parameters
[0.180s] [34mcolcon.colcon_core.package_discovery[0m [1;30mLevel 1[0m discover_packages(recursive) check parameters
[0.180s] [34mcolcon.colcon_core.package_discovery[0m [1;30mLevel 1[0m discover_packages(ignore) check parameters
[0.180s] [34mcolcon.colcon_core.package_discovery[0m [1;30mLevel 1[0m discover_packages(path) check parameters
[0.180s] [34mcolcon.colcon_core.package_discovery[0m [1;30mLevel 1[0m discover_packages(colcon_meta) discover
[0.180s] [34mcolcon.colcon_core.package_discovery[0m [1;30mLevel 1[0m discover_packages(recursive) discover
[0.180s] [34mcolcon.colcon_core.package_discovery[0m [1;30mINFO[0m Crawling recursively for packages in '/home/ram/melfa_ros2'
[0.180s] [34mcolcon.colcon_core.package_identification[0m [1;30mLevel 1[0m _identify(.) by extensions ['ignore', 'ignore_ament_install']
[0.180s] [34mcolcon.colcon_core.package_identification[0m [1;30mLevel 1[0m _identify(.) by extension 'ignore'
[0.180s] [34mcolcon.colcon_core.package_identification[0m [1;30mLevel 1[0m _identify(.) by extension 'ignore_ament_install'
[0.180s] [34mcolcon.colcon_core.package_identification[0m [1;30mLevel 1[0m _identify(.) by extensions ['colcon_pkg']
[0.180s] [34mcolcon.colcon_core.package_identification[0m [1;30mLevel 1[0m _identify(.) by extension 'colcon_pkg'
[0.180s] [34mcolcon.colcon_core.package_identification[0m [1;30mLevel 1[0m _identify(.) by extensions ['colcon_meta']
[0.180s] [34mcolcon.colcon_core.package_identification[0m [1;30mLevel 1[0m _identify(.) by extension 'colcon_meta'
[0.180s] [34mcolcon.colcon_core.package_identification[0m [1;30mLevel 1[0m _identify(.) by extensions ['ros']
[0.180s] [34mcolcon.colcon_core.package_identification[0m [1;30mLevel 1[0m _identify(.) by extension 'ros'
[0.200s] [34mcolcon.colcon_core.package_identification[0m [1;30mLevel 1[0m _identify(.) by extensions ['cmake', 'python']
[0.200s] [34mcolcon.colcon_core.package_identification[0m [1;30mLevel 1[0m _identify(.) by extension 'cmake'
[0.200s] [34mcolcon.colcon_core.package_identification[0m [1;30mLevel 1[0m _identify(.) by extension 'python'
[0.200s] [34mcolcon.colcon_core.package_identification[0m [1;30mLevel 1[0m _identify(.) by extensions ['python_setup_py']
[0.200s] [34mcolcon.colcon_core.package_identification[0m [1;30mLevel 1[0m _identify(.) by extension 'python_setup_py'
[0.200s] [34mcolcon.colcon_core.package_identification[0m [1;30mLevel 1[0m _identify(build) by extensions ['ignore', 'ignore_ament_install']
[0.200s] [34mcolcon.colcon_core.package_identification[0m [1;30mLevel 1[0m _identify(build) by extension 'ignore'
[0.200s] [34mcolcon.colcon_core.package_identification[0m [1;30mLevel 1[0m _identify(build) ignored
[0.200s] [34mcolcon.colcon_core.package_identification[0m [1;30mLevel 1[0m _identify(install) by extensions ['ignore', 'ignore_ament_install']
[0.200s] [34mcolcon.colcon_core.package_identification[0m [1;30mLevel 1[0m _identify(install) by extension 'ignore'
[0.200s] [34mcolcon.colcon_core.package_identification[0m [1;30mLevel 1[0m _identify(install) ignored
[0.201s] [34mcolcon.colcon_core.package_identification[0m [1;30mLevel 1[0m _identify(log) by extensions ['ignore', 'ignore_ament_install']
[0.201s] [34mcolcon.colcon_core.package_identification[0m [1;30mLevel 1[0m _identify(log) by extension 'ignore'
[0.201s] [34mcolcon.colcon_core.package_identification[0m [1;30mLevel 1[0m _identify(log) ignored
[0.201s] [34mcolcon.colcon_core.package_identification[0m [1;30mLevel 1[0m _identify(src) by extensions ['ignore', 'ignore_ament_install']
[0.201s] [34mcolcon.colcon_core.package_identification[0m [1;30mLevel 1[0m _identify(src) by extension 'ignore'
[0.201s] [34mcolcon.colcon_core.package_identification[0m [1;30mLevel 1[0m _identify(src) by extension 'ignore_ament_install'
[0.201s] [34mcolcon.colcon_core.package_identification[0m [1;30mLevel 1[0m _identify(src) by extensions ['colcon_pkg']
[0.201s] [34mcolcon.colcon_core.package_identification[0m [1;30mLevel 1[0m _identify(src) by extension 'colcon_pkg'
[0.201s] [34mcolcon.colcon_core.package_identification[0m [1;30mLevel 1[0m _identify(src) by extensions ['colcon_meta']
[0.201s] [34mcolcon.colcon_core.package_identification[0m [1;30mLevel 1[0m _identify(src) by extension 'colcon_meta'
[0.201s] [34mcolcon.colcon_core.package_identification[0m [1;30mLevel 1[0m _identify(src) by extensions ['ros']
[0.201s] [34mcolcon.colcon_core.package_identification[0m [1;30mLevel 1[0m _identify(src) by extension 'ros'
[0.201s] [34mcolcon.colcon_core.package_identification[0m [1;30mLevel 1[0m _identify(src) by extensions ['cmake', 'python']
[0.201s] [34mcolcon.colcon_core.package_identification[0m [1;30mLevel 1[0m _identify(src) by extension 'cmake'
[0.201s] [34mcolcon.colcon_core.package_identification[0m [1;30mLevel 1[0m _identify(src) by extension 'python'
[0.201s] [34mcolcon.colcon_core.package_identification[0m [1;30mLevel 1[0m _identify(src) by extensions ['python_setup_py']
[0.201s] [34mcolcon.colcon_core.package_identification[0m [1;30mLevel 1[0m _identify(src) by extension 'python_setup_py'
[0.201s] [34mcolcon.colcon_core.package_identification[0m [1;30mLevel 1[0m _identify(src/melfa_ros2_driver) by extensions ['ignore', 'ignore_ament_install']
[0.201s] [34mcolcon.colcon_core.package_identification[0m [1;30mLevel 1[0m _identify(src/melfa_ros2_driver) by extension 'ignore'
[0.201s] [34mcolcon.colcon_core.package_identification[0m [1;30mLevel 1[0m _identify(src/melfa_ros2_driver) by extension 'ignore_ament_install'
[0.201s] [34mcolcon.colcon_core.package_identification[0m [1;30mLevel 1[0m _identify(src/melfa_ros2_driver) by extensions ['colcon_pkg']
[0.201s] [34mcolcon.colcon_core.package_identification[0m [1;30mLevel 1[0m _identify(src/melfa_ros2_driver) by extension 'colcon_pkg'
[0.201s] [34mcolcon.colcon_core.package_identification[0m [1;30mLevel 1[0m _identify(src/melfa_ros2_driver) by extensions ['colcon_meta']
[0.201s] [34mcolcon.colcon_core.package_identification[0m [1;30mLevel 1[0m _identify(src/melfa_ros2_driver) by extension 'colcon_meta'
[0.201s] [34mcolcon.colcon_core.package_identification[0m [1;30mLevel 1[0m _identify(src/melfa_ros2_driver) by extensions ['ros']
[0.201s] [34mcolcon.colcon_core.package_identification[0m [1;30mLevel 1[0m _identify(src/melfa_ros2_driver) by extension 'ros'
[0.201s] [34mcolcon.colcon_core.package_identification[0m [1;30mLevel 1[0m _identify(src/melfa_ros2_driver) by extensions ['cmake', 'python']
[0.201s] [34mcolcon.colcon_core.package_identification[0m [1;30mLevel 1[0m _identify(src/melfa_ros2_driver) by extension 'cmake'
[0.201s] [34mcolcon.colcon_core.package_identification[0m [1;30mLevel 1[0m _identify(src/melfa_ros2_driver) by extension 'python'
[0.201s] [34mcolcon.colcon_core.package_identification[0m [1;30mLevel 1[0m _identify(src/melfa_ros2_driver) by extensions ['python_setup_py']
[0.201s] [34mcolcon.colcon_core.package_identification[0m [1;30mLevel 1[0m _identify(src/melfa_ros2_driver) by extension 'python_setup_py'
[0.201s] [34mcolcon.colcon_core.package_identification[0m [1;30mLevel 1[0m _identify(src/melfa_ros2_driver/doc) by extensions ['ignore', 'ignore_ament_install']
[0.201s] [34mcolcon.colcon_core.package_identification[0m [1;30mLevel 1[0m _identify(src/melfa_ros2_driver/doc) by extension 'ignore'
[0.202s] [34mcolcon.colcon_core.package_identification[0m [1;30mLevel 1[0m _identify(src/melfa_ros2_driver/doc) by extension 'ignore_ament_install'
[0.202s] [34mcolcon.colcon_core.package_identification[0m [1;30mLevel 1[0m _identify(src/melfa_ros2_driver/doc) by extensions ['colcon_pkg']
[0.202s] [34mcolcon.colcon_core.package_identification[0m [1;30mLevel 1[0m _identify(src/melfa_ros2_driver/doc) by extension 'colcon_pkg'
[0.202s] [34mcolcon.colcon_core.package_identification[0m [1;30mLevel 1[0m _identify(src/melfa_ros2_driver/doc) by extensions ['colcon_meta']
[0.202s] [34mcolcon.colcon_core.package_identification[0m [1;30mLevel 1[0m _identify(src/melfa_ros2_driver/doc) by extension 'colcon_meta'
[0.202s] [34mcolcon.colcon_core.package_identification[0m [1;30mLevel 1[0m _identify(src/melfa_ros2_driver/doc) by extensions ['ros']
[0.202s] [34mcolcon.colcon_core.package_identification[0m [1;30mLevel 1[0m _identify(src/melfa_ros2_driver/doc) by extension 'ros'
[0.202s] [34mcolcon.colcon_core.package_identification[0m [1;30mLevel 1[0m _identify(src/melfa_ros2_driver/doc) by extensions ['cmake', 'python']
[0.202s] [34mcolcon.colcon_core.package_identification[0m [1;30mLevel 1[0m _identify(src/melfa_ros2_driver/doc) by extension 'cmake'
[0.202s] [34mcolcon.colcon_core.package_identification[0m [1;30mLevel 1[0m _identify(src/melfa_ros2_driver/doc) by extension 'python'
[0.202s] [34mcolcon.colcon_core.package_identification[0m [1;30mLevel 1[0m _identify(src/melfa_ros2_driver/doc) by extensions ['python_setup_py']
[0.202s] [34mcolcon.colcon_core.package_identification[0m [1;30mLevel 1[0m _identify(src/melfa_ros2_driver/doc) by extension 'python_setup_py'
[0.202s] [34mcolcon.colcon_core.package_identification[0m [1;30mLevel 1[0m _identify(src/melfa_ros2_driver/doc/figures) by extensions ['ignore', 'ignore_ament_install']
[0.202s] [34mcolcon.colcon_core.package_identification[0m [1;30mLevel 1[0m _identify(src/melfa_ros2_driver/doc/figures) by extension 'ignore'
[0.202s] [34mcolcon.colcon_core.package_identification[0m [1;30mLevel 1[0m _identify(src/melfa_ros2_driver/doc/figures) by extension 'ignore_ament_install'
[0.202s] [34mcolcon.colcon_core.package_identification[0m [1;30mLevel 1[0m _identify(src/melfa_ros2_driver/doc/figures) by extensions ['colcon_pkg']
[0.202s] [34mcolcon.colcon_core.package_identification[0m [1;30mLevel 1[0m _identify(src/melfa_ros2_driver/doc/figures) by extension 'colcon_pkg'
[0.202s] [34mcolcon.colcon_core.package_identification[0m [1;30mLevel 1[0m _identify(src/melfa_ros2_driver/doc/figures) by extensions ['colcon_meta']
[0.202s] [34mcolcon.colcon_core.package_identification[0m [1;30mLevel 1[0m _identify(src/melfa_ros2_driver/doc/figures) by extension 'colcon_meta'
[0.202s] [34mcolcon.colcon_core.package_identification[0m [1;30mLevel 1[0m _identify(src/melfa_ros2_driver/doc/figures) by extensions ['ros']
[0.202s] [34mcolcon.colcon_core.package_identification[0m [1;30mLevel 1[0m _identify(src/melfa_ros2_driver/doc/figures) by extension 'ros'
[0.202s] [34mcolcon.colcon_core.package_identification[0m [1;30mLevel 1[0m _identify(src/melfa_ros2_driver/doc/figures) by extensions ['cmake', 'python']
[0.202s] [34mcolcon.colcon_core.package_identification[0m [1;30mLevel 1[0m _identify(src/melfa_ros2_driver/doc/figures) by extension 'cmake'
[0.202s] [34mcolcon.colcon_core.package_identification[0m [1;30mLevel 1[0m _identify(src/melfa_ros2_driver/doc/figures) by extension 'python'
[0.202s] [34mcolcon.colcon_core.package_identification[0m [1;30mLevel 1[0m _identify(src/melfa_ros2_driver/doc/figures) by extensions ['python_setup_py']
[0.202s] [34mcolcon.colcon_core.package_identification[0m [1;30mLevel 1[0m _identify(src/melfa_ros2_driver/doc/figures) by extension 'python_setup_py'
[0.202s] [34mcolcon.colcon_core.package_identification[0m [1;30mLevel 1[0m _identify(src/melfa_ros2_driver/melfa_bringup) by extensions ['ignore', 'ignore_ament_install']
[0.202s] [34mcolcon.colcon_core.package_identification[0m [1;30mLevel 1[0m _identify(src/melfa_ros2_driver/melfa_bringup) by extension 'ignore'
[0.202s] [34mcolcon.colcon_core.package_identification[0m [1;30mLevel 1[0m _identify(src/melfa_ros2_driver/melfa_bringup) by extension 'ignore_ament_install'
[0.202s] [34mcolcon.colcon_core.package_identification[0m [1;30mLevel 1[0m _identify(src/melfa_ros2_driver/melfa_bringup) by extensions ['colcon_pkg']
[0.202s] [34mcolcon.colcon_core.package_identification[0m [1;30mLevel 1[0m _identify(src/melfa_ros2_driver/melfa_bringup) by extension 'colcon_pkg'
[0.202s] [34mcolcon.colcon_core.package_identification[0m [1;30mLevel 1[0m _identify(src/melfa_ros2_driver/melfa_bringup) by extensions ['colcon_meta']
[0.202s] [34mcolcon.colcon_core.package_identification[0m [1;30mLevel 1[0m _identify(src/melfa_ros2_driver/melfa_bringup) by extension 'colcon_meta'
[0.202s] [34mcolcon.colcon_core.package_identification[0m [1;30mLevel 1[0m _identify(src/melfa_ros2_driver/melfa_bringup) by extensions ['ros']
[0.202s] [34mcolcon.colcon_core.package_identification[0m [1;30mLevel 1[0m _identify(src/melfa_ros2_driver/melfa_bringup) by extension 'ros'
[0.213s] [34mcolcon.colcon_core.package_identification[0m [1;30mDEBUG[0m [32mPackage 'src/melfa_ros2_driver/melfa_bringup' with type 'ros.ament_cmake' and name 'melfa_bringup'[0m
[0.214s] [34mcolcon.colcon_core.package_identification[0m [1;30mLevel 1[0m _identify(src/melfa_ros2_driver/melfa_description) by extensions ['ignore', 'ignore_ament_install']
[0.214s] [34mcolcon.colcon_core.package_identification[0m [1;30mLevel 1[0m _identify(src/melfa_ros2_driver/melfa_description) by extension 'ignore'
[0.214s] [34mcolcon.colcon_core.package_identification[0m [1;30mLevel 1[0m _identify(src/melfa_ros2_driver/melfa_description) by extension 'ignore_ament_install'
[0.214s] [34mcolcon.colcon_core.package_identification[0m [1;30mLevel 1[0m _identify(src/melfa_ros2_driver/melfa_description) by extensions ['colcon_pkg']
[0.214s] [34mcolcon.colcon_core.package_identification[0m [1;30mLevel 1[0m _identify(src/melfa_ros2_driver/melfa_description) by extension 'colcon_pkg'
[0.214s] [34mcolcon.colcon_core.package_identification[0m [1;30mLevel 1[0m _identify(src/melfa_ros2_driver/melfa_description) by extensions ['colcon_meta']
[0.214s] [34mcolcon.colcon_core.package_identification[0m [1;30mLevel 1[0m _identify(src/melfa_ros2_driver/melfa_description) by extension 'colcon_meta'
[0.214s] [34mcolcon.colcon_core.package_identification[0m [1;30mLevel 1[0m _identify(src/melfa_ros2_driver/melfa_description) by extensions ['ros']
[0.214s] [34mcolcon.colcon_core.package_identification[0m [1;30mLevel 1[0m _identify(src/melfa_ros2_driver/melfa_description) by extension 'ros'
[0.214s] [34mcolcon.colcon_core.package_identification[0m [1;30mDEBUG[0m [32mPackage 'src/melfa_ros2_driver/melfa_description' with type 'ros.ament_cmake' and name 'melfa_description'[0m
[0.214s] [34mcolcon.colcon_core.package_identification[0m [1;30mLevel 1[0m _identify(src/melfa_ros2_driver/melfa_driver) by extensions ['ignore', 'ignore_ament_install']
[0.214s] [34mcolcon.colcon_core.package_identification[0m [1;30mLevel 1[0m _identify(src/melfa_ros2_driver/melfa_driver) by extension 'ignore'
[0.214s] [34mcolcon.colcon_core.package_identification[0m [1;30mLevel 1[0m _identify(src/melfa_ros2_driver/melfa_driver) by extension 'ignore_ament_install'
[0.215s] [34mcolcon.colcon_core.package_identification[0m [1;30mLevel 1[0m _identify(src/melfa_ros2_driver/melfa_driver) by extensions ['colcon_pkg']
[0.215s] [34mcolcon.colcon_core.package_identification[0m [1;30mLevel 1[0m _identify(src/melfa_ros2_driver/melfa_driver) by extension 'colcon_pkg'
[0.215s] [34mcolcon.colcon_core.package_identification[0m [1;30mLevel 1[0m _identify(src/melfa_ros2_driver/melfa_driver) by extensions ['colcon_meta']
[0.215s] [34mcolcon.colcon_core.package_identification[0m [1;30mLevel 1[0m _identify(src/melfa_ros2_driver/melfa_driver) by extension 'colcon_meta'
[0.215s] [34mcolcon.colcon_core.package_identification[0m [1;30mLevel 1[0m _identify(src/melfa_ros2_driver/melfa_driver) by extensions ['ros']
[0.215s] [34mcolcon.colcon_core.package_identification[0m [1;30mLevel 1[0m _identify(src/melfa_ros2_driver/melfa_driver) by extension 'ros'
[0.215s] [34mcolcon.colcon_core.package_identification[0m [1;30mDEBUG[0m [32mPackage 'src/melfa_ros2_driver/melfa_driver' with type 'ros.ament_cmake' and name 'melfa_driver'[0m
[0.216s] [34mcolcon.colcon_core.package_identification[0m [1;30mLevel 1[0m _identify(src/melfa_ros2_driver/melfa_io_controllers) by extensions ['ignore', 'ignore_ament_install']
[0.216s] [34mcolcon.colcon_core.package_identification[0m [1;30mLevel 1[0m _identify(src/melfa_ros2_driver/melfa_io_controllers) by extension 'ignore'
[0.216s] [34mcolcon.colcon_core.package_identification[0m [1;30mLevel 1[0m _identify(src/melfa_ros2_driver/melfa_io_controllers) by extension 'ignore_ament_install'
[0.216s] [34mcolcon.colcon_core.package_identification[0m [1;30mLevel 1[0m _identify(src/melfa_ros2_driver/melfa_io_controllers) by extensions ['colcon_pkg']
[0.216s] [34mcolcon.colcon_core.package_identification[0m [1;30mLevel 1[0m _identify(src/melfa_ros2_driver/melfa_io_controllers) by extension 'colcon_pkg'
[0.216s] [34mcolcon.colcon_core.package_identification[0m [1;30mLevel 1[0m _identify(src/melfa_ros2_driver/melfa_io_controllers) by extensions ['colcon_meta']
[0.216s] [34mcolcon.colcon_core.package_identification[0m [1;30mLevel 1[0m _identify(src/melfa_ros2_driver/melfa_io_controllers) by extension 'colcon_meta'
[0.216s] [34mcolcon.colcon_core.package_identification[0m [1;30mLevel 1[0m _identify(src/melfa_ros2_driver/melfa_io_controllers) by extensions ['ros']
[0.216s] [34mcolcon.colcon_core.package_identification[0m [1;30mLevel 1[0m _identify(src/melfa_ros2_driver/melfa_io_controllers) by extension 'ros'
[0.216s] [34mcolcon.colcon_core.package_identification[0m [1;30mDEBUG[0m [32mPackage 'src/melfa_ros2_driver/melfa_io_controllers' with type 'ros.ament_cmake' and name 'melfa_io_controllers'[0m
[0.216s] [34mcolcon.colcon_core.package_identification[0m [1;30mLevel 1[0m _identify(src/melfa_ros2_driver/melfa_moveit_config) by extensions ['ignore', 'ignore_ament_install']
[0.216s] [34mcolcon.colcon_core.package_identification[0m [1;30mLevel 1[0m _identify(src/melfa_ros2_driver/melfa_moveit_config) by extension 'ignore'
[0.217s] [34mcolcon.colcon_core.package_identification[0m [1;30mLevel 1[0m _identify(src/melfa_ros2_driver/melfa_moveit_config) by extension 'ignore_ament_install'
[0.217s] [34mcolcon.colcon_core.package_identification[0m [1;30mLevel 1[0m _identify(src/melfa_ros2_driver/melfa_moveit_config) by extensions ['colcon_pkg']
[0.217s] [34mcolcon.colcon_core.package_identification[0m [1;30mLevel 1[0m _identify(src/melfa_ros2_driver/melfa_moveit_config) by extension 'colcon_pkg'
[0.217s] [34mcolcon.colcon_core.package_identification[0m [1;30mLevel 1[0m _identify(src/melfa_ros2_driver/melfa_moveit_config) by extensions ['colcon_meta']
[0.217s] [34mcolcon.colcon_core.package_identification[0m [1;30mLevel 1[0m _identify(src/melfa_ros2_driver/melfa_moveit_config) by extension 'colcon_meta'
[0.217s] [34mcolcon.colcon_core.package_identification[0m [1;30mLevel 1[0m _identify(src/melfa_ros2_driver/melfa_moveit_config) by extensions ['ros']
[0.217s] [34mcolcon.colcon_core.package_identification[0m [1;30mLevel 1[0m _identify(src/melfa_ros2_driver/melfa_moveit_config) by extension 'ros'
[0.217s] [34mcolcon.colcon_core.package_identification[0m [1;30mLevel 1[0m _identify(src/melfa_ros2_driver/melfa_moveit_config) by extensions ['cmake', 'python']
[0.217s] [34mcolcon.colcon_core.package_identification[0m [1;30mLevel 1[0m _identify(src/melfa_ros2_driver/melfa_moveit_config) by extension 'cmake'
[0.217s] [34mcolcon.colcon_core.package_identification[0m [1;30mLevel 1[0m _identify(src/melfa_ros2_driver/melfa_moveit_config) by extension 'python'
[0.217s] [34mcolcon.colcon_core.package_identification[0m [1;30mLevel 1[0m _identify(src/melfa_ros2_driver/melfa_moveit_config) by extensions ['python_setup_py']
[0.217s] [34mcolcon.colcon_core.package_identification[0m [1;30mLevel 1[0m _identify(src/melfa_ros2_driver/melfa_moveit_config) by extension 'python_setup_py'
[0.217s] [34mcolcon.colcon_core.package_identification[0m [1;30mLevel 1[0m _identify(src/melfa_ros2_driver/melfa_moveit_config/melfa_rh6crh6020_moveit_config) by extensions ['ignore', 'ignore_ament_install']
[0.217s] [34mcolcon.colcon_core.package_identification[0m [1;30mLevel 1[0m _identify(src/melfa_ros2_driver/melfa_moveit_config/melfa_rh6crh6020_moveit_config) by extension 'ignore'
[0.217s] [34mcolcon.colcon_core.package_identification[0m [1;30mLevel 1[0m _identify(src/melfa_ros2_driver/melfa_moveit_config/melfa_rh6crh6020_moveit_config) by extension 'ignore_ament_install'
[0.217s] [34mcolcon.colcon_core.package_identification[0m [1;30mLevel 1[0m _identify(src/melfa_ros2_driver/melfa_moveit_config/melfa_rh6crh6020_moveit_config) by extensions ['colcon_pkg']
[0.217s] [34mcolcon.colcon_core.package_identification[0m [1;30mLevel 1[0m _identify(src/melfa_ros2_driver/melfa_moveit_config/melfa_rh6crh6020_moveit_config) by extension 'colcon_pkg'
[0.217s] [34mcolcon.colcon_core.package_identification[0m [1;30mLevel 1[0m _identify(src/melfa_ros2_driver/melfa_moveit_config/melfa_rh6crh6020_moveit_config) by extensions ['colcon_meta']
[0.217s] [34mcolcon.colcon_core.package_identification[0m [1;30mLevel 1[0m _identify(src/melfa_ros2_driver/melfa_moveit_config/melfa_rh6crh6020_moveit_config) by extension 'colcon_meta'
[0.217s] [34mcolcon.colcon_core.package_identification[0m [1;30mLevel 1[0m _identify(src/melfa_ros2_driver/melfa_moveit_config/melfa_rh6crh6020_moveit_config) by extensions ['ros']
[0.217s] [34mcolcon.colcon_core.package_identification[0m [1;30mLevel 1[0m _identify(src/melfa_ros2_driver/melfa_moveit_config/melfa_rh6crh6020_moveit_config) by extension 'ros'
[0.218s] [34mcolcon.colcon_core.package_identification[0m [1;30mDEBUG[0m [32mPackage 'src/melfa_ros2_driver/melfa_moveit_config/melfa_rh6crh6020_moveit_config' with type 'ros.ament_cmake' and name 'melfa_rh6crh6020_moveit_config'[0m
[0.218s] [34mcolcon.colcon_core.package_identification[0m [1;30mLevel 1[0m _identify(src/melfa_ros2_driver/melfa_moveit_config/melfa_rh6frh5520_moveit_config) by extensions ['ignore', 'ignore_ament_install']
[0.218s] [34mcolcon.colcon_core.package_identification[0m [1;30mLevel 1[0m _identify(src/melfa_ros2_driver/melfa_moveit_config/melfa_rh6frh5520_moveit_config) by extension 'ignore'
[0.218s] [34mcolcon.colcon_core.package_identification[0m [1;30mLevel 1[0m _identify(src/melfa_ros2_driver/melfa_moveit_config/melfa_rh6frh5520_moveit_config) by extension 'ignore_ament_install'
[0.218s] [34mcolcon.colcon_core.package_identification[0m [1;30mLevel 1[0m _identify(src/melfa_ros2_driver/melfa_moveit_config/melfa_rh6frh5520_moveit_config) by extensions ['colcon_pkg']
[0.218s] [34mcolcon.colcon_core.package_identification[0m [1;30mLevel 1[0m _identify(src/melfa_ros2_driver/melfa_moveit_config/melfa_rh6frh5520_moveit_config) by extension 'colcon_pkg'
[0.218s] [34mcolcon.colcon_core.package_identification[0m [1;30mLevel 1[0m _identify(src/melfa_ros2_driver/melfa_moveit_config/melfa_rh6frh5520_moveit_config) by extensions ['colcon_meta']
[0.218s] [34mcolcon.colcon_core.package_identification[0m [1;30mLevel 1[0m _identify(src/melfa_ros2_driver/melfa_moveit_config/melfa_rh6frh5520_moveit_config) by extension 'colcon_meta'
[0.218s] [34mcolcon.colcon_core.package_identification[0m [1;30mLevel 1[0m _identify(src/melfa_ros2_driver/melfa_moveit_config/melfa_rh6frh5520_moveit_config) by extensions ['ros']
[0.218s] [34mcolcon.colcon_core.package_identification[0m [1;30mLevel 1[0m _identify(src/melfa_ros2_driver/melfa_moveit_config/melfa_rh6frh5520_moveit_config) by extension 'ros'
[0.218s] [34mcolcon.colcon_core.package_identification[0m [1;30mDEBUG[0m [32mPackage 'src/melfa_ros2_driver/melfa_moveit_config/melfa_rh6frh5520_moveit_config' with type 'ros.ament_cmake' and name 'melfa_rh6frh5520_moveit_config'[0m
[0.219s] [34mcolcon.colcon_core.package_identification[0m [1;30mLevel 1[0m _identify(src/melfa_ros2_driver/melfa_moveit_config/melfa_rv13frl_moveit_config) by extensions ['ignore', 'ignore_ament_install']
[0.219s] [34mcolcon.colcon_core.package_identification[0m [1;30mLevel 1[0m _identify(src/melfa_ros2_driver/melfa_moveit_config/melfa_rv13frl_moveit_config) by extension 'ignore'
[0.219s] [34mcolcon.colcon_core.package_identification[0m [1;30mLevel 1[0m _identify(src/melfa_ros2_driver/melfa_moveit_config/melfa_rv13frl_moveit_config) by extension 'ignore_ament_install'
[0.219s] [34mcolcon.colcon_core.package_identification[0m [1;30mLevel 1[0m _identify(src/melfa_ros2_driver/melfa_moveit_config/melfa_rv13frl_moveit_config) by extensions ['colcon_pkg']
[0.219s] [34mcolcon.colcon_core.package_identification[0m [1;30mLevel 1[0m _identify(src/melfa_ros2_driver/melfa_moveit_config/melfa_rv13frl_moveit_config) by extension 'colcon_pkg'
[0.219s] [34mcolcon.colcon_core.package_identification[0m [1;30mLevel 1[0m _identify(src/melfa_ros2_driver/melfa_moveit_config/melfa_rv13frl_moveit_config) by extensions ['colcon_meta']
[0.219s] [34mcolcon.colcon_core.package_identification[0m [1;30mLevel 1[0m _identify(src/melfa_ros2_driver/melfa_moveit_config/melfa_rv13frl_moveit_config) by extension 'colcon_meta'
[0.219s] [34mcolcon.colcon_core.package_identification[0m [1;30mLevel 1[0m _identify(src/melfa_ros2_driver/melfa_moveit_config/melfa_rv13frl_moveit_config) by extensions ['ros']
[0.219s] [34mcolcon.colcon_core.package_identification[0m [1;30mLevel 1[0m _identify(src/melfa_ros2_driver/melfa_moveit_config/melfa_rv13frl_moveit_config) by extension 'ros'
[0.219s] [34mcolcon.colcon_core.package_identification[0m [1;30mDEBUG[0m [32mPackage 'src/melfa_ros2_driver/melfa_moveit_config/melfa_rv13frl_moveit_config' with type 'ros.ament_cmake' and name 'melfa_rv13frl_moveit_config'[0m
[0.219s] [34mcolcon.colcon_core.package_identification[0m [1;30mLevel 1[0m _identify(src/melfa_ros2_driver/melfa_moveit_config/melfa_rv2fr_moveit_config) by extensions ['ignore', 'ignore_ament_install']
[0.219s] [34mcolcon.colcon_core.package_identification[0m [1;30mLevel 1[0m _identify(src/melfa_ros2_driver/melfa_moveit_config/melfa_rv2fr_moveit_config) by extension 'ignore'
[0.219s] [34mcolcon.colcon_core.package_identification[0m [1;30mLevel 1[0m _identify(src/melfa_ros2_driver/melfa_moveit_config/melfa_rv2fr_moveit_config) by extension 'ignore_ament_install'
[0.219s] [34mcolcon.colcon_core.package_identification[0m [1;30mLevel 1[0m _identify(src/melfa_ros2_driver/melfa_moveit_config/melfa_rv2fr_moveit_config) by extensions ['colcon_pkg']
[0.219s] [34mcolcon.colcon_core.package_identification[0m [1;30mLevel 1[0m _identify(src/melfa_ros2_driver/melfa_moveit_config/melfa_rv2fr_moveit_config) by extension 'colcon_pkg'
[0.219s] [34mcolcon.colcon_core.package_identification[0m [1;30mLevel 1[0m _identify(src/melfa_ros2_driver/melfa_moveit_config/melfa_rv2fr_moveit_config) by extensions ['colcon_meta']
[0.219s] [34mcolcon.colcon_core.package_identification[0m [1;30mLevel 1[0m _identify(src/melfa_ros2_driver/melfa_moveit_config/melfa_rv2fr_moveit_config) by extension 'colcon_meta'
[0.219s] [34mcolcon.colcon_core.package_identification[0m [1;30mLevel 1[0m _identify(src/melfa_ros2_driver/melfa_moveit_config/melfa_rv2fr_moveit_config) by extensions ['ros']
[0.220s] [34mcolcon.colcon_core.package_identification[0m [1;30mLevel 1[0m _identify(src/melfa_ros2_driver/melfa_moveit_config/melfa_rv2fr_moveit_config) by extension 'ros'
[0.220s] [34mcolcon.colcon_core.package_identification[0m [1;30mDEBUG[0m [32mPackage 'src/melfa_ros2_driver/melfa_moveit_config/melfa_rv2fr_moveit_config' with type 'ros.ament_cmake' and name 'melfa_rv2fr_moveit_config'[0m
[0.220s] [34mcolcon.colcon_core.package_identification[0m [1;30mLevel 1[0m _identify(src/melfa_ros2_driver/melfa_moveit_config/melfa_rv4fr_moveit_config) by extensions ['ignore', 'ignore_ament_install']
[0.220s] [34mcolcon.colcon_core.package_identification[0m [1;30mLevel 1[0m _identify(src/melfa_ros2_driver/melfa_moveit_config/melfa_rv4fr_moveit_config) by extension 'ignore'
[0.220s] [34mcolcon.colcon_core.package_identification[0m [1;30mLevel 1[0m _identify(src/melfa_ros2_driver/melfa_moveit_config/melfa_rv4fr_moveit_config) by extension 'ignore_ament_install'
[0.220s] [34mcolcon.colcon_core.package_identification[0m [1;30mLevel 1[0m _identify(src/melfa_ros2_driver/melfa_moveit_config/melfa_rv4fr_moveit_config) by extensions ['colcon_pkg']
[0.220s] [34mcolcon.colcon_core.package_identification[0m [1;30mLevel 1[0m _identify(src/melfa_ros2_driver/melfa_moveit_config/melfa_rv4fr_moveit_config) by extension 'colcon_pkg'
[0.220s] [34mcolcon.colcon_core.package_identification[0m [1;30mLevel 1[0m _identify(src/melfa_ros2_driver/melfa_moveit_config/melfa_rv4fr_moveit_config) by extensions ['colcon_meta']
[0.220s] [34mcolcon.colcon_core.package_identification[0m [1;30mLevel 1[0m _identify(src/melfa_ros2_driver/melfa_moveit_config/melfa_rv4fr_moveit_config) by extension 'colcon_meta'
[0.220s] [34mcolcon.colcon_core.package_identification[0m [1;30mLevel 1[0m _identify(src/melfa_ros2_driver/melfa_moveit_config/melfa_rv4fr_moveit_config) by extensions ['ros']
[0.220s] [34mcolcon.colcon_core.package_identification[0m [1;30mLevel 1[0m _identify(src/melfa_ros2_driver/melfa_moveit_config/melfa_rv4fr_moveit_config) by extension 'ros'
[0.221s] [34mcolcon.colcon_core.package_identification[0m [1;30mDEBUG[0m [32mPackage 'src/melfa_ros2_driver/melfa_moveit_config/melfa_rv4fr_moveit_config' with type 'ros.ament_cmake' and name 'melfa_rv4fr_moveit_config'[0m
[0.221s] [34mcolcon.colcon_core.package_identification[0m [1;30mLevel 1[0m _identify(src/melfa_ros2_driver/melfa_moveit_config/melfa_rv4frl_moveit_config) by extensions ['ignore', 'ignore_ament_install']
[0.221s] [34mcolcon.colcon_core.package_identification[0m [1;30mLevel 1[0m _identify(src/melfa_ros2_driver/melfa_moveit_config/melfa_rv4frl_moveit_config) by extension 'ignore'
[0.221s] [34mcolcon.colcon_core.package_identification[0m [1;30mLevel 1[0m _identify(src/melfa_ros2_driver/melfa_moveit_config/melfa_rv4frl_moveit_config) by extension 'ignore_ament_install'
[0.221s] [34mcolcon.colcon_core.package_identification[0m [1;30mLevel 1[0m _identify(src/melfa_ros2_driver/melfa_moveit_config/melfa_rv4frl_moveit_config) by extensions ['colcon_pkg']
[0.221s] [34mcolcon.colcon_core.package_identification[0m [1;30mLevel 1[0m _identify(src/melfa_ros2_driver/melfa_moveit_config/melfa_rv4frl_moveit_config) by extension 'colcon_pkg'
[0.221s] [34mcolcon.colcon_core.package_identification[0m [1;30mLevel 1[0m _identify(src/melfa_ros2_driver/melfa_moveit_config/melfa_rv4frl_moveit_config) by extensions ['colcon_meta']
[0.221s] [34mcolcon.colcon_core.package_identification[0m [1;30mLevel 1[0m _identify(src/melfa_ros2_driver/melfa_moveit_config/melfa_rv4frl_moveit_config) by extension 'colcon_meta'
[0.221s] [34mcolcon.colcon_core.package_identification[0m [1;30mLevel 1[0m _identify(src/melfa_ros2_driver/melfa_moveit_config/melfa_rv4frl_moveit_config) by extensions ['ros']
[0.221s] [34mcolcon.colcon_core.package_identification[0m [1;30mLevel 1[0m _identify(src/melfa_ros2_driver/melfa_moveit_config/melfa_rv4frl_moveit_config) by extension 'ros'
[0.222s] [34mcolcon.colcon_core.package_identification[0m [1;30mDEBUG[0m [32mPackage 'src/melfa_ros2_driver/melfa_moveit_config/melfa_rv4frl_moveit_config' with type 'ros.ament_cmake' and name 'melfa_rv4frl_moveit_config'[0m
[0.222s] [34mcolcon.colcon_core.package_identification[0m [1;30mLevel 1[0m _identify(src/melfa_ros2_driver/melfa_moveit_config/melfa_rv5as_moveit_config) by extensions ['ignore', 'ignore_ament_install']
[0.222s] [34mcolcon.colcon_core.package_identification[0m [1;30mLevel 1[0m _identify(src/melfa_ros2_driver/melfa_moveit_config/melfa_rv5as_moveit_config) by extension 'ignore'
[0.222s] [34mcolcon.colcon_core.package_identification[0m [1;30mLevel 1[0m _identify(src/melfa_ros2_driver/melfa_moveit_config/melfa_rv5as_moveit_config) by extension 'ignore_ament_install'
[0.222s] [34mcolcon.colcon_core.package_identification[0m [1;30mLevel 1[0m _identify(src/melfa_ros2_driver/melfa_moveit_config/melfa_rv5as_moveit_config) by extensions ['colcon_pkg']
[0.222s] [34mcolcon.colcon_core.package_identification[0m [1;30mLevel 1[0m _identify(src/melfa_ros2_driver/melfa_moveit_config/melfa_rv5as_moveit_config) by extension 'colcon_pkg'
[0.222s] [34mcolcon.colcon_core.package_identification[0m [1;30mLevel 1[0m _identify(src/melfa_ros2_driver/melfa_moveit_config/melfa_rv5as_moveit_config) by extensions ['colcon_meta']
[0.222s] [34mcolcon.colcon_core.package_identification[0m [1;30mLevel 1[0m _identify(src/melfa_ros2_driver/melfa_moveit_config/melfa_rv5as_moveit_config) by extension 'colcon_meta'
[0.222s] [34mcolcon.colcon_core.package_identification[0m [1;30mLevel 1[0m _identify(src/melfa_ros2_driver/melfa_moveit_config/melfa_rv5as_moveit_config) by extensions ['ros']
[0.222s] [34mcolcon.colcon_core.package_identification[0m [1;30mLevel 1[0m _identify(src/melfa_ros2_driver/melfa_moveit_config/melfa_rv5as_moveit_config) by extension 'ros'
[0.222s] [34mcolcon.colcon_core.package_identification[0m [1;30mDEBUG[0m [32mPackage 'src/melfa_ros2_driver/melfa_moveit_config/melfa_rv5as_moveit_config' with type 'ros.ament_cmake' and name 'melfa_rv5as_moveit_config'[0m
[0.222s] [34mcolcon.colcon_core.package_identification[0m [1;30mLevel 1[0m _identify(src/melfa_ros2_driver/melfa_moveit_config/melfa_rv7frl_moveit_config) by extensions ['ignore', 'ignore_ament_install']
[0.222s] [34mcolcon.colcon_core.package_identification[0m [1;30mLevel 1[0m _identify(src/melfa_ros2_driver/melfa_moveit_config/melfa_rv7frl_moveit_config) by extension 'ignore'
[0.222s] [34mcolcon.colcon_core.package_identification[0m [1;30mLevel 1[0m _identify(src/melfa_ros2_driver/melfa_moveit_config/melfa_rv7frl_moveit_config) by extension 'ignore_ament_install'
[0.222s] [34mcolcon.colcon_core.package_identification[0m [1;30mLevel 1[0m _identify(src/melfa_ros2_driver/melfa_moveit_config/melfa_rv7frl_moveit_config) by extensions ['colcon_pkg']
[0.222s] [34mcolcon.colcon_core.package_identification[0m [1;30mLevel 1[0m _identify(src/melfa_ros2_driver/melfa_moveit_config/melfa_rv7frl_moveit_config) by extension 'colcon_pkg'
[0.223s] [34mcolcon.colcon_core.package_identification[0m [1;30mLevel 1[0m _identify(src/melfa_ros2_driver/melfa_moveit_config/melfa_rv7frl_moveit_config) by extensions ['colcon_meta']
[0.223s] [34mcolcon.colcon_core.package_identification[0m [1;30mLevel 1[0m _identify(src/melfa_ros2_driver/melfa_moveit_config/melfa_rv7frl_moveit_config) by extension 'colcon_meta'
[0.223s] [34mcolcon.colcon_core.package_identification[0m [1;30mLevel 1[0m _identify(src/melfa_ros2_driver/melfa_moveit_config/melfa_rv7frl_moveit_config) by extensions ['ros']
[0.223s] [34mcolcon.colcon_core.package_identification[0m [1;30mLevel 1[0m _identify(src/melfa_ros2_driver/melfa_moveit_config/melfa_rv7frl_moveit_config) by extension 'ros'
[0.223s] [34mcolcon.colcon_core.package_identification[0m [1;30mDEBUG[0m [32mPackage 'src/melfa_ros2_driver/melfa_moveit_config/melfa_rv7frl_moveit_config' with type 'ros.ament_cmake' and name 'melfa_rv7frl_moveit_config'[0m
[0.223s] [34mcolcon.colcon_core.package_identification[0m [1;30mLevel 1[0m _identify(src/melfa_ros2_driver/melfa_moveit_config/melfa_rv80fr_moveit_config) by extensions ['ignore', 'ignore_ament_install']
[0.223s] [34mcolcon.colcon_core.package_identification[0m [1;30mLevel 1[0m _identify(src/melfa_ros2_driver/melfa_moveit_config/melfa_rv80fr_moveit_config) by extension 'ignore'
[0.223s] [34mcolcon.colcon_core.package_identification[0m [1;30mLevel 1[0m _identify(src/melfa_ros2_driver/melfa_moveit_config/melfa_rv80fr_moveit_config) by extension 'ignore_ament_install'
[0.223s] [34mcolcon.colcon_core.package_identification[0m [1;30mLevel 1[0m _identify(src/melfa_ros2_driver/melfa_moveit_config/melfa_rv80fr_moveit_config) by extensions ['colcon_pkg']
[0.223s] [34mcolcon.colcon_core.package_identification[0m [1;30mLevel 1[0m _identify(src/melfa_ros2_driver/melfa_moveit_config/melfa_rv80fr_moveit_config) by extension 'colcon_pkg'
[0.223s] [34mcolcon.colcon_core.package_identification[0m [1;30mLevel 1[0m _identify(src/melfa_ros2_driver/melfa_moveit_config/melfa_rv80fr_moveit_config) by extensions ['colcon_meta']
[0.223s] [34mcolcon.colcon_core.package_identification[0m [1;30mLevel 1[0m _identify(src/melfa_ros2_driver/melfa_moveit_config/melfa_rv80fr_moveit_config) by extension 'colcon_meta'
[0.223s] [34mcolcon.colcon_core.package_identification[0m [1;30mLevel 1[0m _identify(src/melfa_ros2_driver/melfa_moveit_config/melfa_rv80fr_moveit_config) by extensions ['ros']
[0.223s] [34mcolcon.colcon_core.package_identification[0m [1;30mLevel 1[0m _identify(src/melfa_ros2_driver/melfa_moveit_config/melfa_rv80fr_moveit_config) by extension 'ros'
[0.224s] [34mcolcon.colcon_core.package_identification[0m [1;30mDEBUG[0m [32mPackage 'src/melfa_ros2_driver/melfa_moveit_config/melfa_rv80fr_moveit_config' with type 'ros.ament_cmake' and name 'melfa_rv80fr_moveit_config'[0m
[0.224s] [34mcolcon.colcon_core.package_identification[0m [1;30mLevel 1[0m _identify(src/melfa_ros2_driver/melfa_moveit_config/melfa_rv8crl_moveit_config) by extensions ['ignore', 'ignore_ament_install']
[0.224s] [34mcolcon.colcon_core.package_identification[0m [1;30mLevel 1[0m _identify(src/melfa_ros2_driver/melfa_moveit_config/melfa_rv8crl_moveit_config) by extension 'ignore'
[0.224s] [34mcolcon.colcon_core.package_identification[0m [1;30mLevel 1[0m _identify(src/melfa_ros2_driver/melfa_moveit_config/melfa_rv8crl_moveit_config) by extension 'ignore_ament_install'
[0.224s] [34mcolcon.colcon_core.package_identification[0m [1;30mLevel 1[0m _identify(src/melfa_ros2_driver/melfa_moveit_config/melfa_rv8crl_moveit_config) by extensions ['colcon_pkg']
[0.224s] [34mcolcon.colcon_core.package_identification[0m [1;30mLevel 1[0m _identify(src/melfa_ros2_driver/melfa_moveit_config/melfa_rv8crl_moveit_config) by extension 'colcon_pkg'
[0.224s] [34mcolcon.colcon_core.package_identification[0m [1;30mLevel 1[0m _identify(src/melfa_ros2_driver/melfa_moveit_config/melfa_rv8crl_moveit_config) by extensions ['colcon_meta']
[0.224s] [34mcolcon.colcon_core.package_identification[0m [1;30mLevel 1[0m _identify(src/melfa_ros2_driver/melfa_moveit_config/melfa_rv8crl_moveit_config) by extension 'colcon_meta'
[0.224s] [34mcolcon.colcon_core.package_identification[0m [1;30mLevel 1[0m _identify(src/melfa_ros2_driver/melfa_moveit_config/melfa_rv8crl_moveit_config) by extensions ['ros']
[0.224s] [34mcolcon.colcon_core.package_identification[0m [1;30mLevel 1[0m _identify(src/melfa_ros2_driver/melfa_moveit_config/melfa_rv8crl_moveit_config) by extension 'ros'
[0.225s] [34mcolcon.colcon_core.package_identification[0m [1;30mDEBUG[0m [32mPackage 'src/melfa_ros2_driver/melfa_moveit_config/melfa_rv8crl_moveit_config' with type 'ros.ament_cmake' and name 'melfa_rv8crl_moveit_config'[0m
[0.225s] [34mcolcon.colcon_core.package_identification[0m [1;30mLevel 1[0m _identify(src/melfa_ros2_driver/melfa_msgs) by extensions ['ignore', 'ignore_ament_install']
[0.225s] [34mcolcon.colcon_core.package_identification[0m [1;30mLevel 1[0m _identify(src/melfa_ros2_driver/melfa_msgs) by extension 'ignore'
[0.225s] [34mcolcon.colcon_core.package_identification[0m [1;30mLevel 1[0m _identify(src/melfa_ros2_driver/melfa_msgs) by extension 'ignore_ament_install'
[0.225s] [34mcolcon.colcon_core.package_identification[0m [1;30mLevel 1[0m _identify(src/melfa_ros2_driver/melfa_msgs) by extensions ['colcon_pkg']
[0.225s] [34mcolcon.colcon_core.package_identification[0m [1;30mLevel 1[0m _identify(src/melfa_ros2_driver/melfa_msgs) by extension 'colcon_pkg'
[0.225s] [34mcolcon.colcon_core.package_identification[0m [1;30mLevel 1[0m _identify(src/melfa_ros2_driver/melfa_msgs) by extensions ['colcon_meta']
[0.225s] [34mcolcon.colcon_core.package_identification[0m [1;30mLevel 1[0m _identify(src/melfa_ros2_driver/melfa_msgs) by extension 'colcon_meta'
[0.225s] [34mcolcon.colcon_core.package_identification[0m [1;30mLevel 1[0m _identify(src/melfa_ros2_driver/melfa_msgs) by extensions ['ros']
[0.225s] [34mcolcon.colcon_core.package_identification[0m [1;30mLevel 1[0m _identify(src/melfa_ros2_driver/melfa_msgs) by extension 'ros'
[0.225s] [34mcolcon.colcon_core.package_identification[0m [1;30mDEBUG[0m [32mPackage 'src/melfa_ros2_driver/melfa_msgs' with type 'ros.ament_cmake' and name 'melfa_msgs'[0m
[0.225s] [34mcolcon.colcon_core.package_identification[0m [1;30mLevel 1[0m _identify(src/milf_on_top) by extensions ['ignore', 'ignore_ament_install']
[0.225s] [34mcolcon.colcon_core.package_identification[0m [1;30mLevel 1[0m _identify(src/milf_on_top) by extension 'ignore'
[0.225s] [34mcolcon.colcon_core.package_identification[0m [1;30mLevel 1[0m _identify(src/milf_on_top) by extension 'ignore_ament_install'
[0.225s] [34mcolcon.colcon_core.package_identification[0m [1;30mLevel 1[0m _identify(src/milf_on_top) by extensions ['colcon_pkg']
[0.225s] [34mcolcon.colcon_core.package_identification[0m [1;30mLevel 1[0m _identify(src/milf_on_top) by extension 'colcon_pkg'
[0.225s] [34mcolcon.colcon_core.package_identification[0m [1;30mLevel 1[0m _identify(src/milf_on_top) by extensions ['colcon_meta']
[0.225s] [34mcolcon.colcon_core.package_identification[0m [1;30mLevel 1[0m _identify(src/milf_on_top) by extension 'colcon_meta'
[0.225s] [34mcolcon.colcon_core.package_identification[0m [1;30mLevel 1[0m _identify(src/milf_on_top) by extensions ['ros']
[0.225s] [34mcolcon.colcon_core.package_identification[0m [1;30mLevel 1[0m _identify(src/milf_on_top) by extension 'ros'
[0.226s] [34mcolcon.colcon_core.package_identification[0m [1;30mDEBUG[0m [32mPackage 'src/milf_on_top' with type 'ros.ament_python' and name 'milf_on_top'[0m
[0.226s] [34mcolcon.colcon_core.package_identification[0m [1;30mLevel 1[0m _identify(src/xacro) by extensions ['ignore', 'ignore_ament_install']
[0.226s] [34mcolcon.colcon_core.package_identification[0m [1;30mLevel 1[0m _identify(src/xacro) by extension 'ignore'
[0.226s] [34mcolcon.colcon_core.package_identification[0m [1;30mLevel 1[0m _identify(src/xacro) by extension 'ignore_ament_install'
[0.226s] [34mcolcon.colcon_core.package_identification[0m [1;30mLevel 1[0m _identify(src/xacro) by extensions ['colcon_pkg']
[0.226s] [34mcolcon.colcon_core.package_identification[0m [1;30mLevel 1[0m _identify(src/xacro) by extension 'colcon_pkg'
[0.226s] [34mcolcon.colcon_core.package_identification[0m [1;30mLevel 1[0m _identify(src/xacro) by extensions ['colcon_meta']
[0.226s] [34mcolcon.colcon_core.package_identification[0m [1;30mLevel 1[0m _identify(src/xacro) by extension 'colcon_meta'
[0.226s] [34mcolcon.colcon_core.package_identification[0m [1;30mLevel 1[0m _identify(src/xacro) by extensions ['ros']
[0.226s] [34mcolcon.colcon_core.package_identification[0m [1;30mLevel 1[0m _identify(src/xacro) by extension 'ros'
[0.227s] [34mcolcon.colcon_core.package_identification[0m [1;30mDEBUG[0m [32mPackage 'src/xacro' with type 'ros.ament_cmake' and name 'xacro'[0m
[0.227s] [34mcolcon.colcon_core.package_discovery[0m [1;30mLevel 1[0m discover_packages(recursive) using defaults
[0.227s] [34mcolcon.colcon_core.package_discovery[0m [1;30mLevel 1[0m discover_packages(ignore) discover
[0.227s] [34mcolcon.colcon_core.package_discovery[0m [1;30mLevel 1[0m discover_packages(ignore) using defaults
[0.227s] [34mcolcon.colcon_core.package_discovery[0m [1;30mLevel 1[0m discover_packages(path) discover
[0.227s] [34mcolcon.colcon_core.package_discovery[0m [1;30mLevel 1[0m discover_packages(path) using defaults
[0.242s] [34mcolcon.colcon_metadata.metadata.colcon_pkg[0m [1;30mINFO[0m Updating descriptor of package 'src/xacro' from colcon.pkg: {'hooks': ['share/xacro/environment/completion.bash']}
[0.253s] [34mcolcon.colcon_core.package_discovery[0m [1;30mLevel 1[0m discover_packages(prefix_path) check parameters
[0.254s] [34mcolcon.colcon_core.package_discovery[0m [1;30mLevel 1[0m discover_packages(prefix_path) discover
[0.256s] [34mcolcon.colcon_installed_package_information.package_discovery[0m [1;30mDEBUG[0m [32mFound 1 installed packages in /home/ram/cognipilot/electrode/install[0m
[0.257s] [34mcolcon.colcon_installed_package_information.package_discovery[0m [1;30mDEBUG[0m [32mFound 16 installed packages in /home/ram/cognipilot/cranium/install[0m
[0.258s] [34mcolcon.colcon_installed_package_information.package_discovery[0m [1;30mDEBUG[0m [32mFound 482 installed packages in /opt/ros/humble[0m
[0.259s] [34mcolcon.colcon_core.package_discovery[0m [1;30mLevel 1[0m discover_packages(prefix_path) using defaults
[0.292s] [34mcolcon.colcon_core.package_selection[0m [1;30mWARNING[0m [33mSome selected packages are already built in one or more underlay workspaces:
	'xacro' is in: /opt/ros/humble
If a package in a merged underlay workspace is overridden and it installs headers, then all packages in the overlay must sort their include directories by workspace order. Failure to do so may result in build failures or undefined behavior at run time.
If the overridden package is used by another package in any underlay, then the overriding package in the overlay must be API and ABI compatible or undefined behavior at run time may occur.

If you understand the risks and want to override a package anyways, add the following to the command line:
	--allow-overriding xacro

This may be promoted to an error in a future release of colcon-override-check.[0m
[0.293s] [34mcolcon.colcon_core.verb[0m [1;30mLevel 5[0m set package 'melfa_msgs' build argument 'cmake_args' from command line to 'None'
[0.293s] [34mcolcon.colcon_core.verb[0m [1;30mLevel 5[0m set package 'melfa_msgs' build argument 'cmake_target' from command line to 'None'
[0.293s] [34mcolcon.colcon_core.verb[0m [1;30mLevel 5[0m set package 'melfa_msgs' build argument 'cmake_target_skip_unavailable' from command line to 'False'
[0.293s] [34mcolcon.colcon_core.verb[0m [1;30mLevel 5[0m set package 'melfa_msgs' build argument 'cmake_clean_cache' from command line to 'False'
[0.293s] [34mcolcon.colcon_core.verb[0m [1;30mLevel 5[0m set package 'melfa_msgs' build argument 'cmake_clean_first' from command line to 'False'
[0.293s] [34mcolcon.colcon_core.verb[0m [1;30mLevel 5[0m set package 'melfa_msgs' build argument 'cmake_force_configure' from command line to 'False'
[0.293s] [34mcolcon.colcon_core.verb[0m [1;30mLevel 5[0m set package 'melfa_msgs' build argument 'ament_cmake_args' from command line to 'None'
[0.293s] [34mcolcon.colcon_core.verb[0m [1;30mLevel 5[0m set package 'melfa_msgs' build argument 'catkin_cmake_args' from command line to 'None'
[0.293s] [34mcolcon.colcon_core.verb[0m [1;30mLevel 5[0m set package 'melfa_msgs' build argument 'catkin_skip_building_tests' from command line to 'False'
[0.293s] [34mcolcon.colcon_core.verb[0m [1;30mDEBUG[0m [32mBuilding package 'melfa_msgs' with the following arguments: {'ament_cmake_args': None, 'build_base': '/home/ram/melfa_ros2/build/melfa_msgs', 'catkin_cmake_args': None, 'catkin_skip_building_tests': False, 'cmake_args': None, 'cmake_clean_cache': False, 'cmake_clean_first': False, 'cmake_force_configure': False, 'cmake_target': None, 'cmake_target_skip_unavailable': False, 'install_base': '/home/ram/melfa_ros2/install/melfa_msgs', 'merge_install': False, 'path': '/home/ram/melfa_ros2/src/melfa_ros2_driver/melfa_msgs', 'symlink_install': False, 'test_result_base': None}[0m
[0.293s] [34mcolcon.colcon_core.verb[0m [1;30mLevel 5[0m set package 'milf_on_top' build argument 'cmake_args' from command line to 'None'
[0.293s] [34mcolcon.colcon_core.verb[0m [1;30mLevel 5[0m set package 'milf_on_top' build argument 'cmake_target' from command line to 'None'
[0.293s] [34mcolcon.colcon_core.verb[0m [1;30mLevel 5[0m set package 'milf_on_top' build argument 'cmake_target_skip_unavailable' from command line to 'False'
[0.293s] [34mcolcon.colcon_core.verb[0m [1;30mLevel 5[0m set package 'milf_on_top' build argument 'cmake_clean_cache' from command line to 'False'
[0.293s] [34mcolcon.colcon_core.verb[0m [1;30mLevel 5[0m set package 'milf_on_top' build argument 'cmake_clean_first' from command line to 'False'
[0.293s] [34mcolcon.colcon_core.verb[0m [1;30mLevel 5[0m set package 'milf_on_top' build argument 'cmake_force_configure' from command line to 'False'
[0.293s] [34mcolcon.colcon_core.verb[0m [1;30mLevel 5[0m set package 'milf_on_top' build argument 'ament_cmake_args' from command line to 'None'
[0.293s] [34mcolcon.colcon_core.verb[0m [1;30mLevel 5[0m set package 'milf_on_top' build argument 'catkin_cmake_args' from command line to 'None'
[0.293s] [34mcolcon.colcon_core.verb[0m [1;30mLevel 5[0m set package 'milf_on_top' build argument 'catkin_skip_building_tests' from command line to 'False'
[0.293s] [34mcolcon.colcon_core.verb[0m [1;30mDEBUG[0m [32mBuilding package 'milf_on_top' with the following arguments: {'ament_cmake_args': None, 'build_base': '/home/ram/melfa_ros2/build/milf_on_top', 'catkin_cmake_args': None, 'catkin_skip_building_tests': False, 'cmake_args': None, 'cmake_clean_cache': False, 'cmake_clean_first': False, 'cmake_force_configure': False, 'cmake_target': None, 'cmake_target_skip_unavailable': False, 'install_base': '/home/ram/melfa_ros2/install/milf_on_top', 'merge_install': False, 'path': '/home/ram/melfa_ros2/src/milf_on_top', 'symlink_install': False, 'test_result_base': None}[0m
[0.293s] [34mcolcon.colcon_core.verb[0m [1;30mLevel 5[0m set package 'xacro' build argument 'cmake_args' from command line to 'None'
[0.294s] [34mcolcon.colcon_core.verb[0m [1;30mLevel 5[0m set package 'xacro' build argument 'cmake_target' from command line to 'None'
[0.294s] [34mcolcon.colcon_core.verb[0m [1;30mLevel 5[0m set package 'xacro' build argument 'cmake_target_skip_unavailable' from command line to 'False'
[0.294s] [34mcolcon.colcon_core.verb[0m [1;30mLevel 5[0m set package 'xacro' build argument 'cmake_clean_cache' from command line to 'False'
[0.294s] [34mcolcon.colcon_core.verb[0m [1;30mLevel 5[0m set package 'xacro' build argument 'cmake_clean_first' from command line to 'False'
[0.294s] [34mcolcon.colcon_core.verb[0m [1;30mLevel 5[0m set package 'xacro' build argument 'cmake_force_configure' from command line to 'False'
[0.294s] [34mcolcon.colcon_core.verb[0m [1;30mLevel 5[0m set package 'xacro' build argument 'ament_cmake_args' from command line to 'None'
[0.294s] [34mcolcon.colcon_core.verb[0m [1;30mLevel 5[0m set package 'xacro' build argument 'catkin_cmake_args' from command line to 'None'
[0.294s] [34mcolcon.colcon_core.verb[0m [1;30mLevel 5[0m set package 'xacro' build argument 'catkin_skip_building_tests' from command line to 'False'
[0.294s] [34mcolcon.colcon_core.verb[0m [1;30mDEBUG[0m [32mBuilding package 'xacro' with the following arguments: {'ament_cmake_args': None, 'build_base': '/home/ram/melfa_ros2/build/xacro', 'catkin_cmake_args': None, 'catkin_skip_building_tests': False, 'cmake_args': None, 'cmake_clean_cache': False, 'cmake_clean_first': False, 'cmake_force_configure': False, 'cmake_target': None, 'cmake_target_skip_unavailable': False, 'install_base': '/home/ram/melfa_ros2/install/xacro', 'merge_install': False, 'path': '/home/ram/melfa_ros2/src/xacro', 'symlink_install': False, 'test_result_base': None}[0m
[0.294s] [34mcolcon.colcon_core.verb[0m [1;30mLevel 5[0m set package 'melfa_bringup' build argument 'cmake_args' from command line to 'None'
[0.294s] [34mcolcon.colcon_core.verb[0m [1;30mLevel 5[0m set package 'melfa_bringup' build argument 'cmake_target' from command line to 'None'
[0.294s] [34mcolcon.colcon_core.verb[0m [1;30mLevel 5[0m set package 'melfa_bringup' build argument 'cmake_target_skip_unavailable' from command line to 'False'
[0.294s] [34mcolcon.colcon_core.verb[0m [1;30mLevel 5[0m set package 'melfa_bringup' build argument 'cmake_clean_cache' from command line to 'False'
[0.294s] [34mcolcon.colcon_core.verb[0m [1;30mLevel 5[0m set package 'melfa_bringup' build argument 'cmake_clean_first' from command line to 'False'
[0.294s] [34mcolcon.colcon_core.verb[0m [1;30mLevel 5[0m set package 'melfa_bringup' build argument 'cmake_force_configure' from command line to 'False'
[0.294s] [34mcolcon.colcon_core.verb[0m [1;30mLevel 5[0m set package 'melfa_bringup' build argument 'ament_cmake_args' from command line to 'None'
[0.294s] [34mcolcon.colcon_core.verb[0m [1;30mLevel 5[0m set package 'melfa_bringup' build argument 'catkin_cmake_args' from command line to 'None'
[0.294s] [34mcolcon.colcon_core.verb[0m [1;30mLevel 5[0m set package 'melfa_bringup' build argument 'catkin_skip_building_tests' from command line to 'False'
[0.294s] [34mcolcon.colcon_core.verb[0m [1;30mDEBUG[0m [32mBuilding package 'melfa_bringup' with the following arguments: {'ament_cmake_args': None, 'build_base': '/home/ram/melfa_ros2/build/melfa_bringup', 'catkin_cmake_args': None, 'catkin_skip_building_tests': False, 'cmake_args': None, 'cmake_clean_cache': False, 'cmake_clean_first': False, 'cmake_force_configure': False, 'cmake_target': None, 'cmake_target_skip_unavailable': False, 'install_base': '/home/ram/melfa_ros2/install/melfa_bringup', 'merge_install': False, 'path': '/home/ram/melfa_ros2/src/melfa_ros2_driver/melfa_bringup', 'symlink_install': False, 'test_result_base': None}[0m
[0.294s] [34mcolcon.colcon_core.verb[0m [1;30mLevel 5[0m set package 'melfa_description' build argument 'cmake_args' from command line to 'None'
[0.294s] [34mcolcon.colcon_core.verb[0m [1;30mLevel 5[0m set package 'melfa_description' build argument 'cmake_target' from command line to 'None'
[0.294s] [34mcolcon.colcon_core.verb[0m [1;30mLevel 5[0m set package 'melfa_description' build argument 'cmake_target_skip_unavailable' from command line to 'False'
[0.294s] [34mcolcon.colcon_core.verb[0m [1;30mLevel 5[0m set package 'melfa_description' build argument 'cmake_clean_cache' from command line to 'False'
[0.294s] [34mcolcon.colcon_core.verb[0m [1;30mLevel 5[0m set package 'melfa_description' build argument 'cmake_clean_first' from command line to 'False'
[0.294s] [34mcolcon.colcon_core.verb[0m [1;30mLevel 5[0m set package 'melfa_description' build argument 'cmake_force_configure' from command line to 'False'
[0.294s] [34mcolcon.colcon_core.verb[0m [1;30mLevel 5[0m set package 'melfa_description' build argument 'ament_cmake_args' from command line to 'None'
[0.294s] [34mcolcon.colcon_core.verb[0m [1;30mLevel 5[0m set package 'melfa_description' build argument 'catkin_cmake_args' from command line to 'None'
[0.294s] [34mcolcon.colcon_core.verb[0m [1;30mLevel 5[0m set package 'melfa_description' build argument 'catkin_skip_building_tests' from command line to 'False'
[0.294s] [34mcolcon.colcon_core.verb[0m [1;30mDEBUG[0m [32mBuilding package 'melfa_description' with the following arguments: {'ament_cmake_args': None, 'build_base': '/home/ram/melfa_ros2/build/melfa_description', 'catkin_cmake_args': None, 'catkin_skip_building_tests': False, 'cmake_args': None, 'cmake_clean_cache': False, 'cmake_clean_first': False, 'cmake_force_configure': False, 'cmake_target': None, 'cmake_target_skip_unavailable': False, 'install_base': '/home/ram/melfa_ros2/install/melfa_description', 'merge_install': False, 'path': '/home/ram/melfa_ros2/src/melfa_ros2_driver/melfa_description', 'symlink_install': False, 'test_result_base': None}[0m
[0.294s] [34mcolcon.colcon_core.verb[0m [1;30mLevel 5[0m set package 'melfa_io_controllers' build argument 'cmake_args' from command line to 'None'
[0.294s] [34mcolcon.colcon_core.verb[0m [1;30mLevel 5[0m set package 'melfa_io_controllers' build argument 'cmake_target' from command line to 'None'
[0.294s] [34mcolcon.colcon_core.verb[0m [1;30mLevel 5[0m set package 'melfa_io_controllers' build argument 'cmake_target_skip_unavailable' from command line to 'False'
[0.294s] [34mcolcon.colcon_core.verb[0m [1;30mLevel 5[0m set package 'melfa_io_controllers' build argument 'cmake_clean_cache' from command line to 'False'
[0.294s] [34mcolcon.colcon_core.verb[0m [1;30mLevel 5[0m set package 'melfa_io_controllers' build argument 'cmake_clean_first' from command line to 'False'
[0.294s] [34mcolcon.colcon_core.verb[0m [1;30mLevel 5[0m set package 'melfa_io_controllers' build argument 'cmake_force_configure' from command line to 'False'
[0.294s] [34mcolcon.colcon_core.verb[0m [1;30mLevel 5[0m set package 'melfa_io_controllers' build argument 'ament_cmake_args' from command line to 'None'
[0.294s] [34mcolcon.colcon_core.verb[0m [1;30mLevel 5[0m set package 'melfa_io_controllers' build argument 'catkin_cmake_args' from command line to 'None'
[0.294s] [34mcolcon.colcon_core.verb[0m [1;30mLevel 5[0m set package 'melfa_io_controllers' build argument 'catkin_skip_building_tests' from command line to 'False'
[0.294s] [34mcolcon.colcon_core.verb[0m [1;30mDEBUG[0m [32mBuilding package 'melfa_io_controllers' with the following arguments: {'ament_cmake_args': None, 'build_base': '/home/ram/melfa_ros2/build/melfa_io_controllers', 'catkin_cmake_args': None, 'catkin_skip_building_tests': False, 'cmake_args': None, 'cmake_clean_cache': False, 'cmake_clean_first': False, 'cmake_force_configure': False, 'cmake_target': None, 'cmake_target_skip_unavailable': False, 'install_base': '/home/ram/melfa_ros2/install/melfa_io_controllers', 'merge_install': False, 'path': '/home/ram/melfa_ros2/src/melfa_ros2_driver/melfa_io_controllers', 'symlink_install': False, 'test_result_base': None}[0m
[0.295s] [34mcolcon.colcon_core.verb[0m [1;30mLevel 5[0m set package 'melfa_driver' build argument 'cmake_args' from command line to 'None'
[0.295s] [34mcolcon.colcon_core.verb[0m [1;30mLevel 5[0m set package 'melfa_driver' build argument 'cmake_target' from command line to 'None'
[0.295s] [34mcolcon.colcon_core.verb[0m [1;30mLevel 5[0m set package 'melfa_driver' build argument 'cmake_target_skip_unavailable' from command line to 'False'
[0.295s] [34mcolcon.colcon_core.verb[0m [1;30mLevel 5[0m set package 'melfa_driver' build argument 'cmake_clean_cache' from command line to 'False'
[0.295s] [34mcolcon.colcon_core.verb[0m [1;30mLevel 5[0m set package 'melfa_driver' build argument 'cmake_clean_first' from command line to 'False'
[0.295s] [34mcolcon.colcon_core.verb[0m [1;30mLevel 5[0m set package 'melfa_driver' build argument 'cmake_force_configure' from command line to 'False'
[0.295s] [34mcolcon.colcon_core.verb[0m [1;30mLevel 5[0m set package 'melfa_driver' build argument 'ament_cmake_args' from command line to 'None'
[0.295s] [34mcolcon.colcon_core.verb[0m [1;30mLevel 5[0m set package 'melfa_driver' build argument 'catkin_cmake_args' from command line to 'None'
[0.295s] [34mcolcon.colcon_core.verb[0m [1;30mLevel 5[0m set package 'melfa_driver' build argument 'catkin_skip_building_tests' from command line to 'False'
[0.295s] [34mcolcon.colcon_core.verb[0m [1;30mDEBUG[0m [32mBuilding package 'melfa_driver' with the following arguments: {'ament_cmake_args': None, 'build_base': '/home/ram/melfa_ros2/build/melfa_driver', 'catkin_cmake_args': None, 'catkin_skip_building_tests': False, 'cmake_args': None, 'cmake_clean_cache': False, 'cmake_clean_first': False, 'cmake_force_configure': False, 'cmake_target': None, 'cmake_target_skip_unavailable': False, 'install_base': '/home/ram/melfa_ros2/install/melfa_driver', 'merge_install': False, 'path': '/home/ram/melfa_ros2/src/melfa_ros2_driver/melfa_driver', 'symlink_install': False, 'test_result_base': None}[0m
[0.295s] [34mcolcon.colcon_core.verb[0m [1;30mLevel 5[0m set package 'melfa_rh6crh6020_moveit_config' build argument 'cmake_args' from command line to 'None'
[0.295s] [34mcolcon.colcon_core.verb[0m [1;30mLevel 5[0m set package 'melfa_rh6crh6020_moveit_config' build argument 'cmake_target' from command line to 'None'
[0.295s] [34mcolcon.colcon_core.verb[0m [1;30mLevel 5[0m set package 'melfa_rh6crh6020_moveit_config' build argument 'cmake_target_skip_unavailable' from command line to 'False'
[0.295s] [34mcolcon.colcon_core.verb[0m [1;30mLevel 5[0m set package 'melfa_rh6crh6020_moveit_config' build argument 'cmake_clean_cache' from command line to 'False'
[0.295s] [34mcolcon.colcon_core.verb[0m [1;30mLevel 5[0m set package 'melfa_rh6crh6020_moveit_config' build argument 'cmake_clean_first' from command line to 'False'
[0.295s] [34mcolcon.colcon_core.verb[0m [1;30mLevel 5[0m set package 'melfa_rh6crh6020_moveit_config' build argument 'cmake_force_configure' from command line to 'False'
[0.295s] [34mcolcon.colcon_core.verb[0m [1;30mLevel 5[0m set package 'melfa_rh6crh6020_moveit_config' build argument 'ament_cmake_args' from command line to 'None'
[0.295s] [34mcolcon.colcon_core.verb[0m [1;30mLevel 5[0m set package 'melfa_rh6crh6020_moveit_config' build argument 'catkin_cmake_args' from command line to 'None'
[0.295s] [34mcolcon.colcon_core.verb[0m [1;30mLevel 5[0m set package 'melfa_rh6crh6020_moveit_config' build argument 'catkin_skip_building_tests' from command line to 'False'
[0.295s] [34mcolcon.colcon_core.verb[0m [1;30mDEBUG[0m [32mBuilding package 'melfa_rh6crh6020_moveit_config' with the following arguments: {'ament_cmake_args': None, 'build_base': '/home/ram/melfa_ros2/build/melfa_rh6crh6020_moveit_config', 'catkin_cmake_args': None, 'catkin_skip_building_tests': False, 'cmake_args': None, 'cmake_clean_cache': False, 'cmake_clean_first': False, 'cmake_force_configure': False, 'cmake_target': None, 'cmake_target_skip_unavailable': False, 'install_base': '/home/ram/melfa_ros2/install/melfa_rh6crh6020_moveit_config', 'merge_install': False, 'path': '/home/ram/melfa_ros2/src/melfa_ros2_driver/melfa_moveit_config/melfa_rh6crh6020_moveit_config', 'symlink_install': False, 'test_result_base': None}[0m
[0.295s] [34mcolcon.colcon_core.verb[0m [1;30mLevel 5[0m set package 'melfa_rh6frh5520_moveit_config' build argument 'cmake_args' from command line to 'None'
[0.295s] [34mcolcon.colcon_core.verb[0m [1;30mLevel 5[0m set package 'melfa_rh6frh5520_moveit_config' build argument 'cmake_target' from command line to 'None'
[0.295s] [34mcolcon.colcon_core.verb[0m [1;30mLevel 5[0m set package 'melfa_rh6frh5520_moveit_config' build argument 'cmake_target_skip_unavailable' from command line to 'False'
[0.295s] [34mcolcon.colcon_core.verb[0m [1;30mLevel 5[0m set package 'melfa_rh6frh5520_moveit_config' build argument 'cmake_clean_cache' from command line to 'False'
[0.295s] [34mcolcon.colcon_core.verb[0m [1;30mLevel 5[0m set package 'melfa_rh6frh5520_moveit_config' build argument 'cmake_clean_first' from command line to 'False'
[0.295s] [34mcolcon.colcon_core.verb[0m [1;30mLevel 5[0m set package 'melfa_rh6frh5520_moveit_config' build argument 'cmake_force_configure' from command line to 'False'
[0.295s] [34mcolcon.colcon_core.verb[0m [1;30mLevel 5[0m set package 'melfa_rh6frh5520_moveit_config' build argument 'ament_cmake_args' from command line to 'None'
[0.295s] [34mcolcon.colcon_core.verb[0m [1;30mLevel 5[0m set package 'melfa_rh6frh5520_moveit_config' build argument 'catkin_cmake_args' from command line to 'None'
[0.295s] [34mcolcon.colcon_core.verb[0m [1;30mLevel 5[0m set package 'melfa_rh6frh5520_moveit_config' build argument 'catkin_skip_building_tests' from command line to 'False'
[0.295s] [34mcolcon.colcon_core.verb[0m [1;30mDEBUG[0m [32mBuilding package 'melfa_rh6frh5520_moveit_config' with the following arguments: {'ament_cmake_args': None, 'build_base': '/home/ram/melfa_ros2/build/melfa_rh6frh5520_moveit_config', 'catkin_cmake_args': None, 'catkin_skip_building_tests': False, 'cmake_args': None, 'cmake_clean_cache': False, 'cmake_clean_first': False, 'cmake_force_configure': False, 'cmake_target': None, 'cmake_target_skip_unavailable': False, 'install_base': '/home/ram/melfa_ros2/install/melfa_rh6frh5520_moveit_config', 'merge_install': False, 'path': '/home/ram/melfa_ros2/src/melfa_ros2_driver/melfa_moveit_config/melfa_rh6frh5520_moveit_config', 'symlink_install': False, 'test_result_base': None}[0m
[0.295s] [34mcolcon.colcon_core.verb[0m [1;30mLevel 5[0m set package 'melfa_rv13frl_moveit_config' build argument 'cmake_args' from command line to 'None'
[0.295s] [34mcolcon.colcon_core.verb[0m [1;30mLevel 5[0m set package 'melfa_rv13frl_moveit_config' build argument 'cmake_target' from command line to 'None'
[0.295s] [34mcolcon.colcon_core.verb[0m [1;30mLevel 5[0m set package 'melfa_rv13frl_moveit_config' build argument 'cmake_target_skip_unavailable' from command line to 'False'
[0.295s] [34mcolcon.colcon_core.verb[0m [1;30mLevel 5[0m set package 'melfa_rv13frl_moveit_config' build argument 'cmake_clean_cache' from command line to 'False'
[0.295s] [34mcolcon.colcon_core.verb[0m [1;30mLevel 5[0m set package 'melfa_rv13frl_moveit_config' build argument 'cmake_clean_first' from command line to 'False'
[0.295s] [34mcolcon.colcon_core.verb[0m [1;30mLevel 5[0m set package 'melfa_rv13frl_moveit_config' build argument 'cmake_force_configure' from command line to 'False'
[0.296s] [34mcolcon.colcon_core.verb[0m [1;30mLevel 5[0m set package 'melfa_rv13frl_moveit_config' build argument 'ament_cmake_args' from command line to 'None'
[0.296s] [34mcolcon.colcon_core.verb[0m [1;30mLevel 5[0m set package 'melfa_rv13frl_moveit_config' build argument 'catkin_cmake_args' from command line to 'None'
[0.296s] [34mcolcon.colcon_core.verb[0m [1;30mLevel 5[0m set package 'melfa_rv13frl_moveit_config' build argument 'catkin_skip_building_tests' from command line to 'False'
[0.296s] [34mcolcon.colcon_core.verb[0m [1;30mDEBUG[0m [32mBuilding package 'melfa_rv13frl_moveit_config' with the following arguments: {'ament_cmake_args': None, 'build_base': '/home/ram/melfa_ros2/build/melfa_rv13frl_moveit_config', 'catkin_cmake_args': None, 'catkin_skip_building_tests': False, 'cmake_args': None, 'cmake_clean_cache': False, 'cmake_clean_first': False, 'cmake_force_configure': False, 'cmake_target': None, 'cmake_target_skip_unavailable': False, 'install_base': '/home/ram/melfa_ros2/install/melfa_rv13frl_moveit_config', 'merge_install': False, 'path': '/home/ram/melfa_ros2/src/melfa_ros2_driver/melfa_moveit_config/melfa_rv13frl_moveit_config', 'symlink_install': False, 'test_result_base': None}[0m
[0.296s] [34mcolcon.colcon_core.verb[0m [1;30mLevel 5[0m set package 'melfa_rv2fr_moveit_config' build argument 'cmake_args' from command line to 'None'
[0.296s] [34mcolcon.colcon_core.verb[0m [1;30mLevel 5[0m set package 'melfa_rv2fr_moveit_config' build argument 'cmake_target' from command line to 'None'
[0.296s] [34mcolcon.colcon_core.verb[0m [1;30mLevel 5[0m set package 'melfa_rv2fr_moveit_config' build argument 'cmake_target_skip_unavailable' from command line to 'False'
[0.296s] [34mcolcon.colcon_core.verb[0m [1;30mLevel 5[0m set package 'melfa_rv2fr_moveit_config' build argument 'cmake_clean_cache' from command line to 'False'
[0.296s] [34mcolcon.colcon_core.verb[0m [1;30mLevel 5[0m set package 'melfa_rv2fr_moveit_config' build argument 'cmake_clean_first' from command line to 'False'
[0.296s] [34mcolcon.colcon_core.verb[0m [1;30mLevel 5[0m set package 'melfa_rv2fr_moveit_config' build argument 'cmake_force_configure' from command line to 'False'
[0.296s] [34mcolcon.colcon_core.verb[0m [1;30mLevel 5[0m set package 'melfa_rv2fr_moveit_config' build argument 'ament_cmake_args' from command line to 'None'
[0.296s] [34mcolcon.colcon_core.verb[0m [1;30mLevel 5[0m set package 'melfa_rv2fr_moveit_config' build argument 'catkin_cmake_args' from command line to 'None'
[0.296s] [34mcolcon.colcon_core.verb[0m [1;30mLevel 5[0m set package 'melfa_rv2fr_moveit_config' build argument 'catkin_skip_building_tests' from command line to 'False'
[0.296s] [34mcolcon.colcon_core.verb[0m [1;30mDEBUG[0m [32mBuilding package 'melfa_rv2fr_moveit_config' with the following arguments: {'ament_cmake_args': None, 'build_base': '/home/ram/melfa_ros2/build/melfa_rv2fr_moveit_config', 'catkin_cmake_args': None, 'catkin_skip_building_tests': False, 'cmake_args': None, 'cmake_clean_cache': False, 'cmake_clean_first': False, 'cmake_force_configure': False, 'cmake_target': None, 'cmake_target_skip_unavailable': False, 'install_base': '/home/ram/melfa_ros2/install/melfa_rv2fr_moveit_config', 'merge_install': False, 'path': '/home/ram/melfa_ros2/src/melfa_ros2_driver/melfa_moveit_config/melfa_rv2fr_moveit_config', 'symlink_install': False, 'test_result_base': None}[0m
[0.296s] [34mcolcon.colcon_core.verb[0m [1;30mLevel 5[0m set package 'melfa_rv4fr_moveit_config' build argument 'cmake_args' from command line to 'None'
[0.296s] [34mcolcon.colcon_core.verb[0m [1;30mLevel 5[0m set package 'melfa_rv4fr_moveit_config' build argument 'cmake_target' from command line to 'None'
[0.296s] [34mcolcon.colcon_core.verb[0m [1;30mLevel 5[0m set package 'melfa_rv4fr_moveit_config' build argument 'cmake_target_skip_unavailable' from command line to 'False'
[0.296s] [34mcolcon.colcon_core.verb[0m [1;30mLevel 5[0m set package 'melfa_rv4fr_moveit_config' build argument 'cmake_clean_cache' from command line to 'False'
[0.296s] [34mcolcon.colcon_core.verb[0m [1;30mLevel 5[0m set package 'melfa_rv4fr_moveit_config' build argument 'cmake_clean_first' from command line to 'False'
[0.296s] [34mcolcon.colcon_core.verb[0m [1;30mLevel 5[0m set package 'melfa_rv4fr_moveit_config' build argument 'cmake_force_configure' from command line to 'False'
[0.296s] [34mcolcon.colcon_core.verb[0m [1;30mLevel 5[0m set package 'melfa_rv4fr_moveit_config' build argument 'ament_cmake_args' from command line to 'None'
[0.296s] [34mcolcon.colcon_core.verb[0m [1;30mLevel 5[0m set package 'melfa_rv4fr_moveit_config' build argument 'catkin_cmake_args' from command line to 'None'
[0.296s] [34mcolcon.colcon_core.verb[0m [1;30mLevel 5[0m set package 'melfa_rv4fr_moveit_config' build argument 'catkin_skip_building_tests' from command line to 'False'
[0.296s] [34mcolcon.colcon_core.verb[0m [1;30mDEBUG[0m [32mBuilding package 'melfa_rv4fr_moveit_config' with the following arguments: {'ament_cmake_args': None, 'build_base': '/home/ram/melfa_ros2/build/melfa_rv4fr_moveit_config', 'catkin_cmake_args': None, 'catkin_skip_building_tests': False, 'cmake_args': None, 'cmake_clean_cache': False, 'cmake_clean_first': False, 'cmake_force_configure': False, 'cmake_target': None, 'cmake_target_skip_unavailable': False, 'install_base': '/home/ram/melfa_ros2/install/melfa_rv4fr_moveit_config', 'merge_install': False, 'path': '/home/ram/melfa_ros2/src/melfa_ros2_driver/melfa_moveit_config/melfa_rv4fr_moveit_config', 'symlink_install': False, 'test_result_base': None}[0m
[0.296s] [34mcolcon.colcon_core.verb[0m [1;30mLevel 5[0m set package 'melfa_rv4frl_moveit_config' build argument 'cmake_args' from command line to 'None'
[0.296s] [34mcolcon.colcon_core.verb[0m [1;30mLevel 5[0m set package 'melfa_rv4frl_moveit_config' build argument 'cmake_target' from command line to 'None'
[0.296s] [34mcolcon.colcon_core.verb[0m [1;30mLevel 5[0m set package 'melfa_rv4frl_moveit_config' build argument 'cmake_target_skip_unavailable' from command line to 'False'
[0.296s] [34mcolcon.colcon_core.verb[0m [1;30mLevel 5[0m set package 'melfa_rv4frl_moveit_config' build argument 'cmake_clean_cache' from command line to 'False'
[0.296s] [34mcolcon.colcon_core.verb[0m [1;30mLevel 5[0m set package 'melfa_rv4frl_moveit_config' build argument 'cmake_clean_first' from command line to 'False'
[0.296s] [34mcolcon.colcon_core.verb[0m [1;30mLevel 5[0m set package 'melfa_rv4frl_moveit_config' build argument 'cmake_force_configure' from command line to 'False'
[0.296s] [34mcolcon.colcon_core.verb[0m [1;30mLevel 5[0m set package 'melfa_rv4frl_moveit_config' build argument 'ament_cmake_args' from command line to 'None'
[0.296s] [34mcolcon.colcon_core.verb[0m [1;30mLevel 5[0m set package 'melfa_rv4frl_moveit_config' build argument 'catkin_cmake_args' from command line to 'None'
[0.296s] [34mcolcon.colcon_core.verb[0m [1;30mLevel 5[0m set package 'melfa_rv4frl_moveit_config' build argument 'catkin_skip_building_tests' from command line to 'False'
[0.296s] [34mcolcon.colcon_core.verb[0m [1;30mDEBUG[0m [32mBuilding package 'melfa_rv4frl_moveit_config' with the following arguments: {'ament_cmake_args': None, 'build_base': '/home/ram/melfa_ros2/build/melfa_rv4frl_moveit_config', 'catkin_cmake_args': None, 'catkin_skip_building_tests': False, 'cmake_args': None, 'cmake_clean_cache': False, 'cmake_clean_first': False, 'cmake_force_configure': False, 'cmake_target': None, 'cmake_target_skip_unavailable': False, 'install_base': '/home/ram/melfa_ros2/install/melfa_rv4frl_moveit_config', 'merge_install': False, 'path': '/home/ram/melfa_ros2/src/melfa_ros2_driver/melfa_moveit_config/melfa_rv4frl_moveit_config', 'symlink_install': False, 'test_result_base': None}[0m
[0.297s] [34mcolcon.colcon_core.verb[0m [1;30mLevel 5[0m set package 'melfa_rv5as_moveit_config' build argument 'cmake_args' from command line to 'None'
[0.297s] [34mcolcon.colcon_core.verb[0m [1;30mLevel 5[0m set package 'melfa_rv5as_moveit_config' build argument 'cmake_target' from command line to 'None'
[0.297s] [34mcolcon.colcon_core.verb[0m [1;30mLevel 5[0m set package 'melfa_rv5as_moveit_config' build argument 'cmake_target_skip_unavailable' from command line to 'False'
[0.297s] [34mcolcon.colcon_core.verb[0m [1;30mLevel 5[0m set package 'melfa_rv5as_moveit_config' build argument 'cmake_clean_cache' from command line to 'False'
[0.297s] [34mcolcon.colcon_core.verb[0m [1;30mLevel 5[0m set package 'melfa_rv5as_moveit_config' build argument 'cmake_clean_first' from command line to 'False'
[0.297s] [34mcolcon.colcon_core.verb[0m [1;30mLevel 5[0m set package 'melfa_rv5as_moveit_config' build argument 'cmake_force_configure' from command line to 'False'
[0.297s] [34mcolcon.colcon_core.verb[0m [1;30mLevel 5[0m set package 'melfa_rv5as_moveit_config' build argument 'ament_cmake_args' from command line to 'None'
[0.297s] [34mcolcon.colcon_core.verb[0m [1;30mLevel 5[0m set package 'melfa_rv5as_moveit_config' build argument 'catkin_cmake_args' from command line to 'None'
[0.297s] [34mcolcon.colcon_core.verb[0m [1;30mLevel 5[0m set package 'melfa_rv5as_moveit_config' build argument 'catkin_skip_building_tests' from command line to 'False'
[0.297s] [34mcolcon.colcon_core.verb[0m [1;30mDEBUG[0m [32mBuilding package 'melfa_rv5as_moveit_config' with the following arguments: {'ament_cmake_args': None, 'build_base': '/home/ram/melfa_ros2/build/melfa_rv5as_moveit_config', 'catkin_cmake_args': None, 'catkin_skip_building_tests': False, 'cmake_args': None, 'cmake_clean_cache': False, 'cmake_clean_first': False, 'cmake_force_configure': False, 'cmake_target': None, 'cmake_target_skip_unavailable': False, 'install_base': '/home/ram/melfa_ros2/install/melfa_rv5as_moveit_config', 'merge_install': False, 'path': '/home/ram/melfa_ros2/src/melfa_ros2_driver/melfa_moveit_config/melfa_rv5as_moveit_config', 'symlink_install': False, 'test_result_base': None}[0m
[0.297s] [34mcolcon.colcon_core.verb[0m [1;30mLevel 5[0m set package 'melfa_rv7frl_moveit_config' build argument 'cmake_args' from command line to 'None'
[0.297s] [34mcolcon.colcon_core.verb[0m [1;30mLevel 5[0m set package 'melfa_rv7frl_moveit_config' build argument 'cmake_target' from command line to 'None'
[0.297s] [34mcolcon.colcon_core.verb[0m [1;30mLevel 5[0m set package 'melfa_rv7frl_moveit_config' build argument 'cmake_target_skip_unavailable' from command line to 'False'
[0.297s] [34mcolcon.colcon_core.verb[0m [1;30mLevel 5[0m set package 'melfa_rv7frl_moveit_config' build argument 'cmake_clean_cache' from command line to 'False'
[0.297s] [34mcolcon.colcon_core.verb[0m [1;30mLevel 5[0m set package 'melfa_rv7frl_moveit_config' build argument 'cmake_clean_first' from command line to 'False'
[0.297s] [34mcolcon.colcon_core.verb[0m [1;30mLevel 5[0m set package 'melfa_rv7frl_moveit_config' build argument 'cmake_force_configure' from command line to 'False'
[0.297s] [34mcolcon.colcon_core.verb[0m [1;30mLevel 5[0m set package 'melfa_rv7frl_moveit_config' build argument 'ament_cmake_args' from command line to 'None'
[0.297s] [34mcolcon.colcon_core.verb[0m [1;30mLevel 5[0m set package 'melfa_rv7frl_moveit_config' build argument 'catkin_cmake_args' from command line to 'None'
[0.297s] [34mcolcon.colcon_core.verb[0m [1;30mLevel 5[0m set package 'melfa_rv7frl_moveit_config' build argument 'catkin_skip_building_tests' from command line to 'False'
[0.297s] [34mcolcon.colcon_core.verb[0m [1;30mDEBUG[0m [32mBuilding package 'melfa_rv7frl_moveit_config' with the following arguments: {'ament_cmake_args': None, 'build_base': '/home/ram/melfa_ros2/build/melfa_rv7frl_moveit_config', 'catkin_cmake_args': None, 'catkin_skip_building_tests': False, 'cmake_args': None, 'cmake_clean_cache': False, 'cmake_clean_first': False, 'cmake_force_configure': False, 'cmake_target': None, 'cmake_target_skip_unavailable': False, 'install_base': '/home/ram/melfa_ros2/install/melfa_rv7frl_moveit_config', 'merge_install': False, 'path': '/home/ram/melfa_ros2/src/melfa_ros2_driver/melfa_moveit_config/melfa_rv7frl_moveit_config', 'symlink_install': False, 'test_result_base': None}[0m
[0.297s] [34mcolcon.colcon_core.verb[0m [1;30mLevel 5[0m set package 'melfa_rv80fr_moveit_config' build argument 'cmake_args' from command line to 'None'
[0.297s] [34mcolcon.colcon_core.verb[0m [1;30mLevel 5[0m set package 'melfa_rv80fr_moveit_config' build argument 'cmake_target' from command line to 'None'
[0.297s] [34mcolcon.colcon_core.verb[0m [1;30mLevel 5[0m set package 'melfa_rv80fr_moveit_config' build argument 'cmake_target_skip_unavailable' from command line to 'False'
[0.297s] [34mcolcon.colcon_core.verb[0m [1;30mLevel 5[0m set package 'melfa_rv80fr_moveit_config' build argument 'cmake_clean_cache' from command line to 'False'
[0.297s] [34mcolcon.colcon_core.verb[0m [1;30mLevel 5[0m set package 'melfa_rv80fr_moveit_config' build argument 'cmake_clean_first' from command line to 'False'
[0.297s] [34mcolcon.colcon_core.verb[0m [1;30mLevel 5[0m set package 'melfa_rv80fr_moveit_config' build argument 'cmake_force_configure' from command line to 'False'
[0.297s] [34mcolcon.colcon_core.verb[0m [1;30mLevel 5[0m set package 'melfa_rv80fr_moveit_config' build argument 'ament_cmake_args' from command line to 'None'
[0.297s] [34mcolcon.colcon_core.verb[0m [1;30mLevel 5[0m set package 'melfa_rv80fr_moveit_config' build argument 'catkin_cmake_args' from command line to 'None'
[0.297s] [34mcolcon.colcon_core.verb[0m [1;30mLevel 5[0m set package 'melfa_rv80fr_moveit_config' build argument 'catkin_skip_building_tests' from command line to 'False'
[0.297s] [34mcolcon.colcon_core.verb[0m [1;30mDEBUG[0m [32mBuilding package 'melfa_rv80fr_moveit_config' with the following arguments: {'ament_cmake_args': None, 'build_base': '/home/ram/melfa_ros2/build/melfa_rv80fr_moveit_config', 'catkin_cmake_args': None, 'catkin_skip_building_tests': False, 'cmake_args': None, 'cmake_clean_cache': False, 'cmake_clean_first': False, 'cmake_force_configure': False, 'cmake_target': None, 'cmake_target_skip_unavailable': False, 'install_base': '/home/ram/melfa_ros2/install/melfa_rv80fr_moveit_config', 'merge_install': False, 'path': '/home/ram/melfa_ros2/src/melfa_ros2_driver/melfa_moveit_config/melfa_rv80fr_moveit_config', 'symlink_install': False, 'test_result_base': None}[0m
[0.297s] [34mcolcon.colcon_core.verb[0m [1;30mLevel 5[0m set package 'melfa_rv8crl_moveit_config' build argument 'cmake_args' from command line to 'None'
[0.297s] [34mcolcon.colcon_core.verb[0m [1;30mLevel 5[0m set package 'melfa_rv8crl_moveit_config' build argument 'cmake_target' from command line to 'None'
[0.297s] [34mcolcon.colcon_core.verb[0m [1;30mLevel 5[0m set package 'melfa_rv8crl_moveit_config' build argument 'cmake_target_skip_unavailable' from command line to 'False'
[0.297s] [34mcolcon.colcon_core.verb[0m [1;30mLevel 5[0m set package 'melfa_rv8crl_moveit_config' build argument 'cmake_clean_cache' from command line to 'False'
[0.297s] [34mcolcon.colcon_core.verb[0m [1;30mLevel 5[0m set package 'melfa_rv8crl_moveit_config' build argument 'cmake_clean_first' from command line to 'False'
[0.297s] [34mcolcon.colcon_core.verb[0m [1;30mLevel 5[0m set package 'melfa_rv8crl_moveit_config' build argument 'cmake_force_configure' from command line to 'False'
[0.297s] [34mcolcon.colcon_core.verb[0m [1;30mLevel 5[0m set package 'melfa_rv8crl_moveit_config' build argument 'ament_cmake_args' from command line to 'None'
[0.297s] [34mcolcon.colcon_core.verb[0m [1;30mLevel 5[0m set package 'melfa_rv8crl_moveit_config' build argument 'catkin_cmake_args' from command line to 'None'
[0.297s] [34mcolcon.colcon_core.verb[0m [1;30mLevel 5[0m set package 'melfa_rv8crl_moveit_config' build argument 'catkin_skip_building_tests' from command line to 'False'
[0.297s] [34mcolcon.colcon_core.verb[0m [1;30mDEBUG[0m [32mBuilding package 'melfa_rv8crl_moveit_config' with the following arguments: {'ament_cmake_args': None, 'build_base': '/home/ram/melfa_ros2/build/melfa_rv8crl_moveit_config', 'catkin_cmake_args': None, 'catkin_skip_building_tests': False, 'cmake_args': None, 'cmake_clean_cache': False, 'cmake_clean_first': False, 'cmake_force_configure': False, 'cmake_target': None, 'cmake_target_skip_unavailable': False, 'install_base': '/home/ram/melfa_ros2/install/melfa_rv8crl_moveit_config', 'merge_install': False, 'path': '/home/ram/melfa_ros2/src/melfa_ros2_driver/melfa_moveit_config/melfa_rv8crl_moveit_config', 'symlink_install': False, 'test_result_base': None}[0m
[0.298s] [34mcolcon.colcon_core.executor[0m [1;30mINFO[0m Executing jobs using 'parallel' executor
[0.298s] [34mcolcon.colcon_parallel_executor.executor.parallel[0m [1;30mDEBUG[0m [32mrun_until_complete[0m
[0.299s] [34mcolcon.colcon_ros.task.ament_cmake.build[0m [1;30mINFO[0m Building ROS package in '/home/ram/melfa_ros2/src/xacro' with build type 'ament_cmake'
[0.299s] [34mcolcon.colcon_cmake.task.cmake.build[0m [1;30mINFO[0m Building CMake package in '/home/ram/melfa_ros2/src/xacro'
[0.312s] [34mcolcon.colcon_core.plugin_system[0m [1;30mINFO[0m Skipping extension 'colcon_core.shell.bat': Not used on non-Windows systems
[0.312s] [34mcolcon.colcon_core.shell[0m [1;30mINFO[0m Skip shell extension 'powershell' for command environment: Not usable outside of PowerShell
[0.312s] [34mcolcon.colcon_core.shell[0m [1;30mDEBUG[0m [32mSkip shell extension 'dsv' for command environment[0m
[0.315s] [34mcolcon.colcon_ros.task.ament_cmake.build[0m [1;30mINFO[0m Building ROS package in '/home/ram/melfa_ros2/src/melfa_ros2_driver/melfa_msgs' with build type 'ament_cmake'
[0.315s] [34mcolcon.colcon_cmake.task.cmake.build[0m [1;30mINFO[0m Building CMake package in '/home/ram/melfa_ros2/src/melfa_ros2_driver/melfa_msgs'
[0.316s] [34mcolcon.colcon_core.shell[0m [1;30mINFO[0m Skip shell extension 'powershell' for command environment: Not usable outside of PowerShell
[0.316s] [34mcolcon.colcon_core.shell[0m [1;30mDEBUG[0m [32mSkip shell extension 'dsv' for command environment[0m
[0.319s] [34mcolcon.colcon_ros.task.ament_python.build[0m [1;30mINFO[0m Building ROS package in '/home/ram/melfa_ros2/src/milf_on_top' with build type 'ament_python'
[0.319s] [34mcolcon.colcon_core.shell[0m [1;30mLevel 1[0m create_environment_hook('milf_on_top', 'ament_prefix_path')
[0.319s] [34mcolcon.colcon_core.shell[0m [1;30mINFO[0m Creating environment hook '/home/ram/melfa_ros2/install/milf_on_top/share/milf_on_top/hook/ament_prefix_path.ps1'
[0.320s] [34mcolcon.colcon_core.shell[0m [1;30mINFO[0m Creating environment descriptor '/home/ram/melfa_ros2/install/milf_on_top/share/milf_on_top/hook/ament_prefix_path.dsv'
[0.320s] [34mcolcon.colcon_core.shell[0m [1;30mINFO[0m Creating environment hook '/home/ram/melfa_ros2/install/milf_on_top/share/milf_on_top/hook/ament_prefix_path.sh'
[0.321s] [34mcolcon.colcon_core.shell[0m [1;30mINFO[0m Skip shell extension 'powershell' for command environment: Not usable outside of PowerShell
[0.321s] [34mcolcon.colcon_core.shell[0m [1;30mDEBUG[0m [32mSkip shell extension 'dsv' for command environment[0m
[0.325s] [34mcolcon.colcon_core.event_handler.log_command[0m [1;30mDEBUG[0m [32mInvoking command in '/home/ram/melfa_ros2/build/xacro': CMAKE_PREFIX_PATH=${CMAKE_PREFIX_PATH}:/home/ram/cognipilot/cranium/install/b3rb_ros_line_follower:/opt/ros/humble /usr/bin/cmake /home/ram/melfa_ros2/src/xacro -DCMAKE_INSTALL_PREFIX=/home/ram/melfa_ros2/install/xacro[0m
[0.328s] [34mcolcon.colcon_core.event_handler.log_command[0m [1;30mDEBUG[0m [32mInvoking command in '/home/ram/melfa_ros2/build/melfa_msgs': CMAKE_PREFIX_PATH=${CMAKE_PREFIX_PATH}:/home/ram/cognipilot/cranium/install/b3rb_ros_line_follower:/opt/ros/humble /usr/bin/cmake /home/ram/melfa_ros2/src/melfa_ros2_driver/melfa_msgs -DCMAKE_INSTALL_PREFIX=/home/ram/melfa_ros2/install/melfa_msgs[0m
[0.480s] [34mcolcon.colcon_core.task.python.build[0m [1;30mINFO[0m Building Python package in '/home/ram/melfa_ros2/src/milf_on_top'
[0.480s] [34mcolcon.colcon_core.shell[0m [1;30mINFO[0m Skip shell extension 'powershell' for command environment: Not usable outside of PowerShell
[0.480s] [34mcolcon.colcon_core.shell[0m [1;30mDEBUG[0m [32mSkip shell extension 'dsv' for command environment[0m
[1.240s] [34mcolcon.colcon_core.task.python.build[0m [1;30mDEBUG[0m [32mAvailable setuptools commands: easy_install, install_scripts, bdist_wheel, egg_info, symlink_data, build_scripts, install_data, build_py, extract_messages, install, install_egg_info, alias, install_headers, develop, sdist, bdist, saveopts, install_lib, bdist_egg, editable_wheel, clean, compile_catalog, setopt, check, bdist_rpm, bdist_dumb, update_catalog, dist_info, nosetests, build_ext, build, rotate, build_clib, init_catalog[0m
[1.242s] [34mcolcon.colcon_core.event_handler.log_command[0m [1;30mDEBUG[0m [32mInvoking command in '/home/ram/melfa_ros2/src/milf_on_top': PYTHONPATH=/home/ram/melfa_ros2/build/milf_on_top/prefix_override:/usr/lib/python3/dist-packages/colcon_core/task/python/colcon_distutils_commands:/home/ram/melfa_ros2/install/milf_on_top/lib/python3.10/site-packages:${PYTHONPATH} /usr/bin/python3 -W ignore:setup.py install is deprecated -W ignore:easy_install command is deprecated setup.py egg_info --egg-base ../../build/milf_on_top build --build-base /home/ram/melfa_ros2/build/milf_on_top/build install --record /home/ram/melfa_ros2/build/milf_on_top/install.log --install-scripts $base/lib/milf_on_top --single-version-externally-managed install_data[0m
[1.349s] [34mcolcon.colcon_core.event_handler.log_command[0m [1;30mDEBUG[0m [32mInvoked command in '/home/ram/melfa_ros2/build/xacro' returned '0': CMAKE_PREFIX_PATH=${CMAKE_PREFIX_PATH}:/home/ram/cognipilot/cranium/install/b3rb_ros_line_follower:/opt/ros/humble /usr/bin/cmake /home/ram/melfa_ros2/src/xacro -DCMAKE_INSTALL_PREFIX=/home/ram/melfa_ros2/install/xacro[0m
[1.351s] [34mcolcon.colcon_core.event_handler.log_command[0m [1;30mDEBUG[0m [32mInvoking command in '/home/ram/melfa_ros2/build/xacro': CMAKE_PREFIX_PATH=${CMAKE_PREFIX_PATH}:/home/ram/cognipilot/cranium/install/b3rb_ros_line_follower:/opt/ros/humble /usr/bin/cmake --build /home/ram/melfa_ros2/build/xacro -- -j16 -l16[0m
[1.537s] [34mcolcon.colcon_core.event_handler.log_command[0m [1;30mDEBUG[0m [32mInvoked command in '/home/ram/melfa_ros2/src/milf_on_top' returned '0': PYTHONPATH=/home/ram/melfa_ros2/build/milf_on_top/prefix_override:/usr/lib/python3/dist-packages/colcon_core/task/python/colcon_distutils_commands:/home/ram/melfa_ros2/install/milf_on_top/lib/python3.10/site-packages:${PYTHONPATH} /usr/bin/python3 -W ignore:setup.py install is deprecated -W ignore:easy_install command is deprecated setup.py egg_info --egg-base ../../build/milf_on_top build --build-base /home/ram/melfa_ros2/build/milf_on_top/build install --record /home/ram/melfa_ros2/build/milf_on_top/install.log --install-scripts $base/lib/milf_on_top --single-version-externally-managed install_data[0m
[1.544s] [34mcolcon.colcon_core.environment[0m [1;30mLevel 1[0m checking '/home/ram/melfa_ros2/install/milf_on_top' for CMake module files
[1.544s] [34mcolcon.colcon_core.environment[0m [1;30mLevel 1[0m checking '/home/ram/melfa_ros2/install/milf_on_top' for CMake config files
[1.545s] [34mcolcon.colcon_core.environment[0m [1;30mLevel 1[0m checking '/home/ram/melfa_ros2/install/milf_on_top/lib'
[1.545s] [34mcolcon.colcon_core.environment[0m [1;30mLevel 1[0m checking '/home/ram/melfa_ros2/install/milf_on_top/bin'
[1.545s] [34mcolcon.colcon_core.environment[0m [1;30mLevel 1[0m checking '/home/ram/melfa_ros2/install/milf_on_top/lib/pkgconfig/milf_on_top.pc'
[1.546s] [34mcolcon.colcon_core.environment[0m [1;30mLevel 1[0m checking '/home/ram/melfa_ros2/install/milf_on_top/lib/python3.10/site-packages'
[1.546s] [34mcolcon.colcon_core.shell[0m [1;30mLevel 1[0m create_environment_hook('milf_on_top', 'pythonpath')
[1.546s] [34mcolcon.colcon_core.shell[0m [1;30mINFO[0m Creating environment hook '/home/ram/melfa_ros2/install/milf_on_top/share/milf_on_top/hook/pythonpath.ps1'
[1.547s] [34mcolcon.colcon_core.shell[0m [1;30mINFO[0m Creating environment descriptor '/home/ram/melfa_ros2/install/milf_on_top/share/milf_on_top/hook/pythonpath.dsv'
[1.547s] [34mcolcon.colcon_core.shell[0m [1;30mINFO[0m Creating environment hook '/home/ram/melfa_ros2/install/milf_on_top/share/milf_on_top/hook/pythonpath.sh'
[1.548s] [34mcolcon.colcon_core.environment[0m [1;30mLevel 1[0m checking '/home/ram/melfa_ros2/install/milf_on_top/bin'
[1.548s] [34mcolcon.colcon_core.environment[0m [1;30mLevel 1[0m create_environment_scripts_only(milf_on_top)
[1.548s] [34mcolcon.colcon_core.shell[0m [1;30mINFO[0m Creating package script '/home/ram/melfa_ros2/install/milf_on_top/share/milf_on_top/package.ps1'
[1.550s] [34mcolcon.colcon_core.shell[0m [1;30mINFO[0m Creating package descriptor '/home/ram/melfa_ros2/install/milf_on_top/share/milf_on_top/package.dsv'
[1.551s] [34mcolcon.colcon_core.shell[0m [1;30mINFO[0m Creating package script '/home/ram/melfa_ros2/install/milf_on_top/share/milf_on_top/package.sh'
[1.552s] [34mcolcon.colcon_core.shell[0m [1;30mINFO[0m Creating package script '/home/ram/melfa_ros2/install/milf_on_top/share/milf_on_top/package.bash'
[1.553s] [34mcolcon.colcon_core.shell[0m [1;30mINFO[0m Creating package script '/home/ram/melfa_ros2/install/milf_on_top/share/milf_on_top/package.zsh'
[1.554s] [34mcolcon.colcon_core.environment[0m [1;30mLevel 1[0m create_file_with_runtime_dependencies(/home/ram/melfa_ros2/install/milf_on_top/share/colcon-core/packages/milf_on_top)
[1.694s] [34mcolcon.colcon_core.event_handler.log_command[0m [1;30mDEBUG[0m [32mInvoked command in '/home/ram/melfa_ros2/build/xacro' returned '0': CMAKE_PREFIX_PATH=${CMAKE_PREFIX_PATH}:/home/ram/cognipilot/cranium/install/b3rb_ros_line_follower:/opt/ros/humble /usr/bin/cmake --build /home/ram/melfa_ros2/build/xacro -- -j16 -l16[0m
[1.703s] [34mcolcon.colcon_core.event_handler.log_command[0m [1;30mDEBUG[0m [32mInvoking command in '/home/ram/melfa_ros2/build/xacro': CMAKE_PREFIX_PATH=${CMAKE_PREFIX_PATH}:/home/ram/cognipilot/cranium/install/b3rb_ros_line_follower:/opt/ros/humble /usr/bin/cmake --install /home/ram/melfa_ros2/build/xacro[0m
[1.758s] [34mcolcon.colcon_core.environment[0m [1;30mLevel 1[0m create_environment_scripts_only(xacro)
[1.758s] [34mcolcon.colcon_core.event_handler.log_command[0m [1;30mDEBUG[0m [32mInvoked command in '/home/ram/melfa_ros2/build/xacro' returned '0': CMAKE_PREFIX_PATH=${CMAKE_PREFIX_PATH}:/home/ram/cognipilot/cranium/install/b3rb_ros_line_follower:/opt/ros/humble /usr/bin/cmake --install /home/ram/melfa_ros2/build/xacro[0m
[1.758s] [34mcolcon.colcon_core.environment[0m [1;30mLevel 1[0m checking '/home/ram/melfa_ros2/install/xacro' for CMake module files
[1.759s] [34mcolcon.colcon_core.environment[0m [1;30mLevel 1[0m checking '/home/ram/melfa_ros2/install/xacro' for CMake config files
[1.759s] [34mcolcon.colcon_core.shell[0m [1;30mLevel 1[0m create_environment_hook('xacro', 'cmake_prefix_path')
[1.759s] [34mcolcon.colcon_core.shell[0m [1;30mINFO[0m Creating environment hook '/home/ram/melfa_ros2/install/xacro/share/xacro/hook/cmake_prefix_path.ps1'
[1.759s] [34mcolcon.colcon_core.shell[0m [1;30mINFO[0m Creating environment descriptor '/home/ram/melfa_ros2/install/xacro/share/xacro/hook/cmake_prefix_path.dsv'
[1.760s] [34mcolcon.colcon_core.shell[0m [1;30mINFO[0m Creating environment hook '/home/ram/melfa_ros2/install/xacro/share/xacro/hook/cmake_prefix_path.sh'
[1.760s] [34mcolcon.colcon_core.environment[0m [1;30mLevel 1[0m checking '/home/ram/melfa_ros2/install/xacro/lib'
[1.760s] [34mcolcon.colcon_core.environment[0m [1;30mLevel 1[0m checking '/home/ram/melfa_ros2/install/xacro/bin'
[1.760s] [34mcolcon.colcon_core.shell[0m [1;30mLevel 1[0m create_environment_hook('xacro', 'path')
[1.760s] [34mcolcon.colcon_core.shell[0m [1;30mINFO[0m Creating environment hook '/home/ram/melfa_ros2/install/xacro/share/xacro/hook/path.ps1'
[1.760s] [34mcolcon.colcon_core.shell[0m [1;30mINFO[0m Creating environment descriptor '/home/ram/melfa_ros2/install/xacro/share/xacro/hook/path.dsv'
[1.761s] [34mcolcon.colcon_core.shell[0m [1;30mINFO[0m Creating environment hook '/home/ram/melfa_ros2/install/xacro/share/xacro/hook/path.sh'
[1.761s] [34mcolcon.colcon_core.environment[0m [1;30mLevel 1[0m checking '/home/ram/melfa_ros2/install/xacro/lib/pkgconfig/xacro.pc'
[1.761s] [34mcolcon.colcon_core.environment[0m [1;30mLevel 1[0m checking '/home/ram/melfa_ros2/install/xacro/lib/python3.10/site-packages'
[1.761s] [34mcolcon.colcon_core.environment[0m [1;30mLevel 1[0m checking '/home/ram/melfa_ros2/install/xacro/bin'
[1.761s] [34mcolcon.colcon_core.shell[0m [1;30mLevel 1[0m create_environment_hook('xacro', 'pythonscriptspath')
[1.761s] [34mcolcon.colcon_core.shell[0m [1;30mINFO[0m Creating environment hook '/home/ram/melfa_ros2/install/xacro/share/xacro/hook/pythonscriptspath.ps1'
[1.761s] [34mcolcon.colcon_core.shell[0m [1;30mINFO[0m Creating environment descriptor '/home/ram/melfa_ros2/install/xacro/share/xacro/hook/pythonscriptspath.dsv'
[1.762s] [34mcolcon.colcon_core.shell[0m [1;30mINFO[0m Creating environment hook '/home/ram/melfa_ros2/install/xacro/share/xacro/hook/pythonscriptspath.sh'
[1.762s] [34mcolcon.colcon_core.shell[0m [1;30mINFO[0m Creating package script '/home/ram/melfa_ros2/install/xacro/share/xacro/package.ps1'
[1.762s] [34mcolcon.colcon_core.shell[0m [1;30mINFO[0m Creating package descriptor '/home/ram/melfa_ros2/install/xacro/share/xacro/package.dsv'
[1.763s] [34mcolcon.colcon_core.shell[0m [1;30mINFO[0m Creating package script '/home/ram/melfa_ros2/install/xacro/share/xacro/package.sh'
[1.763s] [34mcolcon.colcon_core.shell[0m [1;30mINFO[0m Creating package script '/home/ram/melfa_ros2/install/xacro/share/xacro/package.bash'
[1.763s] [34mcolcon.colcon_core.shell[0m [1;30mINFO[0m Creating package script '/home/ram/melfa_ros2/install/xacro/share/xacro/package.zsh'
[1.763s] [34mcolcon.colcon_core.environment[0m [1;30mLevel 1[0m create_file_with_runtime_dependencies(/home/ram/melfa_ros2/install/xacro/share/colcon-core/packages/xacro)
[1.764s] [34mcolcon.colcon_core.environment[0m [1;30mLevel 1[0m create_environment_scripts_only(xacro)
[1.764s] [34mcolcon.colcon_core.environment[0m [1;30mLevel 1[0m checking '/home/ram/melfa_ros2/install/xacro' for CMake module files
[1.764s] [34mcolcon.colcon_core.environment[0m [1;30mLevel 1[0m checking '/home/ram/melfa_ros2/install/xacro' for CMake config files
[1.764s] [34mcolcon.colcon_core.shell[0m [1;30mLevel 1[0m create_environment_hook('xacro', 'cmake_prefix_path')
[1.764s] [34mcolcon.colcon_core.shell[0m [1;30mINFO[0m Creating environment hook '/home/ram/melfa_ros2/install/xacro/share/xacro/hook/cmake_prefix_path.ps1'
[1.764s] [34mcolcon.colcon_core.shell[0m [1;30mINFO[0m Creating environment descriptor '/home/ram/melfa_ros2/install/xacro/share/xacro/hook/cmake_prefix_path.dsv'
[1.765s] [34mcolcon.colcon_core.shell[0m [1;30mINFO[0m Creating environment hook '/home/ram/melfa_ros2/install/xacro/share/xacro/hook/cmake_prefix_path.sh'
[1.765s] [34mcolcon.colcon_core.environment[0m [1;30mLevel 1[0m checking '/home/ram/melfa_ros2/install/xacro/lib'
[1.765s] [34mcolcon.colcon_core.environment[0m [1;30mLevel 1[0m checking '/home/ram/melfa_ros2/install/xacro/bin'
[1.765s] [34mcolcon.colcon_core.shell[0m [1;30mLevel 1[0m create_environment_hook('xacro', 'path')
[1.765s] [34mcolcon.colcon_core.shell[0m [1;30mINFO[0m Creating environment hook '/home/ram/melfa_ros2/install/xacro/share/xacro/hook/path.ps1'
[1.765s] [34mcolcon.colcon_core.shell[0m [1;30mINFO[0m Creating environment descriptor '/home/ram/melfa_ros2/install/xacro/share/xacro/hook/path.dsv'
[1.766s] [34mcolcon.colcon_core.shell[0m [1;30mINFO[0m Creating environment hook '/home/ram/melfa_ros2/install/xacro/share/xacro/hook/path.sh'
[1.766s] [34mcolcon.colcon_core.environment[0m [1;30mLevel 1[0m checking '/home/ram/melfa_ros2/install/xacro/lib/pkgconfig/xacro.pc'
[1.766s] [34mcolcon.colcon_core.environment[0m [1;30mLevel 1[0m checking '/home/ram/melfa_ros2/install/xacro/lib/python3.10/site-packages'
[1.766s] [34mcolcon.colcon_core.environment[0m [1;30mLevel 1[0m checking '/home/ram/melfa_ros2/install/xacro/bin'
[1.766s] [34mcolcon.colcon_core.shell[0m [1;30mLevel 1[0m create_environment_hook('xacro', 'pythonscriptspath')
[1.766s] [34mcolcon.colcon_core.shell[0m [1;30mINFO[0m Creating environment hook '/home/ram/melfa_ros2/install/xacro/share/xacro/hook/pythonscriptspath.ps1'
[1.767s] [34mcolcon.colcon_core.shell[0m [1;30mINFO[0m Creating environment descriptor '/home/ram/melfa_ros2/install/xacro/share/xacro/hook/pythonscriptspath.dsv'
[1.767s] [34mcolcon.colcon_core.shell[0m [1;30mINFO[0m Creating environment hook '/home/ram/melfa_ros2/install/xacro/share/xacro/hook/pythonscriptspath.sh'
[1.767s] [34mcolcon.colcon_core.shell[0m [1;30mINFO[0m Creating package script '/home/ram/melfa_ros2/install/xacro/share/xacro/package.ps1'
[1.767s] [34mcolcon.colcon_core.shell[0m [1;30mINFO[0m Creating package descriptor '/home/ram/melfa_ros2/install/xacro/share/xacro/package.dsv'
[1.775s] [34mcolcon.colcon_core.shell[0m [1;30mINFO[0m Creating package script '/home/ram/melfa_ros2/install/xacro/share/xacro/package.sh'
[1.776s] [34mcolcon.colcon_core.shell[0m [1;30mINFO[0m Creating package script '/home/ram/melfa_ros2/install/xacro/share/xacro/package.bash'
[1.776s] [34mcolcon.colcon_core.shell[0m [1;30mINFO[0m Creating package script '/home/ram/melfa_ros2/install/xacro/share/xacro/package.zsh'
[1.776s] [34mcolcon.colcon_core.environment[0m [1;30mLevel 1[0m create_file_with_runtime_dependencies(/home/ram/melfa_ros2/install/xacro/share/colcon-core/packages/xacro)
[1.776s] [34mcolcon.colcon_ros.task.ament_cmake.build[0m [1;30mINFO[0m Building ROS package in '/home/ram/melfa_ros2/src/melfa_ros2_driver/melfa_description' with build type 'ament_cmake'
[1.776s] [34mcolcon.colcon_cmake.task.cmake.build[0m [1;30mINFO[0m Building CMake package in '/home/ram/melfa_ros2/src/melfa_ros2_driver/melfa_description'
[1.777s] [34mcolcon.colcon_core.shell[0m [1;30mINFO[0m Skip shell extension 'powershell' for command environment: Not usable outside of PowerShell
[1.777s] [34mcolcon.colcon_core.shell[0m [1;30mDEBUG[0m [32mSkip shell extension 'dsv' for command environment[0m
[1.781s] [34mcolcon.colcon_ros.task.ament_cmake.build[0m [1;30mINFO[0m Building ROS package in '/home/ram/melfa_ros2/src/melfa_ros2_driver/melfa_bringup' with build type 'ament_cmake'
[1.781s] [34mcolcon.colcon_cmake.task.cmake.build[0m [1;30mINFO[0m Building CMake package in '/home/ram/melfa_ros2/src/melfa_ros2_driver/melfa_bringup'
[1.781s] [34mcolcon.colcon_core.shell[0m [1;30mINFO[0m Skip shell extension 'powershell' for command environment: Not usable outside of PowerShell
[1.781s] [34mcolcon.colcon_core.shell[0m [1;30mDEBUG[0m [32mSkip shell extension 'dsv' for command environment[0m
[1.786s] [34mcolcon.colcon_core.event_handler.log_command[0m [1;30mDEBUG[0m [32mInvoking command in '/home/ram/melfa_ros2/build/melfa_description': AMENT_PREFIX_PATH=/home/ram/melfa_ros2/install/xacro:${AMENT_PREFIX_PATH} CMAKE_PREFIX_PATH=/home/ram/melfa_ros2/install/xacro:/home/ram/cognipilot/cranium/install/synapse_ros:/home/ram/cognipilot/cranium/install/synapse_gz:/home/ram/cognipilot/cranium/install/synapse_tinyframe:/home/ram/cognipilot/cranium/install/synapse_protobuf:/home/ram/cognipilot/cranium/install/corti:/home/ram/cognipilot/cranium/install/synapse_msgs:/home/ram/cognipilot/cranium/install/dream_world:/home/ram/cognipilot/cranium/install/cerebri_bringup:/home/ram/cognipilot/cranium/install/b3rb_simulator:/home/ram/cognipilot/cranium/install/b3rb_desktop:/home/ram/cognipilot/cranium/install/b3rb_rviz:/home/ram/cognipilot/cranium/install/b3rb_nav2:/home/ram/cognipilot/cranium/install/b3rb_gz_resource:/home/ram/cognipilot/cranium/install/b3rb_gz_bringup:/home/ram/cognipilot/cranium/install/b3rb_description:/home/ram/cognipilot/electrode/install/electrode:/home/ram/cognipilot/cranium/install/b3rb_ros_line_follower:/opt/ros/humble PATH=/home/ram/melfa_ros2/install/xacro/bin:${PATH} PYTHONPATH=/home/ram/melfa_ros2/install/xacro/local/lib/python3.10/dist-packages:${PYTHONPATH} /usr/bin/cmake /home/ram/melfa_ros2/src/melfa_ros2_driver/melfa_description -DCMAKE_INSTALL_PREFIX=/home/ram/melfa_ros2/install/melfa_description[0m
[1.790s] [34mcolcon.colcon_core.event_handler.log_command[0m [1;30mDEBUG[0m [32mInvoking command in '/home/ram/melfa_ros2/build/melfa_bringup': AMENT_PREFIX_PATH=/home/ram/melfa_ros2/install/xacro:${AMENT_PREFIX_PATH} CMAKE_PREFIX_PATH=/home/ram/melfa_ros2/install/xacro:/home/ram/cognipilot/cranium/install/synapse_ros:/home/ram/cognipilot/cranium/install/synapse_gz:/home/ram/cognipilot/cranium/install/synapse_tinyframe:/home/ram/cognipilot/cranium/install/synapse_protobuf:/home/ram/cognipilot/cranium/install/corti:/home/ram/cognipilot/cranium/install/synapse_msgs:/home/ram/cognipilot/cranium/install/dream_world:/home/ram/cognipilot/cranium/install/cerebri_bringup:/home/ram/cognipilot/cranium/install/b3rb_simulator:/home/ram/cognipilot/cranium/install/b3rb_desktop:/home/ram/cognipilot/cranium/install/b3rb_rviz:/home/ram/cognipilot/cranium/install/b3rb_nav2:/home/ram/cognipilot/cranium/install/b3rb_gz_resource:/home/ram/cognipilot/cranium/install/b3rb_gz_bringup:/home/ram/cognipilot/cranium/install/b3rb_description:/home/ram/cognipilot/electrode/install/electrode:/home/ram/cognipilot/cranium/install/b3rb_ros_line_follower:/opt/ros/humble PATH=/home/ram/melfa_ros2/install/xacro/bin:${PATH} PYTHONPATH=/home/ram/melfa_ros2/install/xacro/local/lib/python3.10/dist-packages:${PYTHONPATH} /usr/bin/cmake /home/ram/melfa_ros2/src/melfa_ros2_driver/melfa_bringup -DCMAKE_INSTALL_PREFIX=/home/ram/melfa_ros2/install/melfa_bringup[0m
[2.062s] [34mcolcon.colcon_core.event_handler.log_command[0m [1;30mDEBUG[0m [32mInvoked command in '/home/ram/melfa_ros2/build/melfa_msgs' returned '0': CMAKE_PREFIX_PATH=${CMAKE_PREFIX_PATH}:/home/ram/cognipilot/cranium/install/b3rb_ros_line_follower:/opt/ros/humble /usr/bin/cmake /home/ram/melfa_ros2/src/melfa_ros2_driver/melfa_msgs -DCMAKE_INSTALL_PREFIX=/home/ram/melfa_ros2/install/melfa_msgs[0m
[2.063s] [34mcolcon.colcon_core.event_handler.log_command[0m [1;30mDEBUG[0m [32mInvoking command in '/home/ram/melfa_ros2/build/melfa_msgs': CMAKE_PREFIX_PATH=${CMAKE_PREFIX_PATH}:/home/ram/cognipilot/cranium/install/b3rb_ros_line_follower:/opt/ros/humble /usr/bin/cmake --build /home/ram/melfa_ros2/build/melfa_msgs -- -j16 -l16[0m
[2.486s] [34mcolcon.colcon_core.event_handler.log_command[0m [1;30mDEBUG[0m [32mInvoked command in '/home/ram/melfa_ros2/build/melfa_bringup' returned '0': AMENT_PREFIX_PATH=/home/ram/melfa_ros2/install/xacro:${AMENT_PREFIX_PATH} CMAKE_PREFIX_PATH=/home/ram/melfa_ros2/install/xacro:/home/ram/cognipilot/cranium/install/synapse_ros:/home/ram/cognipilot/cranium/install/synapse_gz:/home/ram/cognipilot/cranium/install/synapse_tinyframe:/home/ram/cognipilot/cranium/install/synapse_protobuf:/home/ram/cognipilot/cranium/install/corti:/home/ram/cognipilot/cranium/install/synapse_msgs:/home/ram/cognipilot/cranium/install/dream_world:/home/ram/cognipilot/cranium/install/cerebri_bringup:/home/ram/cognipilot/cranium/install/b3rb_simulator:/home/ram/cognipilot/cranium/install/b3rb_desktop:/home/ram/cognipilot/cranium/install/b3rb_rviz:/home/ram/cognipilot/cranium/install/b3rb_nav2:/home/ram/cognipilot/cranium/install/b3rb_gz_resource:/home/ram/cognipilot/cranium/install/b3rb_gz_bringup:/home/ram/cognipilot/cranium/install/b3rb_description:/home/ram/cognipilot/electrode/install/electrode:/home/ram/cognipilot/cranium/install/b3rb_ros_line_follower:/opt/ros/humble PATH=/home/ram/melfa_ros2/install/xacro/bin:${PATH} PYTHONPATH=/home/ram/melfa_ros2/install/xacro/local/lib/python3.10/dist-packages:${PYTHONPATH} /usr/bin/cmake /home/ram/melfa_ros2/src/melfa_ros2_driver/melfa_bringup -DCMAKE_INSTALL_PREFIX=/home/ram/melfa_ros2/install/melfa_bringup[0m
[2.487s] [34mcolcon.colcon_core.event_handler.log_command[0m [1;30mDEBUG[0m [32mInvoking command in '/home/ram/melfa_ros2/build/melfa_bringup': AMENT_PREFIX_PATH=/home/ram/melfa_ros2/install/xacro:${AMENT_PREFIX_PATH} CMAKE_PREFIX_PATH=/home/ram/melfa_ros2/install/xacro:/home/ram/cognipilot/cranium/install/synapse_ros:/home/ram/cognipilot/cranium/install/synapse_gz:/home/ram/cognipilot/cranium/install/synapse_tinyframe:/home/ram/cognipilot/cranium/install/synapse_protobuf:/home/ram/cognipilot/cranium/install/corti:/home/ram/cognipilot/cranium/install/synapse_msgs:/home/ram/cognipilot/cranium/install/dream_world:/home/ram/cognipilot/cranium/install/cerebri_bringup:/home/ram/cognipilot/cranium/install/b3rb_simulator:/home/ram/cognipilot/cranium/install/b3rb_desktop:/home/ram/cognipilot/cranium/install/b3rb_rviz:/home/ram/cognipilot/cranium/install/b3rb_nav2:/home/ram/cognipilot/cranium/install/b3rb_gz_resource:/home/ram/cognipilot/cranium/install/b3rb_gz_bringup:/home/ram/cognipilot/cranium/install/b3rb_description:/home/ram/cognipilot/electrode/install/electrode:/home/ram/cognipilot/cranium/install/b3rb_ros_line_follower:/opt/ros/humble PATH=/home/ram/melfa_ros2/install/xacro/bin:${PATH} PYTHONPATH=/home/ram/melfa_ros2/install/xacro/local/lib/python3.10/dist-packages:${PYTHONPATH} /usr/bin/cmake --build /home/ram/melfa_ros2/build/melfa_bringup -- -j16 -l16[0m
[2.522s] [34mcolcon.colcon_core.event_handler.log_command[0m [1;30mDEBUG[0m [32mInvoked command in '/home/ram/melfa_ros2/build/melfa_bringup' returned '0': AMENT_PREFIX_PATH=/home/ram/melfa_ros2/install/xacro:${AMENT_PREFIX_PATH} CMAKE_PREFIX_PATH=/home/ram/melfa_ros2/install/xacro:/home/ram/cognipilot/cranium/install/synapse_ros:/home/ram/cognipilot/cranium/install/synapse_gz:/home/ram/cognipilot/cranium/install/synapse_tinyframe:/home/ram/cognipilot/cranium/install/synapse_protobuf:/home/ram/cognipilot/cranium/install/corti:/home/ram/cognipilot/cranium/install/synapse_msgs:/home/ram/cognipilot/cranium/install/dream_world:/home/ram/cognipilot/cranium/install/cerebri_bringup:/home/ram/cognipilot/cranium/install/b3rb_simulator:/home/ram/cognipilot/cranium/install/b3rb_desktop:/home/ram/cognipilot/cranium/install/b3rb_rviz:/home/ram/cognipilot/cranium/install/b3rb_nav2:/home/ram/cognipilot/cranium/install/b3rb_gz_resource:/home/ram/cognipilot/cranium/install/b3rb_gz_bringup:/home/ram/cognipilot/cranium/install/b3rb_description:/home/ram/cognipilot/electrode/install/electrode:/home/ram/cognipilot/cranium/install/b3rb_ros_line_follower:/opt/ros/humble PATH=/home/ram/melfa_ros2/install/xacro/bin:${PATH} PYTHONPATH=/home/ram/melfa_ros2/install/xacro/local/lib/python3.10/dist-packages:${PYTHONPATH} /usr/bin/cmake --build /home/ram/melfa_ros2/build/melfa_bringup -- -j16 -l16[0m
[2.523s] [34mcolcon.colcon_core.event_handler.log_command[0m [1;30mDEBUG[0m [32mInvoking command in '/home/ram/melfa_ros2/build/melfa_bringup': AMENT_PREFIX_PATH=/home/ram/melfa_ros2/install/xacro:${AMENT_PREFIX_PATH} CMAKE_PREFIX_PATH=/home/ram/melfa_ros2/install/xacro:/home/ram/cognipilot/cranium/install/synapse_ros:/home/ram/cognipilot/cranium/install/synapse_gz:/home/ram/cognipilot/cranium/install/synapse_tinyframe:/home/ram/cognipilot/cranium/install/synapse_protobuf:/home/ram/cognipilot/cranium/install/corti:/home/ram/cognipilot/cranium/install/synapse_msgs:/home/ram/cognipilot/cranium/install/dream_world:/home/ram/cognipilot/cranium/install/cerebri_bringup:/home/ram/cognipilot/cranium/install/b3rb_simulator:/home/ram/cognipilot/cranium/install/b3rb_desktop:/home/ram/cognipilot/cranium/install/b3rb_rviz:/home/ram/cognipilot/cranium/install/b3rb_nav2:/home/ram/cognipilot/cranium/install/b3rb_gz_resource:/home/ram/cognipilot/cranium/install/b3rb_gz_bringup:/home/ram/cognipilot/cranium/install/b3rb_description:/home/ram/cognipilot/electrode/install/electrode:/home/ram/cognipilot/cranium/install/b3rb_ros_line_follower:/opt/ros/humble PATH=/home/ram/melfa_ros2/install/xacro/bin:${PATH} PYTHONPATH=/home/ram/melfa_ros2/install/xacro/local/lib/python3.10/dist-packages:${PYTHONPATH} /usr/bin/cmake --install /home/ram/melfa_ros2/build/melfa_bringup[0m
[2.536s] [34mcolcon.colcon_core.environment[0m [1;30mLevel 1[0m create_environment_scripts_only(melfa_bringup)
[2.536s] [34mcolcon.colcon_core.environment[0m [1;30mLevel 1[0m checking '/home/ram/melfa_ros2/install/melfa_bringup' for CMake module files
[2.537s] [34mcolcon.colcon_core.event_handler.log_command[0m [1;30mDEBUG[0m [32mInvoked command in '/home/ram/melfa_ros2/build/melfa_bringup' returned '0': AMENT_PREFIX_PATH=/home/ram/melfa_ros2/install/xacro:${AMENT_PREFIX_PATH} CMAKE_PREFIX_PATH=/home/ram/melfa_ros2/install/xacro:/home/ram/cognipilot/cranium/install/synapse_ros:/home/ram/cognipilot/cranium/install/synapse_gz:/home/ram/cognipilot/cranium/install/synapse_tinyframe:/home/ram/cognipilot/cranium/install/synapse_protobuf:/home/ram/cognipilot/cranium/install/corti:/home/ram/cognipilot/cranium/install/synapse_msgs:/home/ram/cognipilot/cranium/install/dream_world:/home/ram/cognipilot/cranium/install/cerebri_bringup:/home/ram/cognipilot/cranium/install/b3rb_simulator:/home/ram/cognipilot/cranium/install/b3rb_desktop:/home/ram/cognipilot/cranium/install/b3rb_rviz:/home/ram/cognipilot/cranium/install/b3rb_nav2:/home/ram/cognipilot/cranium/install/b3rb_gz_resource:/home/ram/cognipilot/cranium/install/b3rb_gz_bringup:/home/ram/cognipilot/cranium/install/b3rb_description:/home/ram/cognipilot/electrode/install/electrode:/home/ram/cognipilot/cranium/install/b3rb_ros_line_follower:/opt/ros/humble PATH=/home/ram/melfa_ros2/install/xacro/bin:${PATH} PYTHONPATH=/home/ram/melfa_ros2/install/xacro/local/lib/python3.10/dist-packages:${PYTHONPATH} /usr/bin/cmake --install /home/ram/melfa_ros2/build/melfa_bringup[0m
[2.537s] [34mcolcon.colcon_core.environment[0m [1;30mLevel 1[0m checking '/home/ram/melfa_ros2/install/melfa_bringup' for CMake config files
[2.537s] [34mcolcon.colcon_core.shell[0m [1;30mLevel 1[0m create_environment_hook('melfa_bringup', 'cmake_prefix_path')
[2.537s] [34mcolcon.colcon_core.shell[0m [1;30mINFO[0m Creating environment hook '/home/ram/melfa_ros2/install/melfa_bringup/share/melfa_bringup/hook/cmake_prefix_path.ps1'
[2.538s] [34mcolcon.colcon_core.shell[0m [1;30mINFO[0m Creating environment descriptor '/home/ram/melfa_ros2/install/melfa_bringup/share/melfa_bringup/hook/cmake_prefix_path.dsv'
[2.538s] [34mcolcon.colcon_core.shell[0m [1;30mINFO[0m Creating environment hook '/home/ram/melfa_ros2/install/melfa_bringup/share/melfa_bringup/hook/cmake_prefix_path.sh'
[2.539s] [34mcolcon.colcon_core.environment[0m [1;30mLevel 1[0m checking '/home/ram/melfa_ros2/install/melfa_bringup/bin'
[2.539s] [34mcolcon.colcon_core.environment[0m [1;30mLevel 1[0m checking '/home/ram/melfa_ros2/install/melfa_bringup/lib/pkgconfig/melfa_bringup.pc'
[2.539s] [34mcolcon.colcon_core.environment[0m [1;30mLevel 1[0m checking '/home/ram/melfa_ros2/install/melfa_bringup/lib/python3.10/site-packages'
[2.540s] [34mcolcon.colcon_core.environment[0m [1;30mLevel 1[0m checking '/home/ram/melfa_ros2/install/melfa_bringup/bin'
[2.540s] [34mcolcon.colcon_core.shell[0m [1;30mINFO[0m Creating package script '/home/ram/melfa_ros2/install/melfa_bringup/share/melfa_bringup/package.ps1'
[2.541s] [34mcolcon.colcon_core.shell[0m [1;30mINFO[0m Creating package descriptor '/home/ram/melfa_ros2/install/melfa_bringup/share/melfa_bringup/package.dsv'
[2.541s] [34mcolcon.colcon_core.shell[0m [1;30mINFO[0m Creating package script '/home/ram/melfa_ros2/install/melfa_bringup/share/melfa_bringup/package.sh'
[2.542s] [34mcolcon.colcon_core.shell[0m [1;30mINFO[0m Creating package script '/home/ram/melfa_ros2/install/melfa_bringup/share/melfa_bringup/package.bash'
[2.542s] [34mcolcon.colcon_core.shell[0m [1;30mINFO[0m Creating package script '/home/ram/melfa_ros2/install/melfa_bringup/share/melfa_bringup/package.zsh'
[2.542s] [34mcolcon.colcon_core.environment[0m [1;30mLevel 1[0m create_file_with_runtime_dependencies(/home/ram/melfa_ros2/install/melfa_bringup/share/colcon-core/packages/melfa_bringup)
[2.543s] [34mcolcon.colcon_core.environment[0m [1;30mLevel 1[0m create_environment_scripts_only(melfa_bringup)
[2.543s] [34mcolcon.colcon_core.environment[0m [1;30mLevel 1[0m checking '/home/ram/melfa_ros2/install/melfa_bringup' for CMake module files
[2.544s] [34mcolcon.colcon_core.environment[0m [1;30mLevel 1[0m checking '/home/ram/melfa_ros2/install/melfa_bringup' for CMake config files
[2.544s] [34mcolcon.colcon_core.shell[0m [1;30mLevel 1[0m create_environment_hook('melfa_bringup', 'cmake_prefix_path')
[2.544s] [34mcolcon.colcon_core.shell[0m [1;30mINFO[0m Creating environment hook '/home/ram/melfa_ros2/install/melfa_bringup/share/melfa_bringup/hook/cmake_prefix_path.ps1'
[2.545s] [34mcolcon.colcon_core.shell[0m [1;30mINFO[0m Creating environment descriptor '/home/ram/melfa_ros2/install/melfa_bringup/share/melfa_bringup/hook/cmake_prefix_path.dsv'
[2.545s] [34mcolcon.colcon_core.shell[0m [1;30mINFO[0m Creating environment hook '/home/ram/melfa_ros2/install/melfa_bringup/share/melfa_bringup/hook/cmake_prefix_path.sh'
[2.545s] [34mcolcon.colcon_core.environment[0m [1;30mLevel 1[0m checking '/home/ram/melfa_ros2/install/melfa_bringup/bin'
[2.545s] [34mcolcon.colcon_core.environment[0m [1;30mLevel 1[0m checking '/home/ram/melfa_ros2/install/melfa_bringup/lib/pkgconfig/melfa_bringup.pc'
[2.546s] [34mcolcon.colcon_core.environment[0m [1;30mLevel 1[0m checking '/home/ram/melfa_ros2/install/melfa_bringup/lib/python3.10/site-packages'
[2.546s] [34mcolcon.colcon_core.environment[0m [1;30mLevel 1[0m checking '/home/ram/melfa_ros2/install/melfa_bringup/bin'
[2.546s] [34mcolcon.colcon_core.shell[0m [1;30mINFO[0m Creating package script '/home/ram/melfa_ros2/install/melfa_bringup/share/melfa_bringup/package.ps1'
[2.547s] [34mcolcon.colcon_core.shell[0m [1;30mINFO[0m Creating package descriptor '/home/ram/melfa_ros2/install/melfa_bringup/share/melfa_bringup/package.dsv'
[2.547s] [34mcolcon.colcon_core.shell[0m [1;30mINFO[0m Creating package script '/home/ram/melfa_ros2/install/melfa_bringup/share/melfa_bringup/package.sh'
[2.547s] [34mcolcon.colcon_core.shell[0m [1;30mINFO[0m Creating package script '/home/ram/melfa_ros2/install/melfa_bringup/share/melfa_bringup/package.bash'
[2.547s] [34mcolcon.colcon_core.shell[0m [1;30mINFO[0m Creating package script '/home/ram/melfa_ros2/install/melfa_bringup/share/melfa_bringup/package.zsh'
[2.548s] [34mcolcon.colcon_core.environment[0m [1;30mLevel 1[0m create_file_with_runtime_dependencies(/home/ram/melfa_ros2/install/melfa_bringup/share/colcon-core/packages/melfa_bringup)
[3.018s] [34mcolcon.colcon_core.event_handler.log_command[0m [1;30mDEBUG[0m [32mInvoked command in '/home/ram/melfa_ros2/build/melfa_description' returned '0': AMENT_PREFIX_PATH=/home/ram/melfa_ros2/install/xacro:${AMENT_PREFIX_PATH} CMAKE_PREFIX_PATH=/home/ram/melfa_ros2/install/xacro:/home/ram/cognipilot/cranium/install/synapse_ros:/home/ram/cognipilot/cranium/install/synapse_gz:/home/ram/cognipilot/cranium/install/synapse_tinyframe:/home/ram/cognipilot/cranium/install/synapse_protobuf:/home/ram/cognipilot/cranium/install/corti:/home/ram/cognipilot/cranium/install/synapse_msgs:/home/ram/cognipilot/cranium/install/dream_world:/home/ram/cognipilot/cranium/install/cerebri_bringup:/home/ram/cognipilot/cranium/install/b3rb_simulator:/home/ram/cognipilot/cranium/install/b3rb_desktop:/home/ram/cognipilot/cranium/install/b3rb_rviz:/home/ram/cognipilot/cranium/install/b3rb_nav2:/home/ram/cognipilot/cranium/install/b3rb_gz_resource:/home/ram/cognipilot/cranium/install/b3rb_gz_bringup:/home/ram/cognipilot/cranium/install/b3rb_description:/home/ram/cognipilot/electrode/install/electrode:/home/ram/cognipilot/cranium/install/b3rb_ros_line_follower:/opt/ros/humble PATH=/home/ram/melfa_ros2/install/xacro/bin:${PATH} PYTHONPATH=/home/ram/melfa_ros2/install/xacro/local/lib/python3.10/dist-packages:${PYTHONPATH} /usr/bin/cmake /home/ram/melfa_ros2/src/melfa_ros2_driver/melfa_description -DCMAKE_INSTALL_PREFIX=/home/ram/melfa_ros2/install/melfa_description[0m
[3.020s] [34mcolcon.colcon_core.event_handler.log_command[0m [1;30mDEBUG[0m [32mInvoking command in '/home/ram/melfa_ros2/build/melfa_description': AMENT_PREFIX_PATH=/home/ram/melfa_ros2/install/xacro:${AMENT_PREFIX_PATH} CMAKE_PREFIX_PATH=/home/ram/melfa_ros2/install/xacro:/home/ram/cognipilot/cranium/install/synapse_ros:/home/ram/cognipilot/cranium/install/synapse_gz:/home/ram/cognipilot/cranium/install/synapse_tinyframe:/home/ram/cognipilot/cranium/install/synapse_protobuf:/home/ram/cognipilot/cranium/install/corti:/home/ram/cognipilot/cranium/install/synapse_msgs:/home/ram/cognipilot/cranium/install/dream_world:/home/ram/cognipilot/cranium/install/cerebri_bringup:/home/ram/cognipilot/cranium/install/b3rb_simulator:/home/ram/cognipilot/cranium/install/b3rb_desktop:/home/ram/cognipilot/cranium/install/b3rb_rviz:/home/ram/cognipilot/cranium/install/b3rb_nav2:/home/ram/cognipilot/cranium/install/b3rb_gz_resource:/home/ram/cognipilot/cranium/install/b3rb_gz_bringup:/home/ram/cognipilot/cranium/install/b3rb_description:/home/ram/cognipilot/electrode/install/electrode:/home/ram/cognipilot/cranium/install/b3rb_ros_line_follower:/opt/ros/humble PATH=/home/ram/melfa_ros2/install/xacro/bin:${PATH} PYTHONPATH=/home/ram/melfa_ros2/install/xacro/local/lib/python3.10/dist-packages:${PYTHONPATH} /usr/bin/cmake --build /home/ram/melfa_ros2/build/melfa_description -- -j16 -l16[0m
[3.046s] [34mcolcon.colcon_core.event_handler.log_command[0m [1;30mDEBUG[0m [32mInvoked command in '/home/ram/melfa_ros2/build/melfa_description' returned '0': AMENT_PREFIX_PATH=/home/ram/melfa_ros2/install/xacro:${AMENT_PREFIX_PATH} CMAKE_PREFIX_PATH=/home/ram/melfa_ros2/install/xacro:/home/ram/cognipilot/cranium/install/synapse_ros:/home/ram/cognipilot/cranium/install/synapse_gz:/home/ram/cognipilot/cranium/install/synapse_tinyframe:/home/ram/cognipilot/cranium/install/synapse_protobuf:/home/ram/cognipilot/cranium/install/corti:/home/ram/cognipilot/cranium/install/synapse_msgs:/home/ram/cognipilot/cranium/install/dream_world:/home/ram/cognipilot/cranium/install/cerebri_bringup:/home/ram/cognipilot/cranium/install/b3rb_simulator:/home/ram/cognipilot/cranium/install/b3rb_desktop:/home/ram/cognipilot/cranium/install/b3rb_rviz:/home/ram/cognipilot/cranium/install/b3rb_nav2:/home/ram/cognipilot/cranium/install/b3rb_gz_resource:/home/ram/cognipilot/cranium/install/b3rb_gz_bringup:/home/ram/cognipilot/cranium/install/b3rb_description:/home/ram/cognipilot/electrode/install/electrode:/home/ram/cognipilot/cranium/install/b3rb_ros_line_follower:/opt/ros/humble PATH=/home/ram/melfa_ros2/install/xacro/bin:${PATH} PYTHONPATH=/home/ram/melfa_ros2/install/xacro/local/lib/python3.10/dist-packages:${PYTHONPATH} /usr/bin/cmake --build /home/ram/melfa_ros2/build/melfa_description -- -j16 -l16[0m
[3.048s] [34mcolcon.colcon_core.event_handler.log_command[0m [1;30mDEBUG[0m [32mInvoking command in '/home/ram/melfa_ros2/build/melfa_description': AMENT_PREFIX_PATH=/home/ram/melfa_ros2/install/xacro:${AMENT_PREFIX_PATH} CMAKE_PREFIX_PATH=/home/ram/melfa_ros2/install/xacro:/home/ram/cognipilot/cranium/install/synapse_ros:/home/ram/cognipilot/cranium/install/synapse_gz:/home/ram/cognipilot/cranium/install/synapse_tinyframe:/home/ram/cognipilot/cranium/install/synapse_protobuf:/home/ram/cognipilot/cranium/install/corti:/home/ram/cognipilot/cranium/install/synapse_msgs:/home/ram/cognipilot/cranium/install/dream_world:/home/ram/cognipilot/cranium/install/cerebri_bringup:/home/ram/cognipilot/cranium/install/b3rb_simulator:/home/ram/cognipilot/cranium/install/b3rb_desktop:/home/ram/cognipilot/cranium/install/b3rb_rviz:/home/ram/cognipilot/cranium/install/b3rb_nav2:/home/ram/cognipilot/cranium/install/b3rb_gz_resource:/home/ram/cognipilot/cranium/install/b3rb_gz_bringup:/home/ram/cognipilot/cranium/install/b3rb_description:/home/ram/cognipilot/electrode/install/electrode:/home/ram/cognipilot/cranium/install/b3rb_ros_line_follower:/opt/ros/humble PATH=/home/ram/melfa_ros2/install/xacro/bin:${PATH} PYTHONPATH=/home/ram/melfa_ros2/install/xacro/local/lib/python3.10/dist-packages:${PYTHONPATH} /usr/bin/cmake --install /home/ram/melfa_ros2/build/melfa_description[0m
[3.154s] [34mcolcon.colcon_core.environment[0m [1;30mLevel 1[0m create_environment_scripts_only(melfa_description)
[3.155s] [34mcolcon.colcon_core.event_handler.log_command[0m [1;30mDEBUG[0m [32mInvoked command in '/home/ram/melfa_ros2/build/melfa_description' returned '0': AMENT_PREFIX_PATH=/home/ram/melfa_ros2/install/xacro:${AMENT_PREFIX_PATH} CMAKE_PREFIX_PATH=/home/ram/melfa_ros2/install/xacro:/home/ram/cognipilot/cranium/install/synapse_ros:/home/ram/cognipilot/cranium/install/synapse_gz:/home/ram/cognipilot/cranium/install/synapse_tinyframe:/home/ram/cognipilot/cranium/install/synapse_protobuf:/home/ram/cognipilot/cranium/install/corti:/home/ram/cognipilot/cranium/install/synapse_msgs:/home/ram/cognipilot/cranium/install/dream_world:/home/ram/cognipilot/cranium/install/cerebri_bringup:/home/ram/cognipilot/cranium/install/b3rb_simulator:/home/ram/cognipilot/cranium/install/b3rb_desktop:/home/ram/cognipilot/cranium/install/b3rb_rviz:/home/ram/cognipilot/cranium/install/b3rb_nav2:/home/ram/cognipilot/cranium/install/b3rb_gz_resource:/home/ram/cognipilot/cranium/install/b3rb_gz_bringup:/home/ram/cognipilot/cranium/install/b3rb_description:/home/ram/cognipilot/electrode/install/electrode:/home/ram/cognipilot/cranium/install/b3rb_ros_line_follower:/opt/ros/humble PATH=/home/ram/melfa_ros2/install/xacro/bin:${PATH} PYTHONPATH=/home/ram/melfa_ros2/install/xacro/local/lib/python3.10/dist-packages:${PYTHONPATH} /usr/bin/cmake --install /home/ram/melfa_ros2/build/melfa_description[0m
[3.155s] [34mcolcon.colcon_core.environment[0m [1;30mLevel 1[0m checking '/home/ram/melfa_ros2/install/melfa_description' for CMake module files
[3.155s] [34mcolcon.colcon_core.environment[0m [1;30mLevel 1[0m checking '/home/ram/melfa_ros2/install/melfa_description' for CMake config files
[3.156s] [34mcolcon.colcon_core.shell[0m [1;30mLevel 1[0m create_environment_hook('melfa_description', 'cmake_prefix_path')
[3.156s] [34mcolcon.colcon_core.shell[0m [1;30mINFO[0m Creating environment hook '/home/ram/melfa_ros2/install/melfa_description/share/melfa_description/hook/cmake_prefix_path.ps1'
[3.156s] [34mcolcon.colcon_core.shell[0m [1;30mINFO[0m Creating environment descriptor '/home/ram/melfa_ros2/install/melfa_description/share/melfa_description/hook/cmake_prefix_path.dsv'
[3.156s] [34mcolcon.colcon_core.shell[0m [1;30mINFO[0m Creating environment hook '/home/ram/melfa_ros2/install/melfa_description/share/melfa_description/hook/cmake_prefix_path.sh'
[3.157s] [34mcolcon.colcon_core.environment[0m [1;30mLevel 1[0m checking '/home/ram/melfa_ros2/install/melfa_description/bin'
[3.157s] [34mcolcon.colcon_core.environment[0m [1;30mLevel 1[0m checking '/home/ram/melfa_ros2/install/melfa_description/lib/pkgconfig/melfa_description.pc'
[3.157s] [34mcolcon.colcon_core.environment[0m [1;30mLevel 1[0m checking '/home/ram/melfa_ros2/install/melfa_description/lib/python3.10/site-packages'
[3.157s] [34mcolcon.colcon_core.environment[0m [1;30mLevel 1[0m checking '/home/ram/melfa_ros2/install/melfa_description/bin'
[3.157s] [34mcolcon.colcon_core.shell[0m [1;30mINFO[0m Creating package script '/home/ram/melfa_ros2/install/melfa_description/share/melfa_description/package.ps1'
[3.158s] [34mcolcon.colcon_core.shell[0m [1;30mINFO[0m Creating package descriptor '/home/ram/melfa_ros2/install/melfa_description/share/melfa_description/package.dsv'
[3.158s] [34mcolcon.colcon_core.shell[0m [1;30mINFO[0m Creating package script '/home/ram/melfa_ros2/install/melfa_description/share/melfa_description/package.sh'
[3.158s] [34mcolcon.colcon_core.shell[0m [1;30mINFO[0m Creating package script '/home/ram/melfa_ros2/install/melfa_description/share/melfa_description/package.bash'
[3.158s] [34mcolcon.colcon_core.shell[0m [1;30mINFO[0m Creating package script '/home/ram/melfa_ros2/install/melfa_description/share/melfa_description/package.zsh'
[3.158s] [34mcolcon.colcon_core.environment[0m [1;30mLevel 1[0m create_file_with_runtime_dependencies(/home/ram/melfa_ros2/install/melfa_description/share/colcon-core/packages/melfa_description)
[3.159s] [34mcolcon.colcon_core.environment[0m [1;30mLevel 1[0m create_environment_scripts_only(melfa_description)
[3.159s] [34mcolcon.colcon_core.environment[0m [1;30mLevel 1[0m checking '/home/ram/melfa_ros2/install/melfa_description' for CMake module files
[3.159s] [34mcolcon.colcon_core.environment[0m [1;30mLevel 1[0m checking '/home/ram/melfa_ros2/install/melfa_description' for CMake config files
[3.159s] [34mcolcon.colcon_core.shell[0m [1;30mLevel 1[0m create_environment_hook('melfa_description', 'cmake_prefix_path')
[3.160s] [34mcolcon.colcon_core.shell[0m [1;30mINFO[0m Creating environment hook '/home/ram/melfa_ros2/install/melfa_description/share/melfa_description/hook/cmake_prefix_path.ps1'
[3.160s] [34mcolcon.colcon_core.shell[0m [1;30mINFO[0m Creating environment descriptor '/home/ram/melfa_ros2/install/melfa_description/share/melfa_description/hook/cmake_prefix_path.dsv'
[3.160s] [34mcolcon.colcon_core.shell[0m [1;30mINFO[0m Creating environment hook '/home/ram/melfa_ros2/install/melfa_description/share/melfa_description/hook/cmake_prefix_path.sh'
[3.160s] [34mcolcon.colcon_core.environment[0m [1;30mLevel 1[0m checking '/home/ram/melfa_ros2/install/melfa_description/bin'
[3.160s] [34mcolcon.colcon_core.environment[0m [1;30mLevel 1[0m checking '/home/ram/melfa_ros2/install/melfa_description/lib/pkgconfig/melfa_description.pc'
[3.160s] [34mcolcon.colcon_core.environment[0m [1;30mLevel 1[0m checking '/home/ram/melfa_ros2/install/melfa_description/lib/python3.10/site-packages'
[3.161s] [34mcolcon.colcon_core.environment[0m [1;30mLevel 1[0m checking '/home/ram/melfa_ros2/install/melfa_description/bin'
[3.161s] [34mcolcon.colcon_core.shell[0m [1;30mINFO[0m Creating package script '/home/ram/melfa_ros2/install/melfa_description/share/melfa_description/package.ps1'
[3.161s] [34mcolcon.colcon_core.shell[0m [1;30mINFO[0m Creating package descriptor '/home/ram/melfa_ros2/install/melfa_description/share/melfa_description/package.dsv'
[3.169s] [34mcolcon.colcon_core.shell[0m [1;30mINFO[0m Creating package script '/home/ram/melfa_ros2/install/melfa_description/share/melfa_description/package.sh'
[3.170s] [34mcolcon.colcon_core.shell[0m [1;30mINFO[0m Creating package script '/home/ram/melfa_ros2/install/melfa_description/share/melfa_description/package.bash'
[3.170s] [34mcolcon.colcon_core.shell[0m [1;30mINFO[0m Creating package script '/home/ram/melfa_ros2/install/melfa_description/share/melfa_description/package.zsh'
[3.171s] [34mcolcon.colcon_core.environment[0m [1;30mLevel 1[0m create_file_with_runtime_dependencies(/home/ram/melfa_ros2/install/melfa_description/share/colcon-core/packages/melfa_description)
[3.172s] [34mcolcon.colcon_ros.task.ament_cmake.build[0m [1;30mINFO[0m Building ROS package in '/home/ram/melfa_ros2/src/melfa_ros2_driver/melfa_driver' with build type 'ament_cmake'
[3.172s] [34mcolcon.colcon_cmake.task.cmake.build[0m [1;30mINFO[0m Building CMake package in '/home/ram/melfa_ros2/src/melfa_ros2_driver/melfa_driver'
[3.172s] [34mcolcon.colcon_core.shell[0m [1;30mINFO[0m Skip shell extension 'powershell' for command environment: Not usable outside of PowerShell
[3.172s] [34mcolcon.colcon_core.shell[0m [1;30mDEBUG[0m [32mSkip shell extension 'dsv' for command environment[0m
[3.179s] [34mcolcon.colcon_ros.task.ament_cmake.build[0m [1;30mINFO[0m Building ROS package in '/home/ram/melfa_ros2/src/melfa_ros2_driver/melfa_moveit_config/melfa_rh6crh6020_moveit_config' with build type 'ament_cmake'
[3.179s] [34mcolcon.colcon_cmake.task.cmake.build[0m [1;30mINFO[0m Building CMake package in '/home/ram/melfa_ros2/src/melfa_ros2_driver/melfa_moveit_config/melfa_rh6crh6020_moveit_config'
[3.180s] [34mcolcon.colcon_core.shell[0m [1;30mINFO[0m Skip shell extension 'powershell' for command environment: Not usable outside of PowerShell
[3.180s] [34mcolcon.colcon_core.shell[0m [1;30mDEBUG[0m [32mSkip shell extension 'dsv' for command environment[0m
[3.186s] [34mcolcon.colcon_ros.task.ament_cmake.build[0m [1;30mINFO[0m Building ROS package in '/home/ram/melfa_ros2/src/melfa_ros2_driver/melfa_moveit_config/melfa_rh6frh5520_moveit_config' with build type 'ament_cmake'
[3.186s] [34mcolcon.colcon_cmake.task.cmake.build[0m [1;30mINFO[0m Building CMake package in '/home/ram/melfa_ros2/src/melfa_ros2_driver/melfa_moveit_config/melfa_rh6frh5520_moveit_config'
[3.187s] [34mcolcon.colcon_core.shell[0m [1;30mINFO[0m Skip shell extension 'powershell' for command environment: Not usable outside of PowerShell
[3.187s] [34mcolcon.colcon_core.shell[0m [1;30mDEBUG[0m [32mSkip shell extension 'dsv' for command environment[0m
[3.193s] [34mcolcon.colcon_ros.task.ament_cmake.build[0m [1;30mINFO[0m Building ROS package in '/home/ram/melfa_ros2/src/melfa_ros2_driver/melfa_moveit_config/melfa_rv13frl_moveit_config' with build type 'ament_cmake'
[3.193s] [34mcolcon.colcon_cmake.task.cmake.build[0m [1;30mINFO[0m Building CMake package in '/home/ram/melfa_ros2/src/melfa_ros2_driver/melfa_moveit_config/melfa_rv13frl_moveit_config'
[3.194s] [34mcolcon.colcon_core.shell[0m [1;30mINFO[0m Skip shell extension 'powershell' for command environment: Not usable outside of PowerShell
[3.194s] [34mcolcon.colcon_core.shell[0m [1;30mDEBUG[0m [32mSkip shell extension 'dsv' for command environment[0m
[3.202s] [34mcolcon.colcon_ros.task.ament_cmake.build[0m [1;30mINFO[0m Building ROS package in '/home/ram/melfa_ros2/src/melfa_ros2_driver/melfa_moveit_config/melfa_rv2fr_moveit_config' with build type 'ament_cmake'
[3.202s] [34mcolcon.colcon_cmake.task.cmake.build[0m [1;30mINFO[0m Building CMake package in '/home/ram/melfa_ros2/src/melfa_ros2_driver/melfa_moveit_config/melfa_rv2fr_moveit_config'
[3.203s] [34mcolcon.colcon_core.shell[0m [1;30mINFO[0m Skip shell extension 'powershell' for command environment: Not usable outside of PowerShell
[3.203s] [34mcolcon.colcon_core.shell[0m [1;30mDEBUG[0m [32mSkip shell extension 'dsv' for command environment[0m
[3.211s] [34mcolcon.colcon_ros.task.ament_cmake.build[0m [1;30mINFO[0m Building ROS package in '/home/ram/melfa_ros2/src/melfa_ros2_driver/melfa_moveit_config/melfa_rv4fr_moveit_config' with build type 'ament_cmake'
[3.211s] [34mcolcon.colcon_cmake.task.cmake.build[0m [1;30mINFO[0m Building CMake package in '/home/ram/melfa_ros2/src/melfa_ros2_driver/melfa_moveit_config/melfa_rv4fr_moveit_config'
[3.211s] [34mcolcon.colcon_core.shell[0m [1;30mINFO[0m Skip shell extension 'powershell' for command environment: Not usable outside of PowerShell
[3.211s] [34mcolcon.colcon_core.shell[0m [1;30mDEBUG[0m [32mSkip shell extension 'dsv' for command environment[0m
[3.218s] [34mcolcon.colcon_ros.task.ament_cmake.build[0m [1;30mINFO[0m Building ROS package in '/home/ram/melfa_ros2/src/melfa_ros2_driver/melfa_moveit_config/melfa_rv4frl_moveit_config' with build type 'ament_cmake'
[3.218s] [34mcolcon.colcon_cmake.task.cmake.build[0m [1;30mINFO[0m Building CMake package in '/home/ram/melfa_ros2/src/melfa_ros2_driver/melfa_moveit_config/melfa_rv4frl_moveit_config'
[3.218s] [34mcolcon.colcon_core.shell[0m [1;30mINFO[0m Skip shell extension 'powershell' for command environment: Not usable outside of PowerShell
[3.218s] [34mcolcon.colcon_core.shell[0m [1;30mDEBUG[0m [32mSkip shell extension 'dsv' for command environment[0m
[3.225s] [34mcolcon.colcon_ros.task.ament_cmake.build[0m [1;30mINFO[0m Building ROS package in '/home/ram/melfa_ros2/src/melfa_ros2_driver/melfa_moveit_config/melfa_rv5as_moveit_config' with build type 'ament_cmake'
[3.225s] [34mcolcon.colcon_cmake.task.cmake.build[0m [1;30mINFO[0m Building CMake package in '/home/ram/melfa_ros2/src/melfa_ros2_driver/melfa_moveit_config/melfa_rv5as_moveit_config'
[3.225s] [34mcolcon.colcon_core.shell[0m [1;30mINFO[0m Skip shell extension 'powershell' for command environment: Not usable outside of PowerShell
[3.225s] [34mcolcon.colcon_core.shell[0m [1;30mDEBUG[0m [32mSkip shell extension 'dsv' for command environment[0m
[3.236s] [34mcolcon.colcon_ros.task.ament_cmake.build[0m [1;30mINFO[0m Building ROS package in '/home/ram/melfa_ros2/src/melfa_ros2_driver/melfa_moveit_config/melfa_rv7frl_moveit_config' with build type 'ament_cmake'
[3.236s] [34mcolcon.colcon_cmake.task.cmake.build[0m [1;30mINFO[0m Building CMake package in '/home/ram/melfa_ros2/src/melfa_ros2_driver/melfa_moveit_config/melfa_rv7frl_moveit_config'
[3.236s] [34mcolcon.colcon_core.shell[0m [1;30mINFO[0m Skip shell extension 'powershell' for command environment: Not usable outside of PowerShell
[3.236s] [34mcolcon.colcon_core.shell[0m [1;30mDEBUG[0m [32mSkip shell extension 'dsv' for command environment[0m
[3.244s] [34mcolcon.colcon_ros.task.ament_cmake.build[0m [1;30mINFO[0m Building ROS package in '/home/ram/melfa_ros2/src/melfa_ros2_driver/melfa_moveit_config/melfa_rv80fr_moveit_config' with build type 'ament_cmake'
[3.244s] [34mcolcon.colcon_cmake.task.cmake.build[0m [1;30mINFO[0m Building CMake package in '/home/ram/melfa_ros2/src/melfa_ros2_driver/melfa_moveit_config/melfa_rv80fr_moveit_config'
[3.244s] [34mcolcon.colcon_core.shell[0m [1;30mINFO[0m Skip shell extension 'powershell' for command environment: Not usable outside of PowerShell
[3.244s] [34mcolcon.colcon_core.shell[0m [1;30mDEBUG[0m [32mSkip shell extension 'dsv' for command environment[0m
[3.248s] [34mcolcon.colcon_ros.task.ament_cmake.build[0m [1;30mINFO[0m Building ROS package in '/home/ram/melfa_ros2/src/melfa_ros2_driver/melfa_moveit_config/melfa_rv8crl_moveit_config' with build type 'ament_cmake'
[3.248s] [34mcolcon.colcon_cmake.task.cmake.build[0m [1;30mINFO[0m Building CMake package in '/home/ram/melfa_ros2/src/melfa_ros2_driver/melfa_moveit_config/melfa_rv8crl_moveit_config'
[3.248s] [34mcolcon.colcon_core.shell[0m [1;30mINFO[0m Skip shell extension 'powershell' for command environment: Not usable outside of PowerShell
[3.248s] [34mcolcon.colcon_core.shell[0m [1;30mDEBUG[0m [32mSkip shell extension 'dsv' for command environment[0m
[3.260s] [34mcolcon.colcon_core.event_handler.log_command[0m [1;30mDEBUG[0m [32mInvoking command in '/home/ram/melfa_ros2/build/melfa_driver': AMENT_PREFIX_PATH=/home/ram/melfa_ros2/install/melfa_description:/home/ram/melfa_ros2/install/melfa_bringup:/home/ram/melfa_ros2/install/xacro:${AMENT_PREFIX_PATH} CMAKE_PREFIX_PATH=/home/ram/melfa_ros2/install/melfa_description:/home/ram/melfa_ros2/install/melfa_bringup:/home/ram/melfa_ros2/install/xacro:/home/ram/cognipilot/cranium/install/synapse_ros:/home/ram/cognipilot/cranium/install/synapse_gz:/home/ram/cognipilot/cranium/install/synapse_tinyframe:/home/ram/cognipilot/cranium/install/synapse_protobuf:/home/ram/cognipilot/cranium/install/corti:/home/ram/cognipilot/cranium/install/synapse_msgs:/home/ram/cognipilot/cranium/install/dream_world:/home/ram/cognipilot/cranium/install/cerebri_bringup:/home/ram/cognipilot/cranium/install/b3rb_simulator:/home/ram/cognipilot/cranium/install/b3rb_desktop:/home/ram/cognipilot/cranium/install/b3rb_rviz:/home/ram/cognipilot/cranium/install/b3rb_nav2:/home/ram/cognipilot/cranium/install/b3rb_gz_resource:/home/ram/cognipilot/cranium/install/b3rb_gz_bringup:/home/ram/cognipilot/cranium/install/b3rb_description:/home/ram/cognipilot/electrode/install/electrode:/home/ram/cognipilot/cranium/install/b3rb_ros_line_follower:/opt/ros/humble PATH=/home/ram/melfa_ros2/install/xacro/bin:${PATH} PYTHONPATH=/home/ram/melfa_ros2/install/xacro/local/lib/python3.10/dist-packages:${PYTHONPATH} /usr/bin/cmake /home/ram/melfa_ros2/src/melfa_ros2_driver/melfa_driver -DCMAKE_INSTALL_PREFIX=/home/ram/melfa_ros2/install/melfa_driver[0m
[3.266s] [34mcolcon.colcon_core.event_handler.log_command[0m [1;30mDEBUG[0m [32mInvoking command in '/home/ram/melfa_ros2/build/melfa_rh6crh6020_moveit_config': AMENT_PREFIX_PATH=/home/ram/melfa_ros2/install/melfa_description:/home/ram/melfa_ros2/install/xacro:${AMENT_PREFIX_PATH} CMAKE_PREFIX_PATH=/home/ram/melfa_ros2/install/melfa_description:/home/ram/melfa_ros2/install/xacro:/home/ram/cognipilot/cranium/install/synapse_ros:/home/ram/cognipilot/cranium/install/synapse_gz:/home/ram/cognipilot/cranium/install/synapse_tinyframe:/home/ram/cognipilot/cranium/install/synapse_protobuf:/home/ram/cognipilot/cranium/install/corti:/home/ram/cognipilot/cranium/install/synapse_msgs:/home/ram/cognipilot/cranium/install/dream_world:/home/ram/cognipilot/cranium/install/cerebri_bringup:/home/ram/cognipilot/cranium/install/b3rb_simulator:/home/ram/cognipilot/cranium/install/b3rb_desktop:/home/ram/cognipilot/cranium/install/b3rb_rviz:/home/ram/cognipilot/cranium/install/b3rb_nav2:/home/ram/cognipilot/cranium/install/b3rb_gz_resource:/home/ram/cognipilot/cranium/install/b3rb_gz_bringup:/home/ram/cognipilot/cranium/install/b3rb_description:/home/ram/cognipilot/electrode/install/electrode:/home/ram/cognipilot/cranium/install/b3rb_ros_line_follower:/opt/ros/humble PATH=/home/ram/melfa_ros2/install/xacro/bin:${PATH} PYTHONPATH=/home/ram/melfa_ros2/install/xacro/local/lib/python3.10/dist-packages:${PYTHONPATH} /usr/bin/cmake /home/ram/melfa_ros2/src/melfa_ros2_driver/melfa_moveit_config/melfa_rh6crh6020_moveit_config -DCMAKE_INSTALL_PREFIX=/home/ram/melfa_ros2/install/melfa_rh6crh6020_moveit_config[0m
[3.269s] [34mcolcon.colcon_core.event_handler.log_command[0m [1;30mDEBUG[0m [32mInvoking command in '/home/ram/melfa_ros2/build/melfa_rh6frh5520_moveit_config': AMENT_PREFIX_PATH=/home/ram/melfa_ros2/install/melfa_description:/home/ram/melfa_ros2/install/xacro:${AMENT_PREFIX_PATH} CMAKE_PREFIX_PATH=/home/ram/melfa_ros2/install/melfa_description:/home/ram/melfa_ros2/install/xacro:/home/ram/cognipilot/cranium/install/synapse_ros:/home/ram/cognipilot/cranium/install/synapse_gz:/home/ram/cognipilot/cranium/install/synapse_tinyframe:/home/ram/cognipilot/cranium/install/synapse_protobuf:/home/ram/cognipilot/cranium/install/corti:/home/ram/cognipilot/cranium/install/synapse_msgs:/home/ram/cognipilot/cranium/install/dream_world:/home/ram/cognipilot/cranium/install/cerebri_bringup:/home/ram/cognipilot/cranium/install/b3rb_simulator:/home/ram/cognipilot/cranium/install/b3rb_desktop:/home/ram/cognipilot/cranium/install/b3rb_rviz:/home/ram/cognipilot/cranium/install/b3rb_nav2:/home/ram/cognipilot/cranium/install/b3rb_gz_resource:/home/ram/cognipilot/cranium/install/b3rb_gz_bringup:/home/ram/cognipilot/cranium/install/b3rb_description:/home/ram/cognipilot/electrode/install/electrode:/home/ram/cognipilot/cranium/install/b3rb_ros_line_follower:/opt/ros/humble PATH=/home/ram/melfa_ros2/install/xacro/bin:${PATH} PYTHONPATH=/home/ram/melfa_ros2/install/xacro/local/lib/python3.10/dist-packages:${PYTHONPATH} /usr/bin/cmake /home/ram/melfa_ros2/src/melfa_ros2_driver/melfa_moveit_config/melfa_rh6frh5520_moveit_config -DCMAKE_INSTALL_PREFIX=/home/ram/melfa_ros2/install/melfa_rh6frh5520_moveit_config[0m
[3.278s] [34mcolcon.colcon_core.event_handler.log_command[0m [1;30mDEBUG[0m [32mInvoking command in '/home/ram/melfa_ros2/build/melfa_rv13frl_moveit_config': AMENT_PREFIX_PATH=/home/ram/melfa_ros2/install/melfa_description:/home/ram/melfa_ros2/install/xacro:${AMENT_PREFIX_PATH} CMAKE_PREFIX_PATH=/home/ram/melfa_ros2/install/melfa_description:/home/ram/melfa_ros2/install/xacro:/home/ram/cognipilot/cranium/install/synapse_ros:/home/ram/cognipilot/cranium/install/synapse_gz:/home/ram/cognipilot/cranium/install/synapse_tinyframe:/home/ram/cognipilot/cranium/install/synapse_protobuf:/home/ram/cognipilot/cranium/install/corti:/home/ram/cognipilot/cranium/install/synapse_msgs:/home/ram/cognipilot/cranium/install/dream_world:/home/ram/cognipilot/cranium/install/cerebri_bringup:/home/ram/cognipilot/cranium/install/b3rb_simulator:/home/ram/cognipilot/cranium/install/b3rb_desktop:/home/ram/cognipilot/cranium/install/b3rb_rviz:/home/ram/cognipilot/cranium/install/b3rb_nav2:/home/ram/cognipilot/cranium/install/b3rb_gz_resource:/home/ram/cognipilot/cranium/install/b3rb_gz_bringup:/home/ram/cognipilot/cranium/install/b3rb_description:/home/ram/cognipilot/electrode/install/electrode:/home/ram/cognipilot/cranium/install/b3rb_ros_line_follower:/opt/ros/humble PATH=/home/ram/melfa_ros2/install/xacro/bin:${PATH} PYTHONPATH=/home/ram/melfa_ros2/install/xacro/local/lib/python3.10/dist-packages:${PYTHONPATH} /usr/bin/cmake /home/ram/melfa_ros2/src/melfa_ros2_driver/melfa_moveit_config/melfa_rv13frl_moveit_config -DCMAKE_INSTALL_PREFIX=/home/ram/melfa_ros2/install/melfa_rv13frl_moveit_config[0m
[3.284s] [34mcolcon.colcon_core.event_handler.log_command[0m [1;30mDEBUG[0m [32mInvoking command in '/home/ram/melfa_ros2/build/melfa_rv2fr_moveit_config': AMENT_PREFIX_PATH=/home/ram/melfa_ros2/install/melfa_description:/home/ram/melfa_ros2/install/xacro:${AMENT_PREFIX_PATH} CMAKE_PREFIX_PATH=/home/ram/melfa_ros2/install/melfa_description:/home/ram/melfa_ros2/install/xacro:/home/ram/cognipilot/cranium/install/synapse_ros:/home/ram/cognipilot/cranium/install/synapse_gz:/home/ram/cognipilot/cranium/install/synapse_tinyframe:/home/ram/cognipilot/cranium/install/synapse_protobuf:/home/ram/cognipilot/cranium/install/corti:/home/ram/cognipilot/cranium/install/synapse_msgs:/home/ram/cognipilot/cranium/install/dream_world:/home/ram/cognipilot/cranium/install/cerebri_bringup:/home/ram/cognipilot/cranium/install/b3rb_simulator:/home/ram/cognipilot/cranium/install/b3rb_desktop:/home/ram/cognipilot/cranium/install/b3rb_rviz:/home/ram/cognipilot/cranium/install/b3rb_nav2:/home/ram/cognipilot/cranium/install/b3rb_gz_resource:/home/ram/cognipilot/cranium/install/b3rb_gz_bringup:/home/ram/cognipilot/cranium/install/b3rb_description:/home/ram/cognipilot/electrode/install/electrode:/home/ram/cognipilot/cranium/install/b3rb_ros_line_follower:/opt/ros/humble PATH=/home/ram/melfa_ros2/install/xacro/bin:${PATH} PYTHONPATH=/home/ram/melfa_ros2/install/xacro/local/lib/python3.10/dist-packages:${PYTHONPATH} /usr/bin/cmake /home/ram/melfa_ros2/src/melfa_ros2_driver/melfa_moveit_config/melfa_rv2fr_moveit_config -DCMAKE_INSTALL_PREFIX=/home/ram/melfa_ros2/install/melfa_rv2fr_moveit_config[0m
[3.293s] [34mcolcon.colcon_core.event_handler.log_command[0m [1;30mDEBUG[0m [32mInvoking command in '/home/ram/melfa_ros2/build/melfa_rv4fr_moveit_config': AMENT_PREFIX_PATH=/home/ram/melfa_ros2/install/melfa_description:/home/ram/melfa_ros2/install/xacro:${AMENT_PREFIX_PATH} CMAKE_PREFIX_PATH=/home/ram/melfa_ros2/install/melfa_description:/home/ram/melfa_ros2/install/xacro:/home/ram/cognipilot/cranium/install/synapse_ros:/home/ram/cognipilot/cranium/install/synapse_gz:/home/ram/cognipilot/cranium/install/synapse_tinyframe:/home/ram/cognipilot/cranium/install/synapse_protobuf:/home/ram/cognipilot/cranium/install/corti:/home/ram/cognipilot/cranium/install/synapse_msgs:/home/ram/cognipilot/cranium/install/dream_world:/home/ram/cognipilot/cranium/install/cerebri_bringup:/home/ram/cognipilot/cranium/install/b3rb_simulator:/home/ram/cognipilot/cranium/install/b3rb_desktop:/home/ram/cognipilot/cranium/install/b3rb_rviz:/home/ram/cognipilot/cranium/install/b3rb_nav2:/home/ram/cognipilot/cranium/install/b3rb_gz_resource:/home/ram/cognipilot/cranium/install/b3rb_gz_bringup:/home/ram/cognipilot/cranium/install/b3rb_description:/home/ram/cognipilot/electrode/install/electrode:/home/ram/cognipilot/cranium/install/b3rb_ros_line_follower:/opt/ros/humble PATH=/home/ram/melfa_ros2/install/xacro/bin:${PATH} PYTHONPATH=/home/ram/melfa_ros2/install/xacro/local/lib/python3.10/dist-packages:${PYTHONPATH} /usr/bin/cmake /home/ram/melfa_ros2/src/melfa_ros2_driver/melfa_moveit_config/melfa_rv4fr_moveit_config -DCMAKE_INSTALL_PREFIX=/home/ram/melfa_ros2/install/melfa_rv4fr_moveit_config[0m
[3.294s] [34mcolcon.colcon_core.event_handler.log_command[0m [1;30mDEBUG[0m [32mInvoking command in '/home/ram/melfa_ros2/build/melfa_rv4frl_moveit_config': AMENT_PREFIX_PATH=/home/ram/melfa_ros2/install/melfa_description:/home/ram/melfa_ros2/install/xacro:${AMENT_PREFIX_PATH} CMAKE_PREFIX_PATH=/home/ram/melfa_ros2/install/melfa_description:/home/ram/melfa_ros2/install/xacro:/home/ram/cognipilot/cranium/install/synapse_ros:/home/ram/cognipilot/cranium/install/synapse_gz:/home/ram/cognipilot/cranium/install/synapse_tinyframe:/home/ram/cognipilot/cranium/install/synapse_protobuf:/home/ram/cognipilot/cranium/install/corti:/home/ram/cognipilot/cranium/install/synapse_msgs:/home/ram/cognipilot/cranium/install/dream_world:/home/ram/cognipilot/cranium/install/cerebri_bringup:/home/ram/cognipilot/cranium/install/b3rb_simulator:/home/ram/cognipilot/cranium/install/b3rb_desktop:/home/ram/cognipilot/cranium/install/b3rb_rviz:/home/ram/cognipilot/cranium/install/b3rb_nav2:/home/ram/cognipilot/cranium/install/b3rb_gz_resource:/home/ram/cognipilot/cranium/install/b3rb_gz_bringup:/home/ram/cognipilot/cranium/install/b3rb_description:/home/ram/cognipilot/electrode/install/electrode:/home/ram/cognipilot/cranium/install/b3rb_ros_line_follower:/opt/ros/humble PATH=/home/ram/melfa_ros2/install/xacro/bin:${PATH} PYTHONPATH=/home/ram/melfa_ros2/install/xacro/local/lib/python3.10/dist-packages:${PYTHONPATH} /usr/bin/cmake /home/ram/melfa_ros2/src/melfa_ros2_driver/melfa_moveit_config/melfa_rv4frl_moveit_config -DCMAKE_INSTALL_PREFIX=/home/ram/melfa_ros2/install/melfa_rv4frl_moveit_config[0m
[3.299s] [34mcolcon.colcon_core.event_handler.log_command[0m [1;30mDEBUG[0m [32mInvoking command in '/home/ram/melfa_ros2/build/melfa_rv5as_moveit_config': AMENT_PREFIX_PATH=/home/ram/melfa_ros2/install/melfa_description:/home/ram/melfa_ros2/install/xacro:${AMENT_PREFIX_PATH} CMAKE_PREFIX_PATH=/home/ram/melfa_ros2/install/melfa_description:/home/ram/melfa_ros2/install/xacro:/home/ram/cognipilot/cranium/install/synapse_ros:/home/ram/cognipilot/cranium/install/synapse_gz:/home/ram/cognipilot/cranium/install/synapse_tinyframe:/home/ram/cognipilot/cranium/install/synapse_protobuf:/home/ram/cognipilot/cranium/install/corti:/home/ram/cognipilot/cranium/install/synapse_msgs:/home/ram/cognipilot/cranium/install/dream_world:/home/ram/cognipilot/cranium/install/cerebri_bringup:/home/ram/cognipilot/cranium/install/b3rb_simulator:/home/ram/cognipilot/cranium/install/b3rb_desktop:/home/ram/cognipilot/cranium/install/b3rb_rviz:/home/ram/cognipilot/cranium/install/b3rb_nav2:/home/ram/cognipilot/cranium/install/b3rb_gz_resource:/home/ram/cognipilot/cranium/install/b3rb_gz_bringup:/home/ram/cognipilot/cranium/install/b3rb_description:/home/ram/cognipilot/electrode/install/electrode:/home/ram/cognipilot/cranium/install/b3rb_ros_line_follower:/opt/ros/humble PATH=/home/ram/melfa_ros2/install/xacro/bin:${PATH} PYTHONPATH=/home/ram/melfa_ros2/install/xacro/local/lib/python3.10/dist-packages:${PYTHONPATH} /usr/bin/cmake /home/ram/melfa_ros2/src/melfa_ros2_driver/melfa_moveit_config/melfa_rv5as_moveit_config -DCMAKE_INSTALL_PREFIX=/home/ram/melfa_ros2/install/melfa_rv5as_moveit_config[0m
[3.304s] [34mcolcon.colcon_core.event_handler.log_command[0m [1;30mDEBUG[0m [32mInvoking command in '/home/ram/melfa_ros2/build/melfa_rv7frl_moveit_config': AMENT_PREFIX_PATH=/home/ram/melfa_ros2/install/melfa_description:/home/ram/melfa_ros2/install/xacro:${AMENT_PREFIX_PATH} CMAKE_PREFIX_PATH=/home/ram/melfa_ros2/install/melfa_description:/home/ram/melfa_ros2/install/xacro:/home/ram/cognipilot/cranium/install/synapse_ros:/home/ram/cognipilot/cranium/install/synapse_gz:/home/ram/cognipilot/cranium/install/synapse_tinyframe:/home/ram/cognipilot/cranium/install/synapse_protobuf:/home/ram/cognipilot/cranium/install/corti:/home/ram/cognipilot/cranium/install/synapse_msgs:/home/ram/cognipilot/cranium/install/dream_world:/home/ram/cognipilot/cranium/install/cerebri_bringup:/home/ram/cognipilot/cranium/install/b3rb_simulator:/home/ram/cognipilot/cranium/install/b3rb_desktop:/home/ram/cognipilot/cranium/install/b3rb_rviz:/home/ram/cognipilot/cranium/install/b3rb_nav2:/home/ram/cognipilot/cranium/install/b3rb_gz_resource:/home/ram/cognipilot/cranium/install/b3rb_gz_bringup:/home/ram/cognipilot/cranium/install/b3rb_description:/home/ram/cognipilot/electrode/install/electrode:/home/ram/cognipilot/cranium/install/b3rb_ros_line_follower:/opt/ros/humble PATH=/home/ram/melfa_ros2/install/xacro/bin:${PATH} PYTHONPATH=/home/ram/melfa_ros2/install/xacro/local/lib/python3.10/dist-packages:${PYTHONPATH} /usr/bin/cmake /home/ram/melfa_ros2/src/melfa_ros2_driver/melfa_moveit_config/melfa_rv7frl_moveit_config -DCMAKE_INSTALL_PREFIX=/home/ram/melfa_ros2/install/melfa_rv7frl_moveit_config[0m
[3.311s] [34mcolcon.colcon_core.event_handler.log_command[0m [1;30mDEBUG[0m [32mInvoking command in '/home/ram/melfa_ros2/build/melfa_rv80fr_moveit_config': AMENT_PREFIX_PATH=/home/ram/melfa_ros2/install/melfa_description:/home/ram/melfa_ros2/install/xacro:${AMENT_PREFIX_PATH} CMAKE_PREFIX_PATH=/home/ram/melfa_ros2/install/melfa_description:/home/ram/melfa_ros2/install/xacro:/home/ram/cognipilot/cranium/install/synapse_ros:/home/ram/cognipilot/cranium/install/synapse_gz:/home/ram/cognipilot/cranium/install/synapse_tinyframe:/home/ram/cognipilot/cranium/install/synapse_protobuf:/home/ram/cognipilot/cranium/install/corti:/home/ram/cognipilot/cranium/install/synapse_msgs:/home/ram/cognipilot/cranium/install/dream_world:/home/ram/cognipilot/cranium/install/cerebri_bringup:/home/ram/cognipilot/cranium/install/b3rb_simulator:/home/ram/cognipilot/cranium/install/b3rb_desktop:/home/ram/cognipilot/cranium/install/b3rb_rviz:/home/ram/cognipilot/cranium/install/b3rb_nav2:/home/ram/cognipilot/cranium/install/b3rb_gz_resource:/home/ram/cognipilot/cranium/install/b3rb_gz_bringup:/home/ram/cognipilot/cranium/install/b3rb_description:/home/ram/cognipilot/electrode/install/electrode:/home/ram/cognipilot/cranium/install/b3rb_ros_line_follower:/opt/ros/humble PATH=/home/ram/melfa_ros2/install/xacro/bin:${PATH} PYTHONPATH=/home/ram/melfa_ros2/install/xacro/local/lib/python3.10/dist-packages:${PYTHONPATH} /usr/bin/cmake /home/ram/melfa_ros2/src/melfa_ros2_driver/melfa_moveit_config/melfa_rv80fr_moveit_config -DCMAKE_INSTALL_PREFIX=/home/ram/melfa_ros2/install/melfa_rv80fr_moveit_config[0m
[3.349s] [34mcolcon.colcon_core.event_handler.log_command[0m [1;30mDEBUG[0m [32mInvoking command in '/home/ram/melfa_ros2/build/melfa_rv8crl_moveit_config': AMENT_PREFIX_PATH=/home/ram/melfa_ros2/install/melfa_description:/home/ram/melfa_ros2/install/xacro:${AMENT_PREFIX_PATH} CMAKE_PREFIX_PATH=/home/ram/melfa_ros2/install/melfa_description:/home/ram/melfa_ros2/install/xacro:/home/ram/cognipilot/cranium/install/synapse_ros:/home/ram/cognipilot/cranium/install/synapse_gz:/home/ram/cognipilot/cranium/install/synapse_tinyframe:/home/ram/cognipilot/cranium/install/synapse_protobuf:/home/ram/cognipilot/cranium/install/corti:/home/ram/cognipilot/cranium/install/synapse_msgs:/home/ram/cognipilot/cranium/install/dream_world:/home/ram/cognipilot/cranium/install/cerebri_bringup:/home/ram/cognipilot/cranium/install/b3rb_simulator:/home/ram/cognipilot/cranium/install/b3rb_desktop:/home/ram/cognipilot/cranium/install/b3rb_rviz:/home/ram/cognipilot/cranium/install/b3rb_nav2:/home/ram/cognipilot/cranium/install/b3rb_gz_resource:/home/ram/cognipilot/cranium/install/b3rb_gz_bringup:/home/ram/cognipilot/cranium/install/b3rb_description:/home/ram/cognipilot/electrode/install/electrode:/home/ram/cognipilot/cranium/install/b3rb_ros_line_follower:/opt/ros/humble PATH=/home/ram/melfa_ros2/install/xacro/bin:${PATH} PYTHONPATH=/home/ram/melfa_ros2/install/xacro/local/lib/python3.10/dist-packages:${PYTHONPATH} /usr/bin/cmake /home/ram/melfa_ros2/src/melfa_ros2_driver/melfa_moveit_config/melfa_rv8crl_moveit_config -DCMAKE_INSTALL_PREFIX=/home/ram/melfa_ros2/install/melfa_rv8crl_moveit_config[0m
[5.511s] [34mcolcon.colcon_core.event_handler.log_command[0m [1;30mDEBUG[0m [32mInvoked command in '/home/ram/melfa_ros2/build/melfa_rv13frl_moveit_config' returned '0': AMENT_PREFIX_PATH=/home/ram/melfa_ros2/install/melfa_description:/home/ram/melfa_ros2/install/xacro:${AMENT_PREFIX_PATH} CMAKE_PREFIX_PATH=/home/ram/melfa_ros2/install/melfa_description:/home/ram/melfa_ros2/install/xacro:/home/ram/cognipilot/cranium/install/synapse_ros:/home/ram/cognipilot/cranium/install/synapse_gz:/home/ram/cognipilot/cranium/install/synapse_tinyframe:/home/ram/cognipilot/cranium/install/synapse_protobuf:/home/ram/cognipilot/cranium/install/corti:/home/ram/cognipilot/cranium/install/synapse_msgs:/home/ram/cognipilot/cranium/install/dream_world:/home/ram/cognipilot/cranium/install/cerebri_bringup:/home/ram/cognipilot/cranium/install/b3rb_simulator:/home/ram/cognipilot/cranium/install/b3rb_desktop:/home/ram/cognipilot/cranium/install/b3rb_rviz:/home/ram/cognipilot/cranium/install/b3rb_nav2:/home/ram/cognipilot/cranium/install/b3rb_gz_resource:/home/ram/cognipilot/cranium/install/b3rb_gz_bringup:/home/ram/cognipilot/cranium/install/b3rb_description:/home/ram/cognipilot/electrode/install/electrode:/home/ram/cognipilot/cranium/install/b3rb_ros_line_follower:/opt/ros/humble PATH=/home/ram/melfa_ros2/install/xacro/bin:${PATH} PYTHONPATH=/home/ram/melfa_ros2/install/xacro/local/lib/python3.10/dist-packages:${PYTHONPATH} /usr/bin/cmake /home/ram/melfa_ros2/src/melfa_ros2_driver/melfa_moveit_config/melfa_rv13frl_moveit_config -DCMAKE_INSTALL_PREFIX=/home/ram/melfa_ros2/install/melfa_rv13frl_moveit_config[0m
[5.514s] [34mcolcon.colcon_core.event_handler.log_command[0m [1;30mDEBUG[0m [32mInvoking command in '/home/ram/melfa_ros2/build/melfa_rv13frl_moveit_config': AMENT_PREFIX_PATH=/home/ram/melfa_ros2/install/melfa_description:/home/ram/melfa_ros2/install/xacro:${AMENT_PREFIX_PATH} CMAKE_PREFIX_PATH=/home/ram/melfa_ros2/install/melfa_description:/home/ram/melfa_ros2/install/xacro:/home/ram/cognipilot/cranium/install/synapse_ros:/home/ram/cognipilot/cranium/install/synapse_gz:/home/ram/cognipilot/cranium/install/synapse_tinyframe:/home/ram/cognipilot/cranium/install/synapse_protobuf:/home/ram/cognipilot/cranium/install/corti:/home/ram/cognipilot/cranium/install/synapse_msgs:/home/ram/cognipilot/cranium/install/dream_world:/home/ram/cognipilot/cranium/install/cerebri_bringup:/home/ram/cognipilot/cranium/install/b3rb_simulator:/home/ram/cognipilot/cranium/install/b3rb_desktop:/home/ram/cognipilot/cranium/install/b3rb_rviz:/home/ram/cognipilot/cranium/install/b3rb_nav2:/home/ram/cognipilot/cranium/install/b3rb_gz_resource:/home/ram/cognipilot/cranium/install/b3rb_gz_bringup:/home/ram/cognipilot/cranium/install/b3rb_description:/home/ram/cognipilot/electrode/install/electrode:/home/ram/cognipilot/cranium/install/b3rb_ros_line_follower:/opt/ros/humble PATH=/home/ram/melfa_ros2/install/xacro/bin:${PATH} PYTHONPATH=/home/ram/melfa_ros2/install/xacro/local/lib/python3.10/dist-packages:${PYTHONPATH} /usr/bin/cmake --build /home/ram/melfa_ros2/build/melfa_rv13frl_moveit_config -- -j16 -l16[0m
[5.526s] [34mcolcon.colcon_core.event_handler.log_command[0m [1;30mDEBUG[0m [32mInvoked command in '/home/ram/melfa_ros2/build/melfa_rv2fr_moveit_config' returned '0': AMENT_PREFIX_PATH=/home/ram/melfa_ros2/install/melfa_description:/home/ram/melfa_ros2/install/xacro:${AMENT_PREFIX_PATH} CMAKE_PREFIX_PATH=/home/ram/melfa_ros2/install/melfa_description:/home/ram/melfa_ros2/install/xacro:/home/ram/cognipilot/cranium/install/synapse_ros:/home/ram/cognipilot/cranium/install/synapse_gz:/home/ram/cognipilot/cranium/install/synapse_tinyframe:/home/ram/cognipilot/cranium/install/synapse_protobuf:/home/ram/cognipilot/cranium/install/corti:/home/ram/cognipilot/cranium/install/synapse_msgs:/home/ram/cognipilot/cranium/install/dream_world:/home/ram/cognipilot/cranium/install/cerebri_bringup:/home/ram/cognipilot/cranium/install/b3rb_simulator:/home/ram/cognipilot/cranium/install/b3rb_desktop:/home/ram/cognipilot/cranium/install/b3rb_rviz:/home/ram/cognipilot/cranium/install/b3rb_nav2:/home/ram/cognipilot/cranium/install/b3rb_gz_resource:/home/ram/cognipilot/cranium/install/b3rb_gz_bringup:/home/ram/cognipilot/cranium/install/b3rb_description:/home/ram/cognipilot/electrode/install/electrode:/home/ram/cognipilot/cranium/install/b3rb_ros_line_follower:/opt/ros/humble PATH=/home/ram/melfa_ros2/install/xacro/bin:${PATH} PYTHONPATH=/home/ram/melfa_ros2/install/xacro/local/lib/python3.10/dist-packages:${PYTHONPATH} /usr/bin/cmake /home/ram/melfa_ros2/src/melfa_ros2_driver/melfa_moveit_config/melfa_rv2fr_moveit_config -DCMAKE_INSTALL_PREFIX=/home/ram/melfa_ros2/install/melfa_rv2fr_moveit_config[0m
[5.529s] [34mcolcon.colcon_core.event_handler.log_command[0m [1;30mDEBUG[0m [32mInvoking command in '/home/ram/melfa_ros2/build/melfa_rv2fr_moveit_config': AMENT_PREFIX_PATH=/home/ram/melfa_ros2/install/melfa_description:/home/ram/melfa_ros2/install/xacro:${AMENT_PREFIX_PATH} CMAKE_PREFIX_PATH=/home/ram/melfa_ros2/install/melfa_description:/home/ram/melfa_ros2/install/xacro:/home/ram/cognipilot/cranium/install/synapse_ros:/home/ram/cognipilot/cranium/install/synapse_gz:/home/ram/cognipilot/cranium/install/synapse_tinyframe:/home/ram/cognipilot/cranium/install/synapse_protobuf:/home/ram/cognipilot/cranium/install/corti:/home/ram/cognipilot/cranium/install/synapse_msgs:/home/ram/cognipilot/cranium/install/dream_world:/home/ram/cognipilot/cranium/install/cerebri_bringup:/home/ram/cognipilot/cranium/install/b3rb_simulator:/home/ram/cognipilot/cranium/install/b3rb_desktop:/home/ram/cognipilot/cranium/install/b3rb_rviz:/home/ram/cognipilot/cranium/install/b3rb_nav2:/home/ram/cognipilot/cranium/install/b3rb_gz_resource:/home/ram/cognipilot/cranium/install/b3rb_gz_bringup:/home/ram/cognipilot/cranium/install/b3rb_description:/home/ram/cognipilot/electrode/install/electrode:/home/ram/cognipilot/cranium/install/b3rb_ros_line_follower:/opt/ros/humble PATH=/home/ram/melfa_ros2/install/xacro/bin:${PATH} PYTHONPATH=/home/ram/melfa_ros2/install/xacro/local/lib/python3.10/dist-packages:${PYTHONPATH} /usr/bin/cmake --build /home/ram/melfa_ros2/build/melfa_rv2fr_moveit_config -- -j16 -l16[0m
[5.600s] [34mcolcon.colcon_core.event_handler.log_command[0m [1;30mDEBUG[0m [32mInvoked command in '/home/ram/melfa_ros2/build/melfa_rv7frl_moveit_config' returned '0': AMENT_PREFIX_PATH=/home/ram/melfa_ros2/install/melfa_description:/home/ram/melfa_ros2/install/xacro:${AMENT_PREFIX_PATH} CMAKE_PREFIX_PATH=/home/ram/melfa_ros2/install/melfa_description:/home/ram/melfa_ros2/install/xacro:/home/ram/cognipilot/cranium/install/synapse_ros:/home/ram/cognipilot/cranium/install/synapse_gz:/home/ram/cognipilot/cranium/install/synapse_tinyframe:/home/ram/cognipilot/cranium/install/synapse_protobuf:/home/ram/cognipilot/cranium/install/corti:/home/ram/cognipilot/cranium/install/synapse_msgs:/home/ram/cognipilot/cranium/install/dream_world:/home/ram/cognipilot/cranium/install/cerebri_bringup:/home/ram/cognipilot/cranium/install/b3rb_simulator:/home/ram/cognipilot/cranium/install/b3rb_desktop:/home/ram/cognipilot/cranium/install/b3rb_rviz:/home/ram/cognipilot/cranium/install/b3rb_nav2:/home/ram/cognipilot/cranium/install/b3rb_gz_resource:/home/ram/cognipilot/cranium/install/b3rb_gz_bringup:/home/ram/cognipilot/cranium/install/b3rb_description:/home/ram/cognipilot/electrode/install/electrode:/home/ram/cognipilot/cranium/install/b3rb_ros_line_follower:/opt/ros/humble PATH=/home/ram/melfa_ros2/install/xacro/bin:${PATH} PYTHONPATH=/home/ram/melfa_ros2/install/xacro/local/lib/python3.10/dist-packages:${PYTHONPATH} /usr/bin/cmake /home/ram/melfa_ros2/src/melfa_ros2_driver/melfa_moveit_config/melfa_rv7frl_moveit_config -DCMAKE_INSTALL_PREFIX=/home/ram/melfa_ros2/install/melfa_rv7frl_moveit_config[0m
[5.601s] [34mcolcon.colcon_core.event_handler.log_command[0m [1;30mDEBUG[0m [32mInvoking command in '/home/ram/melfa_ros2/build/melfa_rv7frl_moveit_config': AMENT_PREFIX_PATH=/home/ram/melfa_ros2/install/melfa_description:/home/ram/melfa_ros2/install/xacro:${AMENT_PREFIX_PATH} CMAKE_PREFIX_PATH=/home/ram/melfa_ros2/install/melfa_description:/home/ram/melfa_ros2/install/xacro:/home/ram/cognipilot/cranium/install/synapse_ros:/home/ram/cognipilot/cranium/install/synapse_gz:/home/ram/cognipilot/cranium/install/synapse_tinyframe:/home/ram/cognipilot/cranium/install/synapse_protobuf:/home/ram/cognipilot/cranium/install/corti:/home/ram/cognipilot/cranium/install/synapse_msgs:/home/ram/cognipilot/cranium/install/dream_world:/home/ram/cognipilot/cranium/install/cerebri_bringup:/home/ram/cognipilot/cranium/install/b3rb_simulator:/home/ram/cognipilot/cranium/install/b3rb_desktop:/home/ram/cognipilot/cranium/install/b3rb_rviz:/home/ram/cognipilot/cranium/install/b3rb_nav2:/home/ram/cognipilot/cranium/install/b3rb_gz_resource:/home/ram/cognipilot/cranium/install/b3rb_gz_bringup:/home/ram/cognipilot/cranium/install/b3rb_description:/home/ram/cognipilot/electrode/install/electrode:/home/ram/cognipilot/cranium/install/b3rb_ros_line_follower:/opt/ros/humble PATH=/home/ram/melfa_ros2/install/xacro/bin:${PATH} PYTHONPATH=/home/ram/melfa_ros2/install/xacro/local/lib/python3.10/dist-packages:${PYTHONPATH} /usr/bin/cmake --build /home/ram/melfa_ros2/build/melfa_rv7frl_moveit_config -- -j16 -l16[0m
[5.603s] [34mcolcon.colcon_core.event_handler.log_command[0m [1;30mDEBUG[0m [32mInvoked command in '/home/ram/melfa_ros2/build/melfa_rv4fr_moveit_config' returned '0': AMENT_PREFIX_PATH=/home/ram/melfa_ros2/install/melfa_description:/home/ram/melfa_ros2/install/xacro:${AMENT_PREFIX_PATH} CMAKE_PREFIX_PATH=/home/ram/melfa_ros2/install/melfa_description:/home/ram/melfa_ros2/install/xacro:/home/ram/cognipilot/cranium/install/synapse_ros:/home/ram/cognipilot/cranium/install/synapse_gz:/home/ram/cognipilot/cranium/install/synapse_tinyframe:/home/ram/cognipilot/cranium/install/synapse_protobuf:/home/ram/cognipilot/cranium/install/corti:/home/ram/cognipilot/cranium/install/synapse_msgs:/home/ram/cognipilot/cranium/install/dream_world:/home/ram/cognipilot/cranium/install/cerebri_bringup:/home/ram/cognipilot/cranium/install/b3rb_simulator:/home/ram/cognipilot/cranium/install/b3rb_desktop:/home/ram/cognipilot/cranium/install/b3rb_rviz:/home/ram/cognipilot/cranium/install/b3rb_nav2:/home/ram/cognipilot/cranium/install/b3rb_gz_resource:/home/ram/cognipilot/cranium/install/b3rb_gz_bringup:/home/ram/cognipilot/cranium/install/b3rb_description:/home/ram/cognipilot/electrode/install/electrode:/home/ram/cognipilot/cranium/install/b3rb_ros_line_follower:/opt/ros/humble PATH=/home/ram/melfa_ros2/install/xacro/bin:${PATH} PYTHONPATH=/home/ram/melfa_ros2/install/xacro/local/lib/python3.10/dist-packages:${PYTHONPATH} /usr/bin/cmake /home/ram/melfa_ros2/src/melfa_ros2_driver/melfa_moveit_config/melfa_rv4fr_moveit_config -DCMAKE_INSTALL_PREFIX=/home/ram/melfa_ros2/install/melfa_rv4fr_moveit_config[0m
[5.605s] [34mcolcon.colcon_core.event_handler.log_command[0m [1;30mDEBUG[0m [32mInvoking command in '/home/ram/melfa_ros2/build/melfa_rv4fr_moveit_config': AMENT_PREFIX_PATH=/home/ram/melfa_ros2/install/melfa_description:/home/ram/melfa_ros2/install/xacro:${AMENT_PREFIX_PATH} CMAKE_PREFIX_PATH=/home/ram/melfa_ros2/install/melfa_description:/home/ram/melfa_ros2/install/xacro:/home/ram/cognipilot/cranium/install/synapse_ros:/home/ram/cognipilot/cranium/install/synapse_gz:/home/ram/cognipilot/cranium/install/synapse_tinyframe:/home/ram/cognipilot/cranium/install/synapse_protobuf:/home/ram/cognipilot/cranium/install/corti:/home/ram/cognipilot/cranium/install/synapse_msgs:/home/ram/cognipilot/cranium/install/dream_world:/home/ram/cognipilot/cranium/install/cerebri_bringup:/home/ram/cognipilot/cranium/install/b3rb_simulator:/home/ram/cognipilot/cranium/install/b3rb_desktop:/home/ram/cognipilot/cranium/install/b3rb_rviz:/home/ram/cognipilot/cranium/install/b3rb_nav2:/home/ram/cognipilot/cranium/install/b3rb_gz_resource:/home/ram/cognipilot/cranium/install/b3rb_gz_bringup:/home/ram/cognipilot/cranium/install/b3rb_description:/home/ram/cognipilot/electrode/install/electrode:/home/ram/cognipilot/cranium/install/b3rb_ros_line_follower:/opt/ros/humble PATH=/home/ram/melfa_ros2/install/xacro/bin:${PATH} PYTHONPATH=/home/ram/melfa_ros2/install/xacro/local/lib/python3.10/dist-packages:${PYTHONPATH} /usr/bin/cmake --build /home/ram/melfa_ros2/build/melfa_rv4fr_moveit_config -- -j16 -l16[0m
[5.611s] [34mcolcon.colcon_core.event_handler.log_command[0m [1;30mDEBUG[0m [32mInvoked command in '/home/ram/melfa_ros2/build/melfa_rh6frh5520_moveit_config' returned '0': AMENT_PREFIX_PATH=/home/ram/melfa_ros2/install/melfa_description:/home/ram/melfa_ros2/install/xacro:${AMENT_PREFIX_PATH} CMAKE_PREFIX_PATH=/home/ram/melfa_ros2/install/melfa_description:/home/ram/melfa_ros2/install/xacro:/home/ram/cognipilot/cranium/install/synapse_ros:/home/ram/cognipilot/cranium/install/synapse_gz:/home/ram/cognipilot/cranium/install/synapse_tinyframe:/home/ram/cognipilot/cranium/install/synapse_protobuf:/home/ram/cognipilot/cranium/install/corti:/home/ram/cognipilot/cranium/install/synapse_msgs:/home/ram/cognipilot/cranium/install/dream_world:/home/ram/cognipilot/cranium/install/cerebri_bringup:/home/ram/cognipilot/cranium/install/b3rb_simulator:/home/ram/cognipilot/cranium/install/b3rb_desktop:/home/ram/cognipilot/cranium/install/b3rb_rviz:/home/ram/cognipilot/cranium/install/b3rb_nav2:/home/ram/cognipilot/cranium/install/b3rb_gz_resource:/home/ram/cognipilot/cranium/install/b3rb_gz_bringup:/home/ram/cognipilot/cranium/install/b3rb_description:/home/ram/cognipilot/electrode/install/electrode:/home/ram/cognipilot/cranium/install/b3rb_ros_line_follower:/opt/ros/humble PATH=/home/ram/melfa_ros2/install/xacro/bin:${PATH} PYTHONPATH=/home/ram/melfa_ros2/install/xacro/local/lib/python3.10/dist-packages:${PYTHONPATH} /usr/bin/cmake /home/ram/melfa_ros2/src/melfa_ros2_driver/melfa_moveit_config/melfa_rh6frh5520_moveit_config -DCMAKE_INSTALL_PREFIX=/home/ram/melfa_ros2/install/melfa_rh6frh5520_moveit_config[0m
[5.613s] [34mcolcon.colcon_core.event_handler.log_command[0m [1;30mDEBUG[0m [32mInvoking command in '/home/ram/melfa_ros2/build/melfa_rh6frh5520_moveit_config': AMENT_PREFIX_PATH=/home/ram/melfa_ros2/install/melfa_description:/home/ram/melfa_ros2/install/xacro:${AMENT_PREFIX_PATH} CMAKE_PREFIX_PATH=/home/ram/melfa_ros2/install/melfa_description:/home/ram/melfa_ros2/install/xacro:/home/ram/cognipilot/cranium/install/synapse_ros:/home/ram/cognipilot/cranium/install/synapse_gz:/home/ram/cognipilot/cranium/install/synapse_tinyframe:/home/ram/cognipilot/cranium/install/synapse_protobuf:/home/ram/cognipilot/cranium/install/corti:/home/ram/cognipilot/cranium/install/synapse_msgs:/home/ram/cognipilot/cranium/install/dream_world:/home/ram/cognipilot/cranium/install/cerebri_bringup:/home/ram/cognipilot/cranium/install/b3rb_simulator:/home/ram/cognipilot/cranium/install/b3rb_desktop:/home/ram/cognipilot/cranium/install/b3rb_rviz:/home/ram/cognipilot/cranium/install/b3rb_nav2:/home/ram/cognipilot/cranium/install/b3rb_gz_resource:/home/ram/cognipilot/cranium/install/b3rb_gz_bringup:/home/ram/cognipilot/cranium/install/b3rb_description:/home/ram/cognipilot/electrode/install/electrode:/home/ram/cognipilot/cranium/install/b3rb_ros_line_follower:/opt/ros/humble PATH=/home/ram/melfa_ros2/install/xacro/bin:${PATH} PYTHONPATH=/home/ram/melfa_ros2/install/xacro/local/lib/python3.10/dist-packages:${PYTHONPATH} /usr/bin/cmake --build /home/ram/melfa_ros2/build/melfa_rh6frh5520_moveit_config -- -j16 -l16[0m
[5.614s] [34mcolcon.colcon_core.event_handler.log_command[0m [1;30mDEBUG[0m [32mInvoked command in '/home/ram/melfa_ros2/build/melfa_rv4frl_moveit_config' returned '0': AMENT_PREFIX_PATH=/home/ram/melfa_ros2/install/melfa_description:/home/ram/melfa_ros2/install/xacro:${AMENT_PREFIX_PATH} CMAKE_PREFIX_PATH=/home/ram/melfa_ros2/install/melfa_description:/home/ram/melfa_ros2/install/xacro:/home/ram/cognipilot/cranium/install/synapse_ros:/home/ram/cognipilot/cranium/install/synapse_gz:/home/ram/cognipilot/cranium/install/synapse_tinyframe:/home/ram/cognipilot/cranium/install/synapse_protobuf:/home/ram/cognipilot/cranium/install/corti:/home/ram/cognipilot/cranium/install/synapse_msgs:/home/ram/cognipilot/cranium/install/dream_world:/home/ram/cognipilot/cranium/install/cerebri_bringup:/home/ram/cognipilot/cranium/install/b3rb_simulator:/home/ram/cognipilot/cranium/install/b3rb_desktop:/home/ram/cognipilot/cranium/install/b3rb_rviz:/home/ram/cognipilot/cranium/install/b3rb_nav2:/home/ram/cognipilot/cranium/install/b3rb_gz_resource:/home/ram/cognipilot/cranium/install/b3rb_gz_bringup:/home/ram/cognipilot/cranium/install/b3rb_description:/home/ram/cognipilot/electrode/install/electrode:/home/ram/cognipilot/cranium/install/b3rb_ros_line_follower:/opt/ros/humble PATH=/home/ram/melfa_ros2/install/xacro/bin:${PATH} PYTHONPATH=/home/ram/melfa_ros2/install/xacro/local/lib/python3.10/dist-packages:${PYTHONPATH} /usr/bin/cmake /home/ram/melfa_ros2/src/melfa_ros2_driver/melfa_moveit_config/melfa_rv4frl_moveit_config -DCMAKE_INSTALL_PREFIX=/home/ram/melfa_ros2/install/melfa_rv4frl_moveit_config[0m
[5.615s] [34mcolcon.colcon_core.event_handler.log_command[0m [1;30mDEBUG[0m [32mInvoking command in '/home/ram/melfa_ros2/build/melfa_rv4frl_moveit_config': AMENT_PREFIX_PATH=/home/ram/melfa_ros2/install/melfa_description:/home/ram/melfa_ros2/install/xacro:${AMENT_PREFIX_PATH} CMAKE_PREFIX_PATH=/home/ram/melfa_ros2/install/melfa_description:/home/ram/melfa_ros2/install/xacro:/home/ram/cognipilot/cranium/install/synapse_ros:/home/ram/cognipilot/cranium/install/synapse_gz:/home/ram/cognipilot/cranium/install/synapse_tinyframe:/home/ram/cognipilot/cranium/install/synapse_protobuf:/home/ram/cognipilot/cranium/install/corti:/home/ram/cognipilot/cranium/install/synapse_msgs:/home/ram/cognipilot/cranium/install/dream_world:/home/ram/cognipilot/cranium/install/cerebri_bringup:/home/ram/cognipilot/cranium/install/b3rb_simulator:/home/ram/cognipilot/cranium/install/b3rb_desktop:/home/ram/cognipilot/cranium/install/b3rb_rviz:/home/ram/cognipilot/cranium/install/b3rb_nav2:/home/ram/cognipilot/cranium/install/b3rb_gz_resource:/home/ram/cognipilot/cranium/install/b3rb_gz_bringup:/home/ram/cognipilot/cranium/install/b3rb_description:/home/ram/cognipilot/electrode/install/electrode:/home/ram/cognipilot/cranium/install/b3rb_ros_line_follower:/opt/ros/humble PATH=/home/ram/melfa_ros2/install/xacro/bin:${PATH} PYTHONPATH=/home/ram/melfa_ros2/install/xacro/local/lib/python3.10/dist-packages:${PYTHONPATH} /usr/bin/cmake --build /home/ram/melfa_ros2/build/melfa_rv4frl_moveit_config -- -j16 -l16[0m
[5.630s] [34mcolcon.colcon_core.event_handler.log_command[0m [1;30mDEBUG[0m [32mInvoked command in '/home/ram/melfa_ros2/build/melfa_rv80fr_moveit_config' returned '0': AMENT_PREFIX_PATH=/home/ram/melfa_ros2/install/melfa_description:/home/ram/melfa_ros2/install/xacro:${AMENT_PREFIX_PATH} CMAKE_PREFIX_PATH=/home/ram/melfa_ros2/install/melfa_description:/home/ram/melfa_ros2/install/xacro:/home/ram/cognipilot/cranium/install/synapse_ros:/home/ram/cognipilot/cranium/install/synapse_gz:/home/ram/cognipilot/cranium/install/synapse_tinyframe:/home/ram/cognipilot/cranium/install/synapse_protobuf:/home/ram/cognipilot/cranium/install/corti:/home/ram/cognipilot/cranium/install/synapse_msgs:/home/ram/cognipilot/cranium/install/dream_world:/home/ram/cognipilot/cranium/install/cerebri_bringup:/home/ram/cognipilot/cranium/install/b3rb_simulator:/home/ram/cognipilot/cranium/install/b3rb_desktop:/home/ram/cognipilot/cranium/install/b3rb_rviz:/home/ram/cognipilot/cranium/install/b3rb_nav2:/home/ram/cognipilot/cranium/install/b3rb_gz_resource:/home/ram/cognipilot/cranium/install/b3rb_gz_bringup:/home/ram/cognipilot/cranium/install/b3rb_description:/home/ram/cognipilot/electrode/install/electrode:/home/ram/cognipilot/cranium/install/b3rb_ros_line_follower:/opt/ros/humble PATH=/home/ram/melfa_ros2/install/xacro/bin:${PATH} PYTHONPATH=/home/ram/melfa_ros2/install/xacro/local/lib/python3.10/dist-packages:${PYTHONPATH} /usr/bin/cmake /home/ram/melfa_ros2/src/melfa_ros2_driver/melfa_moveit_config/melfa_rv80fr_moveit_config -DCMAKE_INSTALL_PREFIX=/home/ram/melfa_ros2/install/melfa_rv80fr_moveit_config[0m
[5.632s] [34mcolcon.colcon_core.event_handler.log_command[0m [1;30mDEBUG[0m [32mInvoking command in '/home/ram/melfa_ros2/build/melfa_rv80fr_moveit_config': AMENT_PREFIX_PATH=/home/ram/melfa_ros2/install/melfa_description:/home/ram/melfa_ros2/install/xacro:${AMENT_PREFIX_PATH} CMAKE_PREFIX_PATH=/home/ram/melfa_ros2/install/melfa_description:/home/ram/melfa_ros2/install/xacro:/home/ram/cognipilot/cranium/install/synapse_ros:/home/ram/cognipilot/cranium/install/synapse_gz:/home/ram/cognipilot/cranium/install/synapse_tinyframe:/home/ram/cognipilot/cranium/install/synapse_protobuf:/home/ram/cognipilot/cranium/install/corti:/home/ram/cognipilot/cranium/install/synapse_msgs:/home/ram/cognipilot/cranium/install/dream_world:/home/ram/cognipilot/cranium/install/cerebri_bringup:/home/ram/cognipilot/cranium/install/b3rb_simulator:/home/ram/cognipilot/cranium/install/b3rb_desktop:/home/ram/cognipilot/cranium/install/b3rb_rviz:/home/ram/cognipilot/cranium/install/b3rb_nav2:/home/ram/cognipilot/cranium/install/b3rb_gz_resource:/home/ram/cognipilot/cranium/install/b3rb_gz_bringup:/home/ram/cognipilot/cranium/install/b3rb_description:/home/ram/cognipilot/electrode/install/electrode:/home/ram/cognipilot/cranium/install/b3rb_ros_line_follower:/opt/ros/humble PATH=/home/ram/melfa_ros2/install/xacro/bin:${PATH} PYTHONPATH=/home/ram/melfa_ros2/install/xacro/local/lib/python3.10/dist-packages:${PYTHONPATH} /usr/bin/cmake --build /home/ram/melfa_ros2/build/melfa_rv80fr_moveit_config -- -j16 -l16[0m
[5.634s] [34mcolcon.colcon_core.event_handler.log_command[0m [1;30mDEBUG[0m [32mInvoked command in '/home/ram/melfa_ros2/build/melfa_driver' returned '0': AMENT_PREFIX_PATH=/home/ram/melfa_ros2/install/melfa_description:/home/ram/melfa_ros2/install/melfa_bringup:/home/ram/melfa_ros2/install/xacro:${AMENT_PREFIX_PATH} CMAKE_PREFIX_PATH=/home/ram/melfa_ros2/install/melfa_description:/home/ram/melfa_ros2/install/melfa_bringup:/home/ram/melfa_ros2/install/xacro:/home/ram/cognipilot/cranium/install/synapse_ros:/home/ram/cognipilot/cranium/install/synapse_gz:/home/ram/cognipilot/cranium/install/synapse_tinyframe:/home/ram/cognipilot/cranium/install/synapse_protobuf:/home/ram/cognipilot/cranium/install/corti:/home/ram/cognipilot/cranium/install/synapse_msgs:/home/ram/cognipilot/cranium/install/dream_world:/home/ram/cognipilot/cranium/install/cerebri_bringup:/home/ram/cognipilot/cranium/install/b3rb_simulator:/home/ram/cognipilot/cranium/install/b3rb_desktop:/home/ram/cognipilot/cranium/install/b3rb_rviz:/home/ram/cognipilot/cranium/install/b3rb_nav2:/home/ram/cognipilot/cranium/install/b3rb_gz_resource:/home/ram/cognipilot/cranium/install/b3rb_gz_bringup:/home/ram/cognipilot/cranium/install/b3rb_description:/home/ram/cognipilot/electrode/install/electrode:/home/ram/cognipilot/cranium/install/b3rb_ros_line_follower:/opt/ros/humble PATH=/home/ram/melfa_ros2/install/xacro/bin:${PATH} PYTHONPATH=/home/ram/melfa_ros2/install/xacro/local/lib/python3.10/dist-packages:${PYTHONPATH} /usr/bin/cmake /home/ram/melfa_ros2/src/melfa_ros2_driver/melfa_driver -DCMAKE_INSTALL_PREFIX=/home/ram/melfa_ros2/install/melfa_driver[0m
[5.634s] [34mcolcon.colcon_core.event_handler.log_command[0m [1;30mDEBUG[0m [32mInvoking command in '/home/ram/melfa_ros2/build/melfa_driver': AMENT_PREFIX_PATH=/home/ram/melfa_ros2/install/melfa_description:/home/ram/melfa_ros2/install/melfa_bringup:/home/ram/melfa_ros2/install/xacro:${AMENT_PREFIX_PATH} CMAKE_PREFIX_PATH=/home/ram/melfa_ros2/install/melfa_description:/home/ram/melfa_ros2/install/melfa_bringup:/home/ram/melfa_ros2/install/xacro:/home/ram/cognipilot/cranium/install/synapse_ros:/home/ram/cognipilot/cranium/install/synapse_gz:/home/ram/cognipilot/cranium/install/synapse_tinyframe:/home/ram/cognipilot/cranium/install/synapse_protobuf:/home/ram/cognipilot/cranium/install/corti:/home/ram/cognipilot/cranium/install/synapse_msgs:/home/ram/cognipilot/cranium/install/dream_world:/home/ram/cognipilot/cranium/install/cerebri_bringup:/home/ram/cognipilot/cranium/install/b3rb_simulator:/home/ram/cognipilot/cranium/install/b3rb_desktop:/home/ram/cognipilot/cranium/install/b3rb_rviz:/home/ram/cognipilot/cranium/install/b3rb_nav2:/home/ram/cognipilot/cranium/install/b3rb_gz_resource:/home/ram/cognipilot/cranium/install/b3rb_gz_bringup:/home/ram/cognipilot/cranium/install/b3rb_description:/home/ram/cognipilot/electrode/install/electrode:/home/ram/cognipilot/cranium/install/b3rb_ros_line_follower:/opt/ros/humble PATH=/home/ram/melfa_ros2/install/xacro/bin:${PATH} PYTHONPATH=/home/ram/melfa_ros2/install/xacro/local/lib/python3.10/dist-packages:${PYTHONPATH} /usr/bin/cmake --build /home/ram/melfa_ros2/build/melfa_driver -- -j16 -l16[0m
[5.714s] [34mcolcon.colcon_core.event_handler.log_command[0m [1;30mDEBUG[0m [32mInvoked command in '/home/ram/melfa_ros2/build/melfa_rh6crh6020_moveit_config' returned '0': AMENT_PREFIX_PATH=/home/ram/melfa_ros2/install/melfa_description:/home/ram/melfa_ros2/install/xacro:${AMENT_PREFIX_PATH} CMAKE_PREFIX_PATH=/home/ram/melfa_ros2/install/melfa_description:/home/ram/melfa_ros2/install/xacro:/home/ram/cognipilot/cranium/install/synapse_ros:/home/ram/cognipilot/cranium/install/synapse_gz:/home/ram/cognipilot/cranium/install/synapse_tinyframe:/home/ram/cognipilot/cranium/install/synapse_protobuf:/home/ram/cognipilot/cranium/install/corti:/home/ram/cognipilot/cranium/install/synapse_msgs:/home/ram/cognipilot/cranium/install/dream_world:/home/ram/cognipilot/cranium/install/cerebri_bringup:/home/ram/cognipilot/cranium/install/b3rb_simulator:/home/ram/cognipilot/cranium/install/b3rb_desktop:/home/ram/cognipilot/cranium/install/b3rb_rviz:/home/ram/cognipilot/cranium/install/b3rb_nav2:/home/ram/cognipilot/cranium/install/b3rb_gz_resource:/home/ram/cognipilot/cranium/install/b3rb_gz_bringup:/home/ram/cognipilot/cranium/install/b3rb_description:/home/ram/cognipilot/electrode/install/electrode:/home/ram/cognipilot/cranium/install/b3rb_ros_line_follower:/opt/ros/humble PATH=/home/ram/melfa_ros2/install/xacro/bin:${PATH} PYTHONPATH=/home/ram/melfa_ros2/install/xacro/local/lib/python3.10/dist-packages:${PYTHONPATH} /usr/bin/cmake /home/ram/melfa_ros2/src/melfa_ros2_driver/melfa_moveit_config/melfa_rh6crh6020_moveit_config -DCMAKE_INSTALL_PREFIX=/home/ram/melfa_ros2/install/melfa_rh6crh6020_moveit_config[0m
[5.716s] [34mcolcon.colcon_core.event_handler.log_command[0m [1;30mDEBUG[0m [32mInvoking command in '/home/ram/melfa_ros2/build/melfa_rh6crh6020_moveit_config': AMENT_PREFIX_PATH=/home/ram/melfa_ros2/install/melfa_description:/home/ram/melfa_ros2/install/xacro:${AMENT_PREFIX_PATH} CMAKE_PREFIX_PATH=/home/ram/melfa_ros2/install/melfa_description:/home/ram/melfa_ros2/install/xacro:/home/ram/cognipilot/cranium/install/synapse_ros:/home/ram/cognipilot/cranium/install/synapse_gz:/home/ram/cognipilot/cranium/install/synapse_tinyframe:/home/ram/cognipilot/cranium/install/synapse_protobuf:/home/ram/cognipilot/cranium/install/corti:/home/ram/cognipilot/cranium/install/synapse_msgs:/home/ram/cognipilot/cranium/install/dream_world:/home/ram/cognipilot/cranium/install/cerebri_bringup:/home/ram/cognipilot/cranium/install/b3rb_simulator:/home/ram/cognipilot/cranium/install/b3rb_desktop:/home/ram/cognipilot/cranium/install/b3rb_rviz:/home/ram/cognipilot/cranium/install/b3rb_nav2:/home/ram/cognipilot/cranium/install/b3rb_gz_resource:/home/ram/cognipilot/cranium/install/b3rb_gz_bringup:/home/ram/cognipilot/cranium/install/b3rb_description:/home/ram/cognipilot/electrode/install/electrode:/home/ram/cognipilot/cranium/install/b3rb_ros_line_follower:/opt/ros/humble PATH=/home/ram/melfa_ros2/install/xacro/bin:${PATH} PYTHONPATH=/home/ram/melfa_ros2/install/xacro/local/lib/python3.10/dist-packages:${PYTHONPATH} /usr/bin/cmake --build /home/ram/melfa_ros2/build/melfa_rh6crh6020_moveit_config -- -j16 -l16[0m
[5.726s] [34mcolcon.colcon_core.event_handler.log_command[0m [1;30mDEBUG[0m [32mInvoked command in '/home/ram/melfa_ros2/build/melfa_rv5as_moveit_config' returned '0': AMENT_PREFIX_PATH=/home/ram/melfa_ros2/install/melfa_description:/home/ram/melfa_ros2/install/xacro:${AMENT_PREFIX_PATH} CMAKE_PREFIX_PATH=/home/ram/melfa_ros2/install/melfa_description:/home/ram/melfa_ros2/install/xacro:/home/ram/cognipilot/cranium/install/synapse_ros:/home/ram/cognipilot/cranium/install/synapse_gz:/home/ram/cognipilot/cranium/install/synapse_tinyframe:/home/ram/cognipilot/cranium/install/synapse_protobuf:/home/ram/cognipilot/cranium/install/corti:/home/ram/cognipilot/cranium/install/synapse_msgs:/home/ram/cognipilot/cranium/install/dream_world:/home/ram/cognipilot/cranium/install/cerebri_bringup:/home/ram/cognipilot/cranium/install/b3rb_simulator:/home/ram/cognipilot/cranium/install/b3rb_desktop:/home/ram/cognipilot/cranium/install/b3rb_rviz:/home/ram/cognipilot/cranium/install/b3rb_nav2:/home/ram/cognipilot/cranium/install/b3rb_gz_resource:/home/ram/cognipilot/cranium/install/b3rb_gz_bringup:/home/ram/cognipilot/cranium/install/b3rb_description:/home/ram/cognipilot/electrode/install/electrode:/home/ram/cognipilot/cranium/install/b3rb_ros_line_follower:/opt/ros/humble PATH=/home/ram/melfa_ros2/install/xacro/bin:${PATH} PYTHONPATH=/home/ram/melfa_ros2/install/xacro/local/lib/python3.10/dist-packages:${PYTHONPATH} /usr/bin/cmake /home/ram/melfa_ros2/src/melfa_ros2_driver/melfa_moveit_config/melfa_rv5as_moveit_config -DCMAKE_INSTALL_PREFIX=/home/ram/melfa_ros2/install/melfa_rv5as_moveit_config[0m
[5.728s] [34mcolcon.colcon_core.event_handler.log_command[0m [1;30mDEBUG[0m [32mInvoking command in '/home/ram/melfa_ros2/build/melfa_rv5as_moveit_config': AMENT_PREFIX_PATH=/home/ram/melfa_ros2/install/melfa_description:/home/ram/melfa_ros2/install/xacro:${AMENT_PREFIX_PATH} CMAKE_PREFIX_PATH=/home/ram/melfa_ros2/install/melfa_description:/home/ram/melfa_ros2/install/xacro:/home/ram/cognipilot/cranium/install/synapse_ros:/home/ram/cognipilot/cranium/install/synapse_gz:/home/ram/cognipilot/cranium/install/synapse_tinyframe:/home/ram/cognipilot/cranium/install/synapse_protobuf:/home/ram/cognipilot/cranium/install/corti:/home/ram/cognipilot/cranium/install/synapse_msgs:/home/ram/cognipilot/cranium/install/dream_world:/home/ram/cognipilot/cranium/install/cerebri_bringup:/home/ram/cognipilot/cranium/install/b3rb_simulator:/home/ram/cognipilot/cranium/install/b3rb_desktop:/home/ram/cognipilot/cranium/install/b3rb_rviz:/home/ram/cognipilot/cranium/install/b3rb_nav2:/home/ram/cognipilot/cranium/install/b3rb_gz_resource:/home/ram/cognipilot/cranium/install/b3rb_gz_bringup:/home/ram/cognipilot/cranium/install/b3rb_description:/home/ram/cognipilot/electrode/install/electrode:/home/ram/cognipilot/cranium/install/b3rb_ros_line_follower:/opt/ros/humble PATH=/home/ram/melfa_ros2/install/xacro/bin:${PATH} PYTHONPATH=/home/ram/melfa_ros2/install/xacro/local/lib/python3.10/dist-packages:${PYTHONPATH} /usr/bin/cmake --build /home/ram/melfa_ros2/build/melfa_rv5as_moveit_config -- -j16 -l16[0m
[5.770s] [34mcolcon.colcon_core.event_handler.log_command[0m [1;30mDEBUG[0m [32mInvoked command in '/home/ram/melfa_ros2/build/melfa_rv8crl_moveit_config' returned '0': AMENT_PREFIX_PATH=/home/ram/melfa_ros2/install/melfa_description:/home/ram/melfa_ros2/install/xacro:${AMENT_PREFIX_PATH} CMAKE_PREFIX_PATH=/home/ram/melfa_ros2/install/melfa_description:/home/ram/melfa_ros2/install/xacro:/home/ram/cognipilot/cranium/install/synapse_ros:/home/ram/cognipilot/cranium/install/synapse_gz:/home/ram/cognipilot/cranium/install/synapse_tinyframe:/home/ram/cognipilot/cranium/install/synapse_protobuf:/home/ram/cognipilot/cranium/install/corti:/home/ram/cognipilot/cranium/install/synapse_msgs:/home/ram/cognipilot/cranium/install/dream_world:/home/ram/cognipilot/cranium/install/cerebri_bringup:/home/ram/cognipilot/cranium/install/b3rb_simulator:/home/ram/cognipilot/cranium/install/b3rb_desktop:/home/ram/cognipilot/cranium/install/b3rb_rviz:/home/ram/cognipilot/cranium/install/b3rb_nav2:/home/ram/cognipilot/cranium/install/b3rb_gz_resource:/home/ram/cognipilot/cranium/install/b3rb_gz_bringup:/home/ram/cognipilot/cranium/install/b3rb_description:/home/ram/cognipilot/electrode/install/electrode:/home/ram/cognipilot/cranium/install/b3rb_ros_line_follower:/opt/ros/humble PATH=/home/ram/melfa_ros2/install/xacro/bin:${PATH} PYTHONPATH=/home/ram/melfa_ros2/install/xacro/local/lib/python3.10/dist-packages:${PYTHONPATH} /usr/bin/cmake /home/ram/melfa_ros2/src/melfa_ros2_driver/melfa_moveit_config/melfa_rv8crl_moveit_config -DCMAKE_INSTALL_PREFIX=/home/ram/melfa_ros2/install/melfa_rv8crl_moveit_config[0m
[5.772s] [34mcolcon.colcon_core.event_handler.log_command[0m [1;30mDEBUG[0m [32mInvoking command in '/home/ram/melfa_ros2/build/melfa_rv8crl_moveit_config': AMENT_PREFIX_PATH=/home/ram/melfa_ros2/install/melfa_description:/home/ram/melfa_ros2/install/xacro:${AMENT_PREFIX_PATH} CMAKE_PREFIX_PATH=/home/ram/melfa_ros2/install/melfa_description:/home/ram/melfa_ros2/install/xacro:/home/ram/cognipilot/cranium/install/synapse_ros:/home/ram/cognipilot/cranium/install/synapse_gz:/home/ram/cognipilot/cranium/install/synapse_tinyframe:/home/ram/cognipilot/cranium/install/synapse_protobuf:/home/ram/cognipilot/cranium/install/corti:/home/ram/cognipilot/cranium/install/synapse_msgs:/home/ram/cognipilot/cranium/install/dream_world:/home/ram/cognipilot/cranium/install/cerebri_bringup:/home/ram/cognipilot/cranium/install/b3rb_simulator:/home/ram/cognipilot/cranium/install/b3rb_desktop:/home/ram/cognipilot/cranium/install/b3rb_rviz:/home/ram/cognipilot/cranium/install/b3rb_nav2:/home/ram/cognipilot/cranium/install/b3rb_gz_resource:/home/ram/cognipilot/cranium/install/b3rb_gz_bringup:/home/ram/cognipilot/cranium/install/b3rb_description:/home/ram/cognipilot/electrode/install/electrode:/home/ram/cognipilot/cranium/install/b3rb_ros_line_follower:/opt/ros/humble PATH=/home/ram/melfa_ros2/install/xacro/bin:${PATH} PYTHONPATH=/home/ram/melfa_ros2/install/xacro/local/lib/python3.10/dist-packages:${PYTHONPATH} /usr/bin/cmake --build /home/ram/melfa_ros2/build/melfa_rv8crl_moveit_config -- -j16 -l16[0m
[7.399s] [34mcolcon.colcon_core.event_handler.log_command[0m [1;30mDEBUG[0m [32mInvoked command in '/home/ram/melfa_ros2/build/melfa_msgs' returned '0': CMAKE_PREFIX_PATH=${CMAKE_PREFIX_PATH}:/home/ram/cognipilot/cranium/install/b3rb_ros_line_follower:/opt/ros/humble /usr/bin/cmake --build /home/ram/melfa_ros2/build/melfa_msgs -- -j16 -l16[0m
[7.404s] [34mcolcon.colcon_core.event_handler.log_command[0m [1;30mDEBUG[0m [32mInvoking command in '/home/ram/melfa_ros2/build/melfa_msgs': CMAKE_PREFIX_PATH=${CMAKE_PREFIX_PATH}:/home/ram/cognipilot/cranium/install/b3rb_ros_line_follower:/opt/ros/humble /usr/bin/cmake --install /home/ram/melfa_ros2/build/melfa_msgs[0m
[10.289s] [34mcolcon.colcon_core.event_handler.log_command[0m [1;30mDEBUG[0m [32mInvoked command in '/home/ram/melfa_ros2/build/melfa_rv2fr_moveit_config' returned '0': AMENT_PREFIX_PATH=/home/ram/melfa_ros2/install/melfa_description:/home/ram/melfa_ros2/install/xacro:${AMENT_PREFIX_PATH} CMAKE_PREFIX_PATH=/home/ram/melfa_ros2/install/melfa_description:/home/ram/melfa_ros2/install/xacro:/home/ram/cognipilot/cranium/install/synapse_ros:/home/ram/cognipilot/cranium/install/synapse_gz:/home/ram/cognipilot/cranium/install/synapse_tinyframe:/home/ram/cognipilot/cranium/install/synapse_protobuf:/home/ram/cognipilot/cranium/install/corti:/home/ram/cognipilot/cranium/install/synapse_msgs:/home/ram/cognipilot/cranium/install/dream_world:/home/ram/cognipilot/cranium/install/cerebri_bringup:/home/ram/cognipilot/cranium/install/b3rb_simulator:/home/ram/cognipilot/cranium/install/b3rb_desktop:/home/ram/cognipilot/cranium/install/b3rb_rviz:/home/ram/cognipilot/cranium/install/b3rb_nav2:/home/ram/cognipilot/cranium/install/b3rb_gz_resource:/home/ram/cognipilot/cranium/install/b3rb_gz_bringup:/home/ram/cognipilot/cranium/install/b3rb_description:/home/ram/cognipilot/electrode/install/electrode:/home/ram/cognipilot/cranium/install/b3rb_ros_line_follower:/opt/ros/humble PATH=/home/ram/melfa_ros2/install/xacro/bin:${PATH} PYTHONPATH=/home/ram/melfa_ros2/install/xacro/local/lib/python3.10/dist-packages:${PYTHONPATH} /usr/bin/cmake --build /home/ram/melfa_ros2/build/melfa_rv2fr_moveit_config -- -j16 -l16[0m
[10.291s] [34mcolcon.colcon_core.event_handler.log_command[0m [1;30mDEBUG[0m [32mInvoking command in '/home/ram/melfa_ros2/build/melfa_rv2fr_moveit_config': AMENT_PREFIX_PATH=/home/ram/melfa_ros2/install/melfa_description:/home/ram/melfa_ros2/install/xacro:${AMENT_PREFIX_PATH} CMAKE_PREFIX_PATH=/home/ram/melfa_ros2/install/melfa_description:/home/ram/melfa_ros2/install/xacro:/home/ram/cognipilot/cranium/install/synapse_ros:/home/ram/cognipilot/cranium/install/synapse_gz:/home/ram/cognipilot/cranium/install/synapse_tinyframe:/home/ram/cognipilot/cranium/install/synapse_protobuf:/home/ram/cognipilot/cranium/install/corti:/home/ram/cognipilot/cranium/install/synapse_msgs:/home/ram/cognipilot/cranium/install/dream_world:/home/ram/cognipilot/cranium/install/cerebri_bringup:/home/ram/cognipilot/cranium/install/b3rb_simulator:/home/ram/cognipilot/cranium/install/b3rb_desktop:/home/ram/cognipilot/cranium/install/b3rb_rviz:/home/ram/cognipilot/cranium/install/b3rb_nav2:/home/ram/cognipilot/cranium/install/b3rb_gz_resource:/home/ram/cognipilot/cranium/install/b3rb_gz_bringup:/home/ram/cognipilot/cranium/install/b3rb_description:/home/ram/cognipilot/electrode/install/electrode:/home/ram/cognipilot/cranium/install/b3rb_ros_line_follower:/opt/ros/humble PATH=/home/ram/melfa_ros2/install/xacro/bin:${PATH} PYTHONPATH=/home/ram/melfa_ros2/install/xacro/local/lib/python3.10/dist-packages:${PYTHONPATH} /usr/bin/cmake --install /home/ram/melfa_ros2/build/melfa_rv2fr_moveit_config[0m
[10.318s] [34mcolcon.colcon_core.event_handler.log_command[0m [1;30mDEBUG[0m [32mInvoked command in '/home/ram/melfa_ros2/build/melfa_rv5as_moveit_config' returned '0': AMENT_PREFIX_PATH=/home/ram/melfa_ros2/install/melfa_description:/home/ram/melfa_ros2/install/xacro:${AMENT_PREFIX_PATH} CMAKE_PREFIX_PATH=/home/ram/melfa_ros2/install/melfa_description:/home/ram/melfa_ros2/install/xacro:/home/ram/cognipilot/cranium/install/synapse_ros:/home/ram/cognipilot/cranium/install/synapse_gz:/home/ram/cognipilot/cranium/install/synapse_tinyframe:/home/ram/cognipilot/cranium/install/synapse_protobuf:/home/ram/cognipilot/cranium/install/corti:/home/ram/cognipilot/cranium/install/synapse_msgs:/home/ram/cognipilot/cranium/install/dream_world:/home/ram/cognipilot/cranium/install/cerebri_bringup:/home/ram/cognipilot/cranium/install/b3rb_simulator:/home/ram/cognipilot/cranium/install/b3rb_desktop:/home/ram/cognipilot/cranium/install/b3rb_rviz:/home/ram/cognipilot/cranium/install/b3rb_nav2:/home/ram/cognipilot/cranium/install/b3rb_gz_resource:/home/ram/cognipilot/cranium/install/b3rb_gz_bringup:/home/ram/cognipilot/cranium/install/b3rb_description:/home/ram/cognipilot/electrode/install/electrode:/home/ram/cognipilot/cranium/install/b3rb_ros_line_follower:/opt/ros/humble PATH=/home/ram/melfa_ros2/install/xacro/bin:${PATH} PYTHONPATH=/home/ram/melfa_ros2/install/xacro/local/lib/python3.10/dist-packages:${PYTHONPATH} /usr/bin/cmake --build /home/ram/melfa_ros2/build/melfa_rv5as_moveit_config -- -j16 -l16[0m
[10.334s] [34mcolcon.colcon_core.event_handler.log_command[0m [1;30mDEBUG[0m [32mInvoking command in '/home/ram/melfa_ros2/build/melfa_rv5as_moveit_config': AMENT_PREFIX_PATH=/home/ram/melfa_ros2/install/melfa_description:/home/ram/melfa_ros2/install/xacro:${AMENT_PREFIX_PATH} CMAKE_PREFIX_PATH=/home/ram/melfa_ros2/install/melfa_description:/home/ram/melfa_ros2/install/xacro:/home/ram/cognipilot/cranium/install/synapse_ros:/home/ram/cognipilot/cranium/install/synapse_gz:/home/ram/cognipilot/cranium/install/synapse_tinyframe:/home/ram/cognipilot/cranium/install/synapse_protobuf:/home/ram/cognipilot/cranium/install/corti:/home/ram/cognipilot/cranium/install/synapse_msgs:/home/ram/cognipilot/cranium/install/dream_world:/home/ram/cognipilot/cranium/install/cerebri_bringup:/home/ram/cognipilot/cranium/install/b3rb_simulator:/home/ram/cognipilot/cranium/install/b3rb_desktop:/home/ram/cognipilot/cranium/install/b3rb_rviz:/home/ram/cognipilot/cranium/install/b3rb_nav2:/home/ram/cognipilot/cranium/install/b3rb_gz_resource:/home/ram/cognipilot/cranium/install/b3rb_gz_bringup:/home/ram/cognipilot/cranium/install/b3rb_description:/home/ram/cognipilot/electrode/install/electrode:/home/ram/cognipilot/cranium/install/b3rb_ros_line_follower:/opt/ros/humble PATH=/home/ram/melfa_ros2/install/xacro/bin:${PATH} PYTHONPATH=/home/ram/melfa_ros2/install/xacro/local/lib/python3.10/dist-packages:${PYTHONPATH} /usr/bin/cmake --install /home/ram/melfa_ros2/build/melfa_rv5as_moveit_config[0m
[10.339s] [34mcolcon.colcon_core.event_handler.log_command[0m [1;30mDEBUG[0m [32mInvoked command in '/home/ram/melfa_ros2/build/melfa_rv13frl_moveit_config' returned '0': AMENT_PREFIX_PATH=/home/ram/melfa_ros2/install/melfa_description:/home/ram/melfa_ros2/install/xacro:${AMENT_PREFIX_PATH} CMAKE_PREFIX_PATH=/home/ram/melfa_ros2/install/melfa_description:/home/ram/melfa_ros2/install/xacro:/home/ram/cognipilot/cranium/install/synapse_ros:/home/ram/cognipilot/cranium/install/synapse_gz:/home/ram/cognipilot/cranium/install/synapse_tinyframe:/home/ram/cognipilot/cranium/install/synapse_protobuf:/home/ram/cognipilot/cranium/install/corti:/home/ram/cognipilot/cranium/install/synapse_msgs:/home/ram/cognipilot/cranium/install/dream_world:/home/ram/cognipilot/cranium/install/cerebri_bringup:/home/ram/cognipilot/cranium/install/b3rb_simulator:/home/ram/cognipilot/cranium/install/b3rb_desktop:/home/ram/cognipilot/cranium/install/b3rb_rviz:/home/ram/cognipilot/cranium/install/b3rb_nav2:/home/ram/cognipilot/cranium/install/b3rb_gz_resource:/home/ram/cognipilot/cranium/install/b3rb_gz_bringup:/home/ram/cognipilot/cranium/install/b3rb_description:/home/ram/cognipilot/electrode/install/electrode:/home/ram/cognipilot/cranium/install/b3rb_ros_line_follower:/opt/ros/humble PATH=/home/ram/melfa_ros2/install/xacro/bin:${PATH} PYTHONPATH=/home/ram/melfa_ros2/install/xacro/local/lib/python3.10/dist-packages:${PYTHONPATH} /usr/bin/cmake --build /home/ram/melfa_ros2/build/melfa_rv13frl_moveit_config -- -j16 -l16[0m
[10.343s] [34mcolcon.colcon_core.event_handler.log_command[0m [1;30mDEBUG[0m [32mInvoking command in '/home/ram/melfa_ros2/build/melfa_rv13frl_moveit_config': AMENT_PREFIX_PATH=/home/ram/melfa_ros2/install/melfa_description:/home/ram/melfa_ros2/install/xacro:${AMENT_PREFIX_PATH} CMAKE_PREFIX_PATH=/home/ram/melfa_ros2/install/melfa_description:/home/ram/melfa_ros2/install/xacro:/home/ram/cognipilot/cranium/install/synapse_ros:/home/ram/cognipilot/cranium/install/synapse_gz:/home/ram/cognipilot/cranium/install/synapse_tinyframe:/home/ram/cognipilot/cranium/install/synapse_protobuf:/home/ram/cognipilot/cranium/install/corti:/home/ram/cognipilot/cranium/install/synapse_msgs:/home/ram/cognipilot/cranium/install/dream_world:/home/ram/cognipilot/cranium/install/cerebri_bringup:/home/ram/cognipilot/cranium/install/b3rb_simulator:/home/ram/cognipilot/cranium/install/b3rb_desktop:/home/ram/cognipilot/cranium/install/b3rb_rviz:/home/ram/cognipilot/cranium/install/b3rb_nav2:/home/ram/cognipilot/cranium/install/b3rb_gz_resource:/home/ram/cognipilot/cranium/install/b3rb_gz_bringup:/home/ram/cognipilot/cranium/install/b3rb_description:/home/ram/cognipilot/electrode/install/electrode:/home/ram/cognipilot/cranium/install/b3rb_ros_line_follower:/opt/ros/humble PATH=/home/ram/melfa_ros2/install/xacro/bin:${PATH} PYTHONPATH=/home/ram/melfa_ros2/install/xacro/local/lib/python3.10/dist-packages:${PYTHONPATH} /usr/bin/cmake --install /home/ram/melfa_ros2/build/melfa_rv13frl_moveit_config[0m
[10.343s] [34mcolcon.colcon_core.environment[0m [1;30mLevel 1[0m create_environment_scripts_only(melfa_rv2fr_moveit_config)
[10.344s] [34mcolcon.colcon_core.environment[0m [1;30mLevel 1[0m checking '/home/ram/melfa_ros2/install/melfa_rv2fr_moveit_config' for CMake module files
[10.344s] [34mcolcon.colcon_core.event_handler.log_command[0m [1;30mDEBUG[0m [32mInvoked command in '/home/ram/melfa_ros2/build/melfa_rv2fr_moveit_config' returned '0': AMENT_PREFIX_PATH=/home/ram/melfa_ros2/install/melfa_description:/home/ram/melfa_ros2/install/xacro:${AMENT_PREFIX_PATH} CMAKE_PREFIX_PATH=/home/ram/melfa_ros2/install/melfa_description:/home/ram/melfa_ros2/install/xacro:/home/ram/cognipilot/cranium/install/synapse_ros:/home/ram/cognipilot/cranium/install/synapse_gz:/home/ram/cognipilot/cranium/install/synapse_tinyframe:/home/ram/cognipilot/cranium/install/synapse_protobuf:/home/ram/cognipilot/cranium/install/corti:/home/ram/cognipilot/cranium/install/synapse_msgs:/home/ram/cognipilot/cranium/install/dream_world:/home/ram/cognipilot/cranium/install/cerebri_bringup:/home/ram/cognipilot/cranium/install/b3rb_simulator:/home/ram/cognipilot/cranium/install/b3rb_desktop:/home/ram/cognipilot/cranium/install/b3rb_rviz:/home/ram/cognipilot/cranium/install/b3rb_nav2:/home/ram/cognipilot/cranium/install/b3rb_gz_resource:/home/ram/cognipilot/cranium/install/b3rb_gz_bringup:/home/ram/cognipilot/cranium/install/b3rb_description:/home/ram/cognipilot/electrode/install/electrode:/home/ram/cognipilot/cranium/install/b3rb_ros_line_follower:/opt/ros/humble PATH=/home/ram/melfa_ros2/install/xacro/bin:${PATH} PYTHONPATH=/home/ram/melfa_ros2/install/xacro/local/lib/python3.10/dist-packages:${PYTHONPATH} /usr/bin/cmake --install /home/ram/melfa_ros2/build/melfa_rv2fr_moveit_config[0m
[10.345s] [34mcolcon.colcon_core.environment[0m [1;30mLevel 1[0m checking '/home/ram/melfa_ros2/install/melfa_rv2fr_moveit_config' for CMake config files
[10.345s] [34mcolcon.colcon_core.shell[0m [1;30mLevel 1[0m create_environment_hook('melfa_rv2fr_moveit_config', 'cmake_prefix_path')
[10.345s] [34mcolcon.colcon_core.shell[0m [1;30mINFO[0m Creating environment hook '/home/ram/melfa_ros2/install/melfa_rv2fr_moveit_config/share/melfa_rv2fr_moveit_config/hook/cmake_prefix_path.ps1'
[10.346s] [34mcolcon.colcon_core.shell[0m [1;30mINFO[0m Creating environment descriptor '/home/ram/melfa_ros2/install/melfa_rv2fr_moveit_config/share/melfa_rv2fr_moveit_config/hook/cmake_prefix_path.dsv'
[10.346s] [34mcolcon.colcon_core.shell[0m [1;30mINFO[0m Creating environment hook '/home/ram/melfa_ros2/install/melfa_rv2fr_moveit_config/share/melfa_rv2fr_moveit_config/hook/cmake_prefix_path.sh'
[10.347s] [34mcolcon.colcon_core.environment[0m [1;30mLevel 1[0m checking '/home/ram/melfa_ros2/install/melfa_rv2fr_moveit_config/lib'
[10.347s] [34mcolcon.colcon_core.environment[0m [1;30mLevel 1[0m checking '/home/ram/melfa_ros2/install/melfa_rv2fr_moveit_config/bin'
[10.347s] [34mcolcon.colcon_core.environment[0m [1;30mLevel 1[0m checking '/home/ram/melfa_ros2/install/melfa_rv2fr_moveit_config/lib/pkgconfig/melfa_rv2fr_moveit_config.pc'
[10.347s] [34mcolcon.colcon_core.environment[0m [1;30mLevel 1[0m checking '/home/ram/melfa_ros2/install/melfa_rv2fr_moveit_config/lib/python3.10/site-packages'
[10.348s] [34mcolcon.colcon_core.environment[0m [1;30mLevel 1[0m checking '/home/ram/melfa_ros2/install/melfa_rv2fr_moveit_config/bin'
[10.348s] [34mcolcon.colcon_core.shell[0m [1;30mINFO[0m Creating package script '/home/ram/melfa_ros2/install/melfa_rv2fr_moveit_config/share/melfa_rv2fr_moveit_config/package.ps1'
[10.349s] [34mcolcon.colcon_core.shell[0m [1;30mINFO[0m Creating package descriptor '/home/ram/melfa_ros2/install/melfa_rv2fr_moveit_config/share/melfa_rv2fr_moveit_config/package.dsv'
[10.350s] [34mcolcon.colcon_core.shell[0m [1;30mINFO[0m Creating package script '/home/ram/melfa_ros2/install/melfa_rv2fr_moveit_config/share/melfa_rv2fr_moveit_config/package.sh'
[10.353s] [34mcolcon.colcon_core.shell[0m [1;30mINFO[0m Creating package script '/home/ram/melfa_ros2/install/melfa_rv2fr_moveit_config/share/melfa_rv2fr_moveit_config/package.bash'
[10.353s] [34mcolcon.colcon_core.shell[0m [1;30mINFO[0m Creating package script '/home/ram/melfa_ros2/install/melfa_rv2fr_moveit_config/share/melfa_rv2fr_moveit_config/package.zsh'
[10.354s] [34mcolcon.colcon_core.environment[0m [1;30mLevel 1[0m create_file_with_runtime_dependencies(/home/ram/melfa_ros2/install/melfa_rv2fr_moveit_config/share/colcon-core/packages/melfa_rv2fr_moveit_config)
[10.354s] [34mcolcon.colcon_core.environment[0m [1;30mLevel 1[0m create_environment_scripts_only(melfa_rv2fr_moveit_config)
[10.355s] [34mcolcon.colcon_core.environment[0m [1;30mLevel 1[0m checking '/home/ram/melfa_ros2/install/melfa_rv2fr_moveit_config' for CMake module files
[10.355s] [34mcolcon.colcon_core.environment[0m [1;30mLevel 1[0m checking '/home/ram/melfa_ros2/install/melfa_rv2fr_moveit_config' for CMake config files
[10.355s] [34mcolcon.colcon_core.shell[0m [1;30mLevel 1[0m create_environment_hook('melfa_rv2fr_moveit_config', 'cmake_prefix_path')
[10.356s] [34mcolcon.colcon_core.shell[0m [1;30mINFO[0m Creating environment hook '/home/ram/melfa_ros2/install/melfa_rv2fr_moveit_config/share/melfa_rv2fr_moveit_config/hook/cmake_prefix_path.ps1'
[10.356s] [34mcolcon.colcon_core.shell[0m [1;30mINFO[0m Creating environment descriptor '/home/ram/melfa_ros2/install/melfa_rv2fr_moveit_config/share/melfa_rv2fr_moveit_config/hook/cmake_prefix_path.dsv'
[10.357s] [34mcolcon.colcon_core.shell[0m [1;30mINFO[0m Creating environment hook '/home/ram/melfa_ros2/install/melfa_rv2fr_moveit_config/share/melfa_rv2fr_moveit_config/hook/cmake_prefix_path.sh'
[10.357s] [34mcolcon.colcon_core.environment[0m [1;30mLevel 1[0m checking '/home/ram/melfa_ros2/install/melfa_rv2fr_moveit_config/lib'
[10.357s] [34mcolcon.colcon_core.environment[0m [1;30mLevel 1[0m checking '/home/ram/melfa_ros2/install/melfa_rv2fr_moveit_config/bin'
[10.357s] [34mcolcon.colcon_core.environment[0m [1;30mLevel 1[0m checking '/home/ram/melfa_ros2/install/melfa_rv2fr_moveit_config/lib/pkgconfig/melfa_rv2fr_moveit_config.pc'
[10.358s] [34mcolcon.colcon_core.environment[0m [1;30mLevel 1[0m checking '/home/ram/melfa_ros2/install/melfa_rv2fr_moveit_config/lib/python3.10/site-packages'
[10.358s] [34mcolcon.colcon_core.environment[0m [1;30mLevel 1[0m checking '/home/ram/melfa_ros2/install/melfa_rv2fr_moveit_config/bin'
[10.358s] [34mcolcon.colcon_core.shell[0m [1;30mINFO[0m Creating package script '/home/ram/melfa_ros2/install/melfa_rv2fr_moveit_config/share/melfa_rv2fr_moveit_config/package.ps1'
[10.359s] [34mcolcon.colcon_core.shell[0m [1;30mINFO[0m Creating package descriptor '/home/ram/melfa_ros2/install/melfa_rv2fr_moveit_config/share/melfa_rv2fr_moveit_config/package.dsv'
[10.359s] [34mcolcon.colcon_core.shell[0m [1;30mINFO[0m Creating package script '/home/ram/melfa_ros2/install/melfa_rv2fr_moveit_config/share/melfa_rv2fr_moveit_config/package.sh'
[10.360s] [34mcolcon.colcon_core.shell[0m [1;30mINFO[0m Creating package script '/home/ram/melfa_ros2/install/melfa_rv2fr_moveit_config/share/melfa_rv2fr_moveit_config/package.bash'
[10.360s] [34mcolcon.colcon_core.shell[0m [1;30mINFO[0m Creating package script '/home/ram/melfa_ros2/install/melfa_rv2fr_moveit_config/share/melfa_rv2fr_moveit_config/package.zsh'
[10.361s] [34mcolcon.colcon_core.environment[0m [1;30mLevel 1[0m create_file_with_runtime_dependencies(/home/ram/melfa_ros2/install/melfa_rv2fr_moveit_config/share/colcon-core/packages/melfa_rv2fr_moveit_config)
[10.361s] [34mcolcon.colcon_core.environment[0m [1;30mLevel 1[0m create_environment_scripts_only(melfa_rv5as_moveit_config)
[10.362s] [34mcolcon.colcon_core.environment[0m [1;30mLevel 1[0m checking '/home/ram/melfa_ros2/install/melfa_rv5as_moveit_config' for CMake module files
[10.363s] [34mcolcon.colcon_core.event_handler.log_command[0m [1;30mDEBUG[0m [32mInvoked command in '/home/ram/melfa_ros2/build/melfa_rv5as_moveit_config' returned '0': AMENT_PREFIX_PATH=/home/ram/melfa_ros2/install/melfa_description:/home/ram/melfa_ros2/install/xacro:${AMENT_PREFIX_PATH} CMAKE_PREFIX_PATH=/home/ram/melfa_ros2/install/melfa_description:/home/ram/melfa_ros2/install/xacro:/home/ram/cognipilot/cranium/install/synapse_ros:/home/ram/cognipilot/cranium/install/synapse_gz:/home/ram/cognipilot/cranium/install/synapse_tinyframe:/home/ram/cognipilot/cranium/install/synapse_protobuf:/home/ram/cognipilot/cranium/install/corti:/home/ram/cognipilot/cranium/install/synapse_msgs:/home/ram/cognipilot/cranium/install/dream_world:/home/ram/cognipilot/cranium/install/cerebri_bringup:/home/ram/cognipilot/cranium/install/b3rb_simulator:/home/ram/cognipilot/cranium/install/b3rb_desktop:/home/ram/cognipilot/cranium/install/b3rb_rviz:/home/ram/cognipilot/cranium/install/b3rb_nav2:/home/ram/cognipilot/cranium/install/b3rb_gz_resource:/home/ram/cognipilot/cranium/install/b3rb_gz_bringup:/home/ram/cognipilot/cranium/install/b3rb_description:/home/ram/cognipilot/electrode/install/electrode:/home/ram/cognipilot/cranium/install/b3rb_ros_line_follower:/opt/ros/humble PATH=/home/ram/melfa_ros2/install/xacro/bin:${PATH} PYTHONPATH=/home/ram/melfa_ros2/install/xacro/local/lib/python3.10/dist-packages:${PYTHONPATH} /usr/bin/cmake --install /home/ram/melfa_ros2/build/melfa_rv5as_moveit_config[0m
[10.363s] [34mcolcon.colcon_core.environment[0m [1;30mLevel 1[0m checking '/home/ram/melfa_ros2/install/melfa_rv5as_moveit_config' for CMake config files
[10.364s] [34mcolcon.colcon_core.shell[0m [1;30mLevel 1[0m create_environment_hook('melfa_rv5as_moveit_config', 'cmake_prefix_path')
[10.364s] [34mcolcon.colcon_core.shell[0m [1;30mINFO[0m Creating environment hook '/home/ram/melfa_ros2/install/melfa_rv5as_moveit_config/share/melfa_rv5as_moveit_config/hook/cmake_prefix_path.ps1'
[10.365s] [34mcolcon.colcon_core.shell[0m [1;30mINFO[0m Creating environment descriptor '/home/ram/melfa_ros2/install/melfa_rv5as_moveit_config/share/melfa_rv5as_moveit_config/hook/cmake_prefix_path.dsv'
[10.365s] [34mcolcon.colcon_core.shell[0m [1;30mINFO[0m Creating environment hook '/home/ram/melfa_ros2/install/melfa_rv5as_moveit_config/share/melfa_rv5as_moveit_config/hook/cmake_prefix_path.sh'
[10.366s] [34mcolcon.colcon_core.environment[0m [1;30mLevel 1[0m checking '/home/ram/melfa_ros2/install/melfa_rv5as_moveit_config/lib'
[10.366s] [34mcolcon.colcon_core.environment[0m [1;30mLevel 1[0m checking '/home/ram/melfa_ros2/install/melfa_rv5as_moveit_config/bin'
[10.366s] [34mcolcon.colcon_core.environment[0m [1;30mLevel 1[0m checking '/home/ram/melfa_ros2/install/melfa_rv5as_moveit_config/lib/pkgconfig/melfa_rv5as_moveit_config.pc'
[10.366s] [34mcolcon.colcon_core.environment[0m [1;30mLevel 1[0m checking '/home/ram/melfa_ros2/install/melfa_rv5as_moveit_config/lib/python3.10/site-packages'
[10.367s] [34mcolcon.colcon_core.environment[0m [1;30mLevel 1[0m checking '/home/ram/melfa_ros2/install/melfa_rv5as_moveit_config/bin'
[10.367s] [34mcolcon.colcon_core.shell[0m [1;30mINFO[0m Creating package script '/home/ram/melfa_ros2/install/melfa_rv5as_moveit_config/share/melfa_rv5as_moveit_config/package.ps1'
[10.368s] [34mcolcon.colcon_core.shell[0m [1;30mINFO[0m Creating package descriptor '/home/ram/melfa_ros2/install/melfa_rv5as_moveit_config/share/melfa_rv5as_moveit_config/package.dsv'
[10.369s] [34mcolcon.colcon_core.shell[0m [1;30mINFO[0m Creating package script '/home/ram/melfa_ros2/install/melfa_rv5as_moveit_config/share/melfa_rv5as_moveit_config/package.sh'
[10.369s] [34mcolcon.colcon_core.shell[0m [1;30mINFO[0m Creating package script '/home/ram/melfa_ros2/install/melfa_rv5as_moveit_config/share/melfa_rv5as_moveit_config/package.bash'
[10.370s] [34mcolcon.colcon_core.shell[0m [1;30mINFO[0m Creating package script '/home/ram/melfa_ros2/install/melfa_rv5as_moveit_config/share/melfa_rv5as_moveit_config/package.zsh'
[10.370s] [34mcolcon.colcon_core.environment[0m [1;30mLevel 1[0m create_file_with_runtime_dependencies(/home/ram/melfa_ros2/install/melfa_rv5as_moveit_config/share/colcon-core/packages/melfa_rv5as_moveit_config)
[10.371s] [34mcolcon.colcon_core.environment[0m [1;30mLevel 1[0m create_environment_scripts_only(melfa_rv5as_moveit_config)
[10.371s] [34mcolcon.colcon_core.environment[0m [1;30mLevel 1[0m checking '/home/ram/melfa_ros2/install/melfa_rv5as_moveit_config' for CMake module files
[10.372s] [34mcolcon.colcon_core.environment[0m [1;30mLevel 1[0m checking '/home/ram/melfa_ros2/install/melfa_rv5as_moveit_config' for CMake config files
[10.372s] [34mcolcon.colcon_core.shell[0m [1;30mLevel 1[0m create_environment_hook('melfa_rv5as_moveit_config', 'cmake_prefix_path')
[10.373s] [34mcolcon.colcon_core.shell[0m [1;30mINFO[0m Creating environment hook '/home/ram/melfa_ros2/install/melfa_rv5as_moveit_config/share/melfa_rv5as_moveit_config/hook/cmake_prefix_path.ps1'
[10.374s] [34mcolcon.colcon_core.shell[0m [1;30mINFO[0m Creating environment descriptor '/home/ram/melfa_ros2/install/melfa_rv5as_moveit_config/share/melfa_rv5as_moveit_config/hook/cmake_prefix_path.dsv'
[10.374s] [34mcolcon.colcon_core.shell[0m [1;30mINFO[0m Creating environment hook '/home/ram/melfa_ros2/install/melfa_rv5as_moveit_config/share/melfa_rv5as_moveit_config/hook/cmake_prefix_path.sh'
[10.375s] [34mcolcon.colcon_core.environment[0m [1;30mLevel 1[0m checking '/home/ram/melfa_ros2/install/melfa_rv5as_moveit_config/lib'
[10.375s] [34mcolcon.colcon_core.environment[0m [1;30mLevel 1[0m checking '/home/ram/melfa_ros2/install/melfa_rv5as_moveit_config/bin'
[10.375s] [34mcolcon.colcon_core.environment[0m [1;30mLevel 1[0m checking '/home/ram/melfa_ros2/install/melfa_rv5as_moveit_config/lib/pkgconfig/melfa_rv5as_moveit_config.pc'
[10.375s] [34mcolcon.colcon_core.environment[0m [1;30mLevel 1[0m checking '/home/ram/melfa_ros2/install/melfa_rv5as_moveit_config/lib/python3.10/site-packages'
[10.376s] [34mcolcon.colcon_core.environment[0m [1;30mLevel 1[0m checking '/home/ram/melfa_ros2/install/melfa_rv5as_moveit_config/bin'
[10.376s] [34mcolcon.colcon_core.shell[0m [1;30mINFO[0m Creating package script '/home/ram/melfa_ros2/install/melfa_rv5as_moveit_config/share/melfa_rv5as_moveit_config/package.ps1'
[10.377s] [34mcolcon.colcon_core.shell[0m [1;30mINFO[0m Creating package descriptor '/home/ram/melfa_ros2/install/melfa_rv5as_moveit_config/share/melfa_rv5as_moveit_config/package.dsv'
[10.378s] [34mcolcon.colcon_core.shell[0m [1;30mINFO[0m Creating package script '/home/ram/melfa_ros2/install/melfa_rv5as_moveit_config/share/melfa_rv5as_moveit_config/package.sh'
[10.378s] [34mcolcon.colcon_core.shell[0m [1;30mINFO[0m Creating package script '/home/ram/melfa_ros2/install/melfa_rv5as_moveit_config/share/melfa_rv5as_moveit_config/package.bash'
[10.379s] [34mcolcon.colcon_core.shell[0m [1;30mINFO[0m Creating package script '/home/ram/melfa_ros2/install/melfa_rv5as_moveit_config/share/melfa_rv5as_moveit_config/package.zsh'
[10.379s] [34mcolcon.colcon_core.environment[0m [1;30mLevel 1[0m create_file_with_runtime_dependencies(/home/ram/melfa_ros2/install/melfa_rv5as_moveit_config/share/colcon-core/packages/melfa_rv5as_moveit_config)
[10.381s] [34mcolcon.colcon_core.environment[0m [1;30mLevel 1[0m create_environment_scripts_only(melfa_rv13frl_moveit_config)
[10.381s] [34mcolcon.colcon_core.environment[0m [1;30mLevel 1[0m checking '/home/ram/melfa_ros2/install/melfa_rv13frl_moveit_config' for CMake module files
[10.382s] [34mcolcon.colcon_core.event_handler.log_command[0m [1;30mDEBUG[0m [32mInvoked command in '/home/ram/melfa_ros2/build/melfa_rv13frl_moveit_config' returned '0': AMENT_PREFIX_PATH=/home/ram/melfa_ros2/install/melfa_description:/home/ram/melfa_ros2/install/xacro:${AMENT_PREFIX_PATH} CMAKE_PREFIX_PATH=/home/ram/melfa_ros2/install/melfa_description:/home/ram/melfa_ros2/install/xacro:/home/ram/cognipilot/cranium/install/synapse_ros:/home/ram/cognipilot/cranium/install/synapse_gz:/home/ram/cognipilot/cranium/install/synapse_tinyframe:/home/ram/cognipilot/cranium/install/synapse_protobuf:/home/ram/cognipilot/cranium/install/corti:/home/ram/cognipilot/cranium/install/synapse_msgs:/home/ram/cognipilot/cranium/install/dream_world:/home/ram/cognipilot/cranium/install/cerebri_bringup:/home/ram/cognipilot/cranium/install/b3rb_simulator:/home/ram/cognipilot/cranium/install/b3rb_desktop:/home/ram/cognipilot/cranium/install/b3rb_rviz:/home/ram/cognipilot/cranium/install/b3rb_nav2:/home/ram/cognipilot/cranium/install/b3rb_gz_resource:/home/ram/cognipilot/cranium/install/b3rb_gz_bringup:/home/ram/cognipilot/cranium/install/b3rb_description:/home/ram/cognipilot/electrode/install/electrode:/home/ram/cognipilot/cranium/install/b3rb_ros_line_follower:/opt/ros/humble PATH=/home/ram/melfa_ros2/install/xacro/bin:${PATH} PYTHONPATH=/home/ram/melfa_ros2/install/xacro/local/lib/python3.10/dist-packages:${PYTHONPATH} /usr/bin/cmake --install /home/ram/melfa_ros2/build/melfa_rv13frl_moveit_config[0m
[10.382s] [34mcolcon.colcon_core.environment[0m [1;30mLevel 1[0m checking '/home/ram/melfa_ros2/install/melfa_rv13frl_moveit_config' for CMake config files
[10.382s] [34mcolcon.colcon_core.shell[0m [1;30mLevel 1[0m create_environment_hook('melfa_rv13frl_moveit_config', 'cmake_prefix_path')
[10.383s] [34mcolcon.colcon_core.shell[0m [1;30mINFO[0m Creating environment hook '/home/ram/melfa_ros2/install/melfa_rv13frl_moveit_config/share/melfa_rv13frl_moveit_config/hook/cmake_prefix_path.ps1'
[10.383s] [34mcolcon.colcon_core.shell[0m [1;30mINFO[0m Creating environment descriptor '/home/ram/melfa_ros2/install/melfa_rv13frl_moveit_config/share/melfa_rv13frl_moveit_config/hook/cmake_prefix_path.dsv'
[10.383s] [34mcolcon.colcon_core.shell[0m [1;30mINFO[0m Creating environment hook '/home/ram/melfa_ros2/install/melfa_rv13frl_moveit_config/share/melfa_rv13frl_moveit_config/hook/cmake_prefix_path.sh'
[10.384s] [34mcolcon.colcon_core.environment[0m [1;30mLevel 1[0m checking '/home/ram/melfa_ros2/install/melfa_rv13frl_moveit_config/lib'
[10.384s] [34mcolcon.colcon_core.environment[0m [1;30mLevel 1[0m checking '/home/ram/melfa_ros2/install/melfa_rv13frl_moveit_config/bin'
[10.384s] [34mcolcon.colcon_core.environment[0m [1;30mLevel 1[0m checking '/home/ram/melfa_ros2/install/melfa_rv13frl_moveit_config/lib/pkgconfig/melfa_rv13frl_moveit_config.pc'
[10.384s] [34mcolcon.colcon_core.environment[0m [1;30mLevel 1[0m checking '/home/ram/melfa_ros2/install/melfa_rv13frl_moveit_config/lib/python3.10/site-packages'
[10.385s] [34mcolcon.colcon_core.environment[0m [1;30mLevel 1[0m checking '/home/ram/melfa_ros2/install/melfa_rv13frl_moveit_config/bin'
[10.385s] [34mcolcon.colcon_core.shell[0m [1;30mINFO[0m Creating package script '/home/ram/melfa_ros2/install/melfa_rv13frl_moveit_config/share/melfa_rv13frl_moveit_config/package.ps1'
[10.386s] [34mcolcon.colcon_core.shell[0m [1;30mINFO[0m Creating package descriptor '/home/ram/melfa_ros2/install/melfa_rv13frl_moveit_config/share/melfa_rv13frl_moveit_config/package.dsv'
[10.386s] [34mcolcon.colcon_core.shell[0m [1;30mINFO[0m Creating package script '/home/ram/melfa_ros2/install/melfa_rv13frl_moveit_config/share/melfa_rv13frl_moveit_config/package.sh'
[10.387s] [34mcolcon.colcon_core.shell[0m [1;30mINFO[0m Creating package script '/home/ram/melfa_ros2/install/melfa_rv13frl_moveit_config/share/melfa_rv13frl_moveit_config/package.bash'
[10.387s] [34mcolcon.colcon_core.shell[0m [1;30mINFO[0m Creating package script '/home/ram/melfa_ros2/install/melfa_rv13frl_moveit_config/share/melfa_rv13frl_moveit_config/package.zsh'
[10.387s] [34mcolcon.colcon_core.environment[0m [1;30mLevel 1[0m create_file_with_runtime_dependencies(/home/ram/melfa_ros2/install/melfa_rv13frl_moveit_config/share/colcon-core/packages/melfa_rv13frl_moveit_config)
[10.388s] [34mcolcon.colcon_core.environment[0m [1;30mLevel 1[0m create_environment_scripts_only(melfa_rv13frl_moveit_config)
[10.388s] [34mcolcon.colcon_core.environment[0m [1;30mLevel 1[0m checking '/home/ram/melfa_ros2/install/melfa_rv13frl_moveit_config' for CMake module files
[10.389s] [34mcolcon.colcon_core.environment[0m [1;30mLevel 1[0m checking '/home/ram/melfa_ros2/install/melfa_rv13frl_moveit_config' for CMake config files
[10.389s] [34mcolcon.colcon_core.shell[0m [1;30mLevel 1[0m create_environment_hook('melfa_rv13frl_moveit_config', 'cmake_prefix_path')
[10.389s] [34mcolcon.colcon_core.shell[0m [1;30mINFO[0m Creating environment hook '/home/ram/melfa_ros2/install/melfa_rv13frl_moveit_config/share/melfa_rv13frl_moveit_config/hook/cmake_prefix_path.ps1'
[10.390s] [34mcolcon.colcon_core.shell[0m [1;30mINFO[0m Creating environment descriptor '/home/ram/melfa_ros2/install/melfa_rv13frl_moveit_config/share/melfa_rv13frl_moveit_config/hook/cmake_prefix_path.dsv'
[10.390s] [34mcolcon.colcon_core.shell[0m [1;30mINFO[0m Creating environment hook '/home/ram/melfa_ros2/install/melfa_rv13frl_moveit_config/share/melfa_rv13frl_moveit_config/hook/cmake_prefix_path.sh'
[10.391s] [34mcolcon.colcon_core.environment[0m [1;30mLevel 1[0m checking '/home/ram/melfa_ros2/install/melfa_rv13frl_moveit_config/lib'
[10.391s] [34mcolcon.colcon_core.environment[0m [1;30mLevel 1[0m checking '/home/ram/melfa_ros2/install/melfa_rv13frl_moveit_config/bin'
[10.391s] [34mcolcon.colcon_core.environment[0m [1;30mLevel 1[0m checking '/home/ram/melfa_ros2/install/melfa_rv13frl_moveit_config/lib/pkgconfig/melfa_rv13frl_moveit_config.pc'
[10.391s] [34mcolcon.colcon_core.environment[0m [1;30mLevel 1[0m checking '/home/ram/melfa_ros2/install/melfa_rv13frl_moveit_config/lib/python3.10/site-packages'
[10.392s] [34mcolcon.colcon_core.environment[0m [1;30mLevel 1[0m checking '/home/ram/melfa_ros2/install/melfa_rv13frl_moveit_config/bin'
[10.392s] [34mcolcon.colcon_core.shell[0m [1;30mINFO[0m Creating package script '/home/ram/melfa_ros2/install/melfa_rv13frl_moveit_config/share/melfa_rv13frl_moveit_config/package.ps1'
[10.393s] [34mcolcon.colcon_core.shell[0m [1;30mINFO[0m Creating package descriptor '/home/ram/melfa_ros2/install/melfa_rv13frl_moveit_config/share/melfa_rv13frl_moveit_config/package.dsv'
[10.395s] [34mcolcon.colcon_core.shell[0m [1;30mINFO[0m Creating package script '/home/ram/melfa_ros2/install/melfa_rv13frl_moveit_config/share/melfa_rv13frl_moveit_config/package.sh'
[10.395s] [34mcolcon.colcon_core.shell[0m [1;30mINFO[0m Creating package script '/home/ram/melfa_ros2/install/melfa_rv13frl_moveit_config/share/melfa_rv13frl_moveit_config/package.bash'
[10.396s] [34mcolcon.colcon_core.shell[0m [1;30mINFO[0m Creating package script '/home/ram/melfa_ros2/install/melfa_rv13frl_moveit_config/share/melfa_rv13frl_moveit_config/package.zsh'
[10.396s] [34mcolcon.colcon_core.environment[0m [1;30mLevel 1[0m create_file_with_runtime_dependencies(/home/ram/melfa_ros2/install/melfa_rv13frl_moveit_config/share/colcon-core/packages/melfa_rv13frl_moveit_config)
[10.417s] [34mcolcon.colcon_core.environment[0m [1;30mLevel 1[0m create_environment_scripts_only(melfa_msgs)
[10.417s] [34mcolcon.colcon_core.environment[0m [1;30mLevel 1[0m checking '/home/ram/melfa_ros2/install/melfa_msgs' for CMake module files
[10.418s] [34mcolcon.colcon_core.event_handler.log_command[0m [1;30mDEBUG[0m [32mInvoked command in '/home/ram/melfa_ros2/build/melfa_msgs' returned '0': CMAKE_PREFIX_PATH=${CMAKE_PREFIX_PATH}:/home/ram/cognipilot/cranium/install/b3rb_ros_line_follower:/opt/ros/humble /usr/bin/cmake --install /home/ram/melfa_ros2/build/melfa_msgs[0m
[10.418s] [34mcolcon.colcon_core.environment[0m [1;30mLevel 1[0m checking '/home/ram/melfa_ros2/install/melfa_msgs' for CMake config files
[10.419s] [34mcolcon.colcon_core.shell[0m [1;30mLevel 1[0m create_environment_hook('melfa_msgs', 'cmake_prefix_path')
[10.419s] [34mcolcon.colcon_core.shell[0m [1;30mINFO[0m Creating environment hook '/home/ram/melfa_ros2/install/melfa_msgs/share/melfa_msgs/hook/cmake_prefix_path.ps1'
[10.420s] [34mcolcon.colcon_core.shell[0m [1;30mINFO[0m Creating environment descriptor '/home/ram/melfa_ros2/install/melfa_msgs/share/melfa_msgs/hook/cmake_prefix_path.dsv'
[10.420s] [34mcolcon.colcon_core.shell[0m [1;30mINFO[0m Creating environment hook '/home/ram/melfa_ros2/install/melfa_msgs/share/melfa_msgs/hook/cmake_prefix_path.sh'
[10.421s] [34mcolcon.colcon_core.environment[0m [1;30mLevel 1[0m checking '/home/ram/melfa_ros2/install/melfa_msgs/lib'
[10.421s] [34mcolcon.colcon_core.shell[0m [1;30mLevel 1[0m create_environment_hook('melfa_msgs', 'ld_library_path_lib')
[10.421s] [34mcolcon.colcon_core.shell[0m [1;30mINFO[0m Creating environment hook '/home/ram/melfa_ros2/install/melfa_msgs/share/melfa_msgs/hook/ld_library_path_lib.ps1'
[10.421s] [34mcolcon.colcon_core.shell[0m [1;30mINFO[0m Creating environment descriptor '/home/ram/melfa_ros2/install/melfa_msgs/share/melfa_msgs/hook/ld_library_path_lib.dsv'
[10.422s] [34mcolcon.colcon_core.shell[0m [1;30mINFO[0m Creating environment hook '/home/ram/melfa_ros2/install/melfa_msgs/share/melfa_msgs/hook/ld_library_path_lib.sh'
[10.422s] [34mcolcon.colcon_core.environment[0m [1;30mLevel 1[0m checking '/home/ram/melfa_ros2/install/melfa_msgs/bin'
[10.422s] [34mcolcon.colcon_core.environment[0m [1;30mLevel 1[0m checking '/home/ram/melfa_ros2/install/melfa_msgs/lib/pkgconfig/melfa_msgs.pc'
[10.422s] [34mcolcon.colcon_core.environment[0m [1;30mLevel 1[0m checking '/home/ram/melfa_ros2/install/melfa_msgs/lib/python3.10/site-packages'
[10.423s] [34mcolcon.colcon_core.environment[0m [1;30mLevel 1[0m checking '/home/ram/melfa_ros2/install/melfa_msgs/bin'
[10.423s] [34mcolcon.colcon_core.shell[0m [1;30mINFO[0m Creating package script '/home/ram/melfa_ros2/install/melfa_msgs/share/melfa_msgs/package.ps1'
[10.424s] [34mcolcon.colcon_core.shell[0m [1;30mINFO[0m Creating package descriptor '/home/ram/melfa_ros2/install/melfa_msgs/share/melfa_msgs/package.dsv'
[10.424s] [34mcolcon.colcon_core.shell[0m [1;30mINFO[0m Creating package script '/home/ram/melfa_ros2/install/melfa_msgs/share/melfa_msgs/package.sh'
[10.425s] [34mcolcon.colcon_core.shell[0m [1;30mINFO[0m Creating package script '/home/ram/melfa_ros2/install/melfa_msgs/share/melfa_msgs/package.bash'
[10.426s] [34mcolcon.colcon_core.shell[0m [1;30mINFO[0m Creating package script '/home/ram/melfa_ros2/install/melfa_msgs/share/melfa_msgs/package.zsh'
[10.426s] [34mcolcon.colcon_core.environment[0m [1;30mLevel 1[0m create_file_with_runtime_dependencies(/home/ram/melfa_ros2/install/melfa_msgs/share/colcon-core/packages/melfa_msgs)
[10.427s] [34mcolcon.colcon_core.environment[0m [1;30mLevel 1[0m create_environment_scripts_only(melfa_msgs)
[10.427s] [34mcolcon.colcon_core.environment[0m [1;30mLevel 1[0m checking '/home/ram/melfa_ros2/install/melfa_msgs' for CMake module files
[10.428s] [34mcolcon.colcon_core.environment[0m [1;30mLevel 1[0m checking '/home/ram/melfa_ros2/install/melfa_msgs' for CMake config files
[10.429s] [34mcolcon.colcon_core.shell[0m [1;30mLevel 1[0m create_environment_hook('melfa_msgs', 'cmake_prefix_path')
[10.430s] [34mcolcon.colcon_core.shell[0m [1;30mINFO[0m Creating environment hook '/home/ram/melfa_ros2/install/melfa_msgs/share/melfa_msgs/hook/cmake_prefix_path.ps1'
[10.430s] [34mcolcon.colcon_core.shell[0m [1;30mINFO[0m Creating environment descriptor '/home/ram/melfa_ros2/install/melfa_msgs/share/melfa_msgs/hook/cmake_prefix_path.dsv'
[10.431s] [34mcolcon.colcon_core.shell[0m [1;30mINFO[0m Creating environment hook '/home/ram/melfa_ros2/install/melfa_msgs/share/melfa_msgs/hook/cmake_prefix_path.sh'
[10.431s] [34mcolcon.colcon_core.environment[0m [1;30mLevel 1[0m checking '/home/ram/melfa_ros2/install/melfa_msgs/lib'
[10.431s] [34mcolcon.colcon_core.shell[0m [1;30mLevel 1[0m create_environment_hook('melfa_msgs', 'ld_library_path_lib')
[10.432s] [34mcolcon.colcon_core.shell[0m [1;30mINFO[0m Creating environment hook '/home/ram/melfa_ros2/install/melfa_msgs/share/melfa_msgs/hook/ld_library_path_lib.ps1'
[10.432s] [34mcolcon.colcon_core.shell[0m [1;30mINFO[0m Creating environment descriptor '/home/ram/melfa_ros2/install/melfa_msgs/share/melfa_msgs/hook/ld_library_path_lib.dsv'
[10.433s] [34mcolcon.colcon_core.shell[0m [1;30mINFO[0m Creating environment hook '/home/ram/melfa_ros2/install/melfa_msgs/share/melfa_msgs/hook/ld_library_path_lib.sh'
[10.433s] [34mcolcon.colcon_core.environment[0m [1;30mLevel 1[0m checking '/home/ram/melfa_ros2/install/melfa_msgs/bin'
[10.433s] [34mcolcon.colcon_core.environment[0m [1;30mLevel 1[0m checking '/home/ram/melfa_ros2/install/melfa_msgs/lib/pkgconfig/melfa_msgs.pc'
[10.433s] [34mcolcon.colcon_core.environment[0m [1;30mLevel 1[0m checking '/home/ram/melfa_ros2/install/melfa_msgs/lib/python3.10/site-packages'
[10.434s] [34mcolcon.colcon_core.environment[0m [1;30mLevel 1[0m checking '/home/ram/melfa_ros2/install/melfa_msgs/bin'
[10.434s] [34mcolcon.colcon_core.shell[0m [1;30mINFO[0m Creating package script '/home/ram/melfa_ros2/install/melfa_msgs/share/melfa_msgs/package.ps1'
[10.434s] [34mcolcon.colcon_core.shell[0m [1;30mINFO[0m Creating package descriptor '/home/ram/melfa_ros2/install/melfa_msgs/share/melfa_msgs/package.dsv'
[10.435s] [34mcolcon.colcon_core.shell[0m [1;30mINFO[0m Creating package script '/home/ram/melfa_ros2/install/melfa_msgs/share/melfa_msgs/package.sh'
[10.435s] [34mcolcon.colcon_core.shell[0m [1;30mINFO[0m Creating package script '/home/ram/melfa_ros2/install/melfa_msgs/share/melfa_msgs/package.bash'
[10.435s] [34mcolcon.colcon_core.shell[0m [1;30mINFO[0m Creating package script '/home/ram/melfa_ros2/install/melfa_msgs/share/melfa_msgs/package.zsh'
[10.435s] [34mcolcon.colcon_core.environment[0m [1;30mLevel 1[0m create_file_with_runtime_dependencies(/home/ram/melfa_ros2/install/melfa_msgs/share/colcon-core/packages/melfa_msgs)
[10.436s] [34mcolcon.colcon_ros.task.ament_cmake.build[0m [1;30mINFO[0m Building ROS package in '/home/ram/melfa_ros2/src/melfa_ros2_driver/melfa_io_controllers' with build type 'ament_cmake'
[10.436s] [34mcolcon.colcon_cmake.task.cmake.build[0m [1;30mINFO[0m Building CMake package in '/home/ram/melfa_ros2/src/melfa_ros2_driver/melfa_io_controllers'
[10.436s] [34mcolcon.colcon_core.shell[0m [1;30mINFO[0m Skip shell extension 'powershell' for command environment: Not usable outside of PowerShell
[10.436s] [34mcolcon.colcon_core.shell[0m [1;30mDEBUG[0m [32mSkip shell extension 'dsv' for command environment[0m
[10.449s] [34mcolcon.colcon_core.event_handler.log_command[0m [1;30mDEBUG[0m [32mInvoking command in '/home/ram/melfa_ros2/build/melfa_io_controllers': AMENT_PREFIX_PATH=/home/ram/melfa_ros2/install/melfa_msgs:${AMENT_PREFIX_PATH} CMAKE_PREFIX_PATH=/home/ram/melfa_ros2/install/melfa_msgs:/home/ram/cognipilot/cranium/install/synapse_ros:/home/ram/cognipilot/cranium/install/synapse_gz:/home/ram/cognipilot/cranium/install/synapse_tinyframe:/home/ram/cognipilot/cranium/install/synapse_protobuf:/home/ram/cognipilot/cranium/install/corti:/home/ram/cognipilot/cranium/install/synapse_msgs:/home/ram/cognipilot/cranium/install/dream_world:/home/ram/cognipilot/cranium/install/cerebri_bringup:/home/ram/cognipilot/cranium/install/b3rb_simulator:/home/ram/cognipilot/cranium/install/b3rb_desktop:/home/ram/cognipilot/cranium/install/b3rb_rviz:/home/ram/cognipilot/cranium/install/b3rb_nav2:/home/ram/cognipilot/cranium/install/b3rb_gz_resource:/home/ram/cognipilot/cranium/install/b3rb_gz_bringup:/home/ram/cognipilot/cranium/install/b3rb_description:/home/ram/cognipilot/electrode/install/electrode:/home/ram/cognipilot/cranium/install/b3rb_ros_line_follower:/opt/ros/humble LD_LIBRARY_PATH=/home/ram/melfa_ros2/install/melfa_msgs/lib:${LD_LIBRARY_PATH} PYTHONPATH=/home/ram/melfa_ros2/install/melfa_msgs/local/lib/python3.10/dist-packages:${PYTHONPATH} /usr/bin/cmake /home/ram/melfa_ros2/src/melfa_ros2_driver/melfa_io_controllers -DCMAKE_INSTALL_PREFIX=/home/ram/melfa_ros2/install/melfa_io_controllers[0m
[10.451s] [34mcolcon.colcon_core.event_handler.log_command[0m [1;30mDEBUG[0m [32mInvoked command in '/home/ram/melfa_ros2/build/melfa_rv8crl_moveit_config' returned '0': AMENT_PREFIX_PATH=/home/ram/melfa_ros2/install/melfa_description:/home/ram/melfa_ros2/install/xacro:${AMENT_PREFIX_PATH} CMAKE_PREFIX_PATH=/home/ram/melfa_ros2/install/melfa_description:/home/ram/melfa_ros2/install/xacro:/home/ram/cognipilot/cranium/install/synapse_ros:/home/ram/cognipilot/cranium/install/synapse_gz:/home/ram/cognipilot/cranium/install/synapse_tinyframe:/home/ram/cognipilot/cranium/install/synapse_protobuf:/home/ram/cognipilot/cranium/install/corti:/home/ram/cognipilot/cranium/install/synapse_msgs:/home/ram/cognipilot/cranium/install/dream_world:/home/ram/cognipilot/cranium/install/cerebri_bringup:/home/ram/cognipilot/cranium/install/b3rb_simulator:/home/ram/cognipilot/cranium/install/b3rb_desktop:/home/ram/cognipilot/cranium/install/b3rb_rviz:/home/ram/cognipilot/cranium/install/b3rb_nav2:/home/ram/cognipilot/cranium/install/b3rb_gz_resource:/home/ram/cognipilot/cranium/install/b3rb_gz_bringup:/home/ram/cognipilot/cranium/install/b3rb_description:/home/ram/cognipilot/electrode/install/electrode:/home/ram/cognipilot/cranium/install/b3rb_ros_line_follower:/opt/ros/humble PATH=/home/ram/melfa_ros2/install/xacro/bin:${PATH} PYTHONPATH=/home/ram/melfa_ros2/install/xacro/local/lib/python3.10/dist-packages:${PYTHONPATH} /usr/bin/cmake --build /home/ram/melfa_ros2/build/melfa_rv8crl_moveit_config -- -j16 -l16[0m
[10.452s] [34mcolcon.colcon_core.event_handler.log_command[0m [1;30mDEBUG[0m [32mInvoking command in '/home/ram/melfa_ros2/build/melfa_rv8crl_moveit_config': AMENT_PREFIX_PATH=/home/ram/melfa_ros2/install/melfa_description:/home/ram/melfa_ros2/install/xacro:${AMENT_PREFIX_PATH} CMAKE_PREFIX_PATH=/home/ram/melfa_ros2/install/melfa_description:/home/ram/melfa_ros2/install/xacro:/home/ram/cognipilot/cranium/install/synapse_ros:/home/ram/cognipilot/cranium/install/synapse_gz:/home/ram/cognipilot/cranium/install/synapse_tinyframe:/home/ram/cognipilot/cranium/install/synapse_protobuf:/home/ram/cognipilot/cranium/install/corti:/home/ram/cognipilot/cranium/install/synapse_msgs:/home/ram/cognipilot/cranium/install/dream_world:/home/ram/cognipilot/cranium/install/cerebri_bringup:/home/ram/cognipilot/cranium/install/b3rb_simulator:/home/ram/cognipilot/cranium/install/b3rb_desktop:/home/ram/cognipilot/cranium/install/b3rb_rviz:/home/ram/cognipilot/cranium/install/b3rb_nav2:/home/ram/cognipilot/cranium/install/b3rb_gz_resource:/home/ram/cognipilot/cranium/install/b3rb_gz_bringup:/home/ram/cognipilot/cranium/install/b3rb_description:/home/ram/cognipilot/electrode/install/electrode:/home/ram/cognipilot/cranium/install/b3rb_ros_line_follower:/opt/ros/humble PATH=/home/ram/melfa_ros2/install/xacro/bin:${PATH} PYTHONPATH=/home/ram/melfa_ros2/install/xacro/local/lib/python3.10/dist-packages:${PYTHONPATH} /usr/bin/cmake --install /home/ram/melfa_ros2/build/melfa_rv8crl_moveit_config[0m
[10.463s] [34mcolcon.colcon_core.environment[0m [1;30mLevel 1[0m create_environment_scripts_only(melfa_rv8crl_moveit_config)
[10.464s] [34mcolcon.colcon_core.environment[0m [1;30mLevel 1[0m checking '/home/ram/melfa_ros2/install/melfa_rv8crl_moveit_config' for CMake module files
[10.464s] [34mcolcon.colcon_core.event_handler.log_command[0m [1;30mDEBUG[0m [32mInvoked command in '/home/ram/melfa_ros2/build/melfa_rv8crl_moveit_config' returned '0': AMENT_PREFIX_PATH=/home/ram/melfa_ros2/install/melfa_description:/home/ram/melfa_ros2/install/xacro:${AMENT_PREFIX_PATH} CMAKE_PREFIX_PATH=/home/ram/melfa_ros2/install/melfa_description:/home/ram/melfa_ros2/install/xacro:/home/ram/cognipilot/cranium/install/synapse_ros:/home/ram/cognipilot/cranium/install/synapse_gz:/home/ram/cognipilot/cranium/install/synapse_tinyframe:/home/ram/cognipilot/cranium/install/synapse_protobuf:/home/ram/cognipilot/cranium/install/corti:/home/ram/cognipilot/cranium/install/synapse_msgs:/home/ram/cognipilot/cranium/install/dream_world:/home/ram/cognipilot/cranium/install/cerebri_bringup:/home/ram/cognipilot/cranium/install/b3rb_simulator:/home/ram/cognipilot/cranium/install/b3rb_desktop:/home/ram/cognipilot/cranium/install/b3rb_rviz:/home/ram/cognipilot/cranium/install/b3rb_nav2:/home/ram/cognipilot/cranium/install/b3rb_gz_resource:/home/ram/cognipilot/cranium/install/b3rb_gz_bringup:/home/ram/cognipilot/cranium/install/b3rb_description:/home/ram/cognipilot/electrode/install/electrode:/home/ram/cognipilot/cranium/install/b3rb_ros_line_follower:/opt/ros/humble PATH=/home/ram/melfa_ros2/install/xacro/bin:${PATH} PYTHONPATH=/home/ram/melfa_ros2/install/xacro/local/lib/python3.10/dist-packages:${PYTHONPATH} /usr/bin/cmake --install /home/ram/melfa_ros2/build/melfa_rv8crl_moveit_config[0m
[10.465s] [34mcolcon.colcon_core.environment[0m [1;30mLevel 1[0m checking '/home/ram/melfa_ros2/install/melfa_rv8crl_moveit_config' for CMake config files
[10.465s] [34mcolcon.colcon_core.shell[0m [1;30mLevel 1[0m create_environment_hook('melfa_rv8crl_moveit_config', 'cmake_prefix_path')
[10.465s] [34mcolcon.colcon_core.shell[0m [1;30mINFO[0m Creating environment hook '/home/ram/melfa_ros2/install/melfa_rv8crl_moveit_config/share/melfa_rv8crl_moveit_config/hook/cmake_prefix_path.ps1'
[10.466s] [34mcolcon.colcon_core.shell[0m [1;30mINFO[0m Creating environment descriptor '/home/ram/melfa_ros2/install/melfa_rv8crl_moveit_config/share/melfa_rv8crl_moveit_config/hook/cmake_prefix_path.dsv'
[10.466s] [34mcolcon.colcon_core.shell[0m [1;30mINFO[0m Creating environment hook '/home/ram/melfa_ros2/install/melfa_rv8crl_moveit_config/share/melfa_rv8crl_moveit_config/hook/cmake_prefix_path.sh'
[10.467s] [34mcolcon.colcon_core.environment[0m [1;30mLevel 1[0m checking '/home/ram/melfa_ros2/install/melfa_rv8crl_moveit_config/lib'
[10.467s] [34mcolcon.colcon_core.environment[0m [1;30mLevel 1[0m checking '/home/ram/melfa_ros2/install/melfa_rv8crl_moveit_config/bin'
[10.467s] [34mcolcon.colcon_core.environment[0m [1;30mLevel 1[0m checking '/home/ram/melfa_ros2/install/melfa_rv8crl_moveit_config/lib/pkgconfig/melfa_rv8crl_moveit_config.pc'
[10.467s] [34mcolcon.colcon_core.environment[0m [1;30mLevel 1[0m checking '/home/ram/melfa_ros2/install/melfa_rv8crl_moveit_config/lib/python3.10/site-packages'
[10.467s] [34mcolcon.colcon_core.environment[0m [1;30mLevel 1[0m checking '/home/ram/melfa_ros2/install/melfa_rv8crl_moveit_config/bin'
[10.468s] [34mcolcon.colcon_core.shell[0m [1;30mINFO[0m Creating package script '/home/ram/melfa_ros2/install/melfa_rv8crl_moveit_config/share/melfa_rv8crl_moveit_config/package.ps1'
[10.468s] [34mcolcon.colcon_core.shell[0m [1;30mINFO[0m Creating package descriptor '/home/ram/melfa_ros2/install/melfa_rv8crl_moveit_config/share/melfa_rv8crl_moveit_config/package.dsv'
[10.469s] [34mcolcon.colcon_core.shell[0m [1;30mINFO[0m Creating package script '/home/ram/melfa_ros2/install/melfa_rv8crl_moveit_config/share/melfa_rv8crl_moveit_config/package.sh'
[10.469s] [34mcolcon.colcon_core.shell[0m [1;30mINFO[0m Creating package script '/home/ram/melfa_ros2/install/melfa_rv8crl_moveit_config/share/melfa_rv8crl_moveit_config/package.bash'
[10.469s] [34mcolcon.colcon_core.shell[0m [1;30mINFO[0m Creating package script '/home/ram/melfa_ros2/install/melfa_rv8crl_moveit_config/share/melfa_rv8crl_moveit_config/package.zsh'
[10.470s] [34mcolcon.colcon_core.environment[0m [1;30mLevel 1[0m create_file_with_runtime_dependencies(/home/ram/melfa_ros2/install/melfa_rv8crl_moveit_config/share/colcon-core/packages/melfa_rv8crl_moveit_config)
[10.470s] [34mcolcon.colcon_core.environment[0m [1;30mLevel 1[0m create_environment_scripts_only(melfa_rv8crl_moveit_config)
[10.471s] [34mcolcon.colcon_core.environment[0m [1;30mLevel 1[0m checking '/home/ram/melfa_ros2/install/melfa_rv8crl_moveit_config' for CMake module files
[10.471s] [34mcolcon.colcon_core.environment[0m [1;30mLevel 1[0m checking '/home/ram/melfa_ros2/install/melfa_rv8crl_moveit_config' for CMake config files
[10.471s] [34mcolcon.colcon_core.shell[0m [1;30mLevel 1[0m create_environment_hook('melfa_rv8crl_moveit_config', 'cmake_prefix_path')
[10.472s] [34mcolcon.colcon_core.shell[0m [1;30mINFO[0m Creating environment hook '/home/ram/melfa_ros2/install/melfa_rv8crl_moveit_config/share/melfa_rv8crl_moveit_config/hook/cmake_prefix_path.ps1'
[10.472s] [34mcolcon.colcon_core.shell[0m [1;30mINFO[0m Creating environment descriptor '/home/ram/melfa_ros2/install/melfa_rv8crl_moveit_config/share/melfa_rv8crl_moveit_config/hook/cmake_prefix_path.dsv'
[10.472s] [34mcolcon.colcon_core.shell[0m [1;30mINFO[0m Creating environment hook '/home/ram/melfa_ros2/install/melfa_rv8crl_moveit_config/share/melfa_rv8crl_moveit_config/hook/cmake_prefix_path.sh'
[10.473s] [34mcolcon.colcon_core.environment[0m [1;30mLevel 1[0m checking '/home/ram/melfa_ros2/install/melfa_rv8crl_moveit_config/lib'
[10.473s] [34mcolcon.colcon_core.environment[0m [1;30mLevel 1[0m checking '/home/ram/melfa_ros2/install/melfa_rv8crl_moveit_config/bin'
[10.473s] [34mcolcon.colcon_core.environment[0m [1;30mLevel 1[0m checking '/home/ram/melfa_ros2/install/melfa_rv8crl_moveit_config/lib/pkgconfig/melfa_rv8crl_moveit_config.pc'
[10.473s] [34mcolcon.colcon_core.environment[0m [1;30mLevel 1[0m checking '/home/ram/melfa_ros2/install/melfa_rv8crl_moveit_config/lib/python3.10/site-packages'
[10.474s] [34mcolcon.colcon_core.environment[0m [1;30mLevel 1[0m checking '/home/ram/melfa_ros2/install/melfa_rv8crl_moveit_config/bin'
[10.474s] [34mcolcon.colcon_core.shell[0m [1;30mINFO[0m Creating package script '/home/ram/melfa_ros2/install/melfa_rv8crl_moveit_config/share/melfa_rv8crl_moveit_config/package.ps1'
[10.475s] [34mcolcon.colcon_core.shell[0m [1;30mINFO[0m Creating package descriptor '/home/ram/melfa_ros2/install/melfa_rv8crl_moveit_config/share/melfa_rv8crl_moveit_config/package.dsv'
[10.475s] [34mcolcon.colcon_core.shell[0m [1;30mINFO[0m Creating package script '/home/ram/melfa_ros2/install/melfa_rv8crl_moveit_config/share/melfa_rv8crl_moveit_config/package.sh'
[10.476s] [34mcolcon.colcon_core.shell[0m [1;30mINFO[0m Creating package script '/home/ram/melfa_ros2/install/melfa_rv8crl_moveit_config/share/melfa_rv8crl_moveit_config/package.bash'
[10.476s] [34mcolcon.colcon_core.shell[0m [1;30mINFO[0m Creating package script '/home/ram/melfa_ros2/install/melfa_rv8crl_moveit_config/share/melfa_rv8crl_moveit_config/package.zsh'
[10.477s] [34mcolcon.colcon_core.environment[0m [1;30mLevel 1[0m create_file_with_runtime_dependencies(/home/ram/melfa_ros2/install/melfa_rv8crl_moveit_config/share/colcon-core/packages/melfa_rv8crl_moveit_config)
[10.712s] [34mcolcon.colcon_core.event_handler.log_command[0m [1;30mDEBUG[0m [32mInvoked command in '/home/ram/melfa_ros2/build/melfa_rh6frh5520_moveit_config' returned '0': AMENT_PREFIX_PATH=/home/ram/melfa_ros2/install/melfa_description:/home/ram/melfa_ros2/install/xacro:${AMENT_PREFIX_PATH} CMAKE_PREFIX_PATH=/home/ram/melfa_ros2/install/melfa_description:/home/ram/melfa_ros2/install/xacro:/home/ram/cognipilot/cranium/install/synapse_ros:/home/ram/cognipilot/cranium/install/synapse_gz:/home/ram/cognipilot/cranium/install/synapse_tinyframe:/home/ram/cognipilot/cranium/install/synapse_protobuf:/home/ram/cognipilot/cranium/install/corti:/home/ram/cognipilot/cranium/install/synapse_msgs:/home/ram/cognipilot/cranium/install/dream_world:/home/ram/cognipilot/cranium/install/cerebri_bringup:/home/ram/cognipilot/cranium/install/b3rb_simulator:/home/ram/cognipilot/cranium/install/b3rb_desktop:/home/ram/cognipilot/cranium/install/b3rb_rviz:/home/ram/cognipilot/cranium/install/b3rb_nav2:/home/ram/cognipilot/cranium/install/b3rb_gz_resource:/home/ram/cognipilot/cranium/install/b3rb_gz_bringup:/home/ram/cognipilot/cranium/install/b3rb_description:/home/ram/cognipilot/electrode/install/electrode:/home/ram/cognipilot/cranium/install/b3rb_ros_line_follower:/opt/ros/humble PATH=/home/ram/melfa_ros2/install/xacro/bin:${PATH} PYTHONPATH=/home/ram/melfa_ros2/install/xacro/local/lib/python3.10/dist-packages:${PYTHONPATH} /usr/bin/cmake --build /home/ram/melfa_ros2/build/melfa_rh6frh5520_moveit_config -- -j16 -l16[0m
[10.715s] [34mcolcon.colcon_core.event_handler.log_command[0m [1;30mDEBUG[0m [32mInvoking command in '/home/ram/melfa_ros2/build/melfa_rh6frh5520_moveit_config': AMENT_PREFIX_PATH=/home/ram/melfa_ros2/install/melfa_description:/home/ram/melfa_ros2/install/xacro:${AMENT_PREFIX_PATH} CMAKE_PREFIX_PATH=/home/ram/melfa_ros2/install/melfa_description:/home/ram/melfa_ros2/install/xacro:/home/ram/cognipilot/cranium/install/synapse_ros:/home/ram/cognipilot/cranium/install/synapse_gz:/home/ram/cognipilot/cranium/install/synapse_tinyframe:/home/ram/cognipilot/cranium/install/synapse_protobuf:/home/ram/cognipilot/cranium/install/corti:/home/ram/cognipilot/cranium/install/synapse_msgs:/home/ram/cognipilot/cranium/install/dream_world:/home/ram/cognipilot/cranium/install/cerebri_bringup:/home/ram/cognipilot/cranium/install/b3rb_simulator:/home/ram/cognipilot/cranium/install/b3rb_desktop:/home/ram/cognipilot/cranium/install/b3rb_rviz:/home/ram/cognipilot/cranium/install/b3rb_nav2:/home/ram/cognipilot/cranium/install/b3rb_gz_resource:/home/ram/cognipilot/cranium/install/b3rb_gz_bringup:/home/ram/cognipilot/cranium/install/b3rb_description:/home/ram/cognipilot/electrode/install/electrode:/home/ram/cognipilot/cranium/install/b3rb_ros_line_follower:/opt/ros/humble PATH=/home/ram/melfa_ros2/install/xacro/bin:${PATH} PYTHONPATH=/home/ram/melfa_ros2/install/xacro/local/lib/python3.10/dist-packages:${PYTHONPATH} /usr/bin/cmake --install /home/ram/melfa_ros2/build/melfa_rh6frh5520_moveit_config[0m
[10.735s] [34mcolcon.colcon_core.environment[0m [1;30mLevel 1[0m create_environment_scripts_only(melfa_rh6frh5520_moveit_config)
[10.735s] [34mcolcon.colcon_core.environment[0m [1;30mLevel 1[0m checking '/home/ram/melfa_ros2/install/melfa_rh6frh5520_moveit_config' for CMake module files
[10.736s] [34mcolcon.colcon_core.event_handler.log_command[0m [1;30mDEBUG[0m [32mInvoked command in '/home/ram/melfa_ros2/build/melfa_rh6frh5520_moveit_config' returned '0': AMENT_PREFIX_PATH=/home/ram/melfa_ros2/install/melfa_description:/home/ram/melfa_ros2/install/xacro:${AMENT_PREFIX_PATH} CMAKE_PREFIX_PATH=/home/ram/melfa_ros2/install/melfa_description:/home/ram/melfa_ros2/install/xacro:/home/ram/cognipilot/cranium/install/synapse_ros:/home/ram/cognipilot/cranium/install/synapse_gz:/home/ram/cognipilot/cranium/install/synapse_tinyframe:/home/ram/cognipilot/cranium/install/synapse_protobuf:/home/ram/cognipilot/cranium/install/corti:/home/ram/cognipilot/cranium/install/synapse_msgs:/home/ram/cognipilot/cranium/install/dream_world:/home/ram/cognipilot/cranium/install/cerebri_bringup:/home/ram/cognipilot/cranium/install/b3rb_simulator:/home/ram/cognipilot/cranium/install/b3rb_desktop:/home/ram/cognipilot/cranium/install/b3rb_rviz:/home/ram/cognipilot/cranium/install/b3rb_nav2:/home/ram/cognipilot/cranium/install/b3rb_gz_resource:/home/ram/cognipilot/cranium/install/b3rb_gz_bringup:/home/ram/cognipilot/cranium/install/b3rb_description:/home/ram/cognipilot/electrode/install/electrode:/home/ram/cognipilot/cranium/install/b3rb_ros_line_follower:/opt/ros/humble PATH=/home/ram/melfa_ros2/install/xacro/bin:${PATH} PYTHONPATH=/home/ram/melfa_ros2/install/xacro/local/lib/python3.10/dist-packages:${PYTHONPATH} /usr/bin/cmake --install /home/ram/melfa_ros2/build/melfa_rh6frh5520_moveit_config[0m
[10.736s] [34mcolcon.colcon_core.environment[0m [1;30mLevel 1[0m checking '/home/ram/melfa_ros2/install/melfa_rh6frh5520_moveit_config' for CMake config files
[10.736s] [34mcolcon.colcon_core.shell[0m [1;30mLevel 1[0m create_environment_hook('melfa_rh6frh5520_moveit_config', 'cmake_prefix_path')
[10.737s] [34mcolcon.colcon_core.shell[0m [1;30mINFO[0m Creating environment hook '/home/ram/melfa_ros2/install/melfa_rh6frh5520_moveit_config/share/melfa_rh6frh5520_moveit_config/hook/cmake_prefix_path.ps1'
[10.737s] [34mcolcon.colcon_core.shell[0m [1;30mINFO[0m Creating environment descriptor '/home/ram/melfa_ros2/install/melfa_rh6frh5520_moveit_config/share/melfa_rh6frh5520_moveit_config/hook/cmake_prefix_path.dsv'
[10.738s] [34mcolcon.colcon_core.shell[0m [1;30mINFO[0m Creating environment hook '/home/ram/melfa_ros2/install/melfa_rh6frh5520_moveit_config/share/melfa_rh6frh5520_moveit_config/hook/cmake_prefix_path.sh'
[10.738s] [34mcolcon.colcon_core.environment[0m [1;30mLevel 1[0m checking '/home/ram/melfa_ros2/install/melfa_rh6frh5520_moveit_config/lib'
[10.738s] [34mcolcon.colcon_core.environment[0m [1;30mLevel 1[0m checking '/home/ram/melfa_ros2/install/melfa_rh6frh5520_moveit_config/bin'
[10.739s] [34mcolcon.colcon_core.environment[0m [1;30mLevel 1[0m checking '/home/ram/melfa_ros2/install/melfa_rh6frh5520_moveit_config/lib/pkgconfig/melfa_rh6frh5520_moveit_config.pc'
[10.739s] [34mcolcon.colcon_core.environment[0m [1;30mLevel 1[0m checking '/home/ram/melfa_ros2/install/melfa_rh6frh5520_moveit_config/lib/python3.10/site-packages'
[10.739s] [34mcolcon.colcon_core.environment[0m [1;30mLevel 1[0m checking '/home/ram/melfa_ros2/install/melfa_rh6frh5520_moveit_config/bin'
[10.740s] [34mcolcon.colcon_core.shell[0m [1;30mINFO[0m Creating package script '/home/ram/melfa_ros2/install/melfa_rh6frh5520_moveit_config/share/melfa_rh6frh5520_moveit_config/package.ps1'
[10.741s] [34mcolcon.colcon_core.shell[0m [1;30mINFO[0m Creating package descriptor '/home/ram/melfa_ros2/install/melfa_rh6frh5520_moveit_config/share/melfa_rh6frh5520_moveit_config/package.dsv'
[10.741s] [34mcolcon.colcon_core.shell[0m [1;30mINFO[0m Creating package script '/home/ram/melfa_ros2/install/melfa_rh6frh5520_moveit_config/share/melfa_rh6frh5520_moveit_config/package.sh'
[10.742s] [34mcolcon.colcon_core.shell[0m [1;30mINFO[0m Creating package script '/home/ram/melfa_ros2/install/melfa_rh6frh5520_moveit_config/share/melfa_rh6frh5520_moveit_config/package.bash'
[10.742s] [34mcolcon.colcon_core.shell[0m [1;30mINFO[0m Creating package script '/home/ram/melfa_ros2/install/melfa_rh6frh5520_moveit_config/share/melfa_rh6frh5520_moveit_config/package.zsh'
[10.742s] [34mcolcon.colcon_core.environment[0m [1;30mLevel 1[0m create_file_with_runtime_dependencies(/home/ram/melfa_ros2/install/melfa_rh6frh5520_moveit_config/share/colcon-core/packages/melfa_rh6frh5520_moveit_config)
[10.743s] [34mcolcon.colcon_core.environment[0m [1;30mLevel 1[0m create_environment_scripts_only(melfa_rh6frh5520_moveit_config)
[10.744s] [34mcolcon.colcon_core.environment[0m [1;30mLevel 1[0m checking '/home/ram/melfa_ros2/install/melfa_rh6frh5520_moveit_config' for CMake module files
[10.744s] [34mcolcon.colcon_core.environment[0m [1;30mLevel 1[0m checking '/home/ram/melfa_ros2/install/melfa_rh6frh5520_moveit_config' for CMake config files
[10.745s] [34mcolcon.colcon_core.shell[0m [1;30mLevel 1[0m create_environment_hook('melfa_rh6frh5520_moveit_config', 'cmake_prefix_path')
[10.745s] [34mcolcon.colcon_core.shell[0m [1;30mINFO[0m Creating environment hook '/home/ram/melfa_ros2/install/melfa_rh6frh5520_moveit_config/share/melfa_rh6frh5520_moveit_config/hook/cmake_prefix_path.ps1'
[10.746s] [34mcolcon.colcon_core.shell[0m [1;30mINFO[0m Creating environment descriptor '/home/ram/melfa_ros2/install/melfa_rh6frh5520_moveit_config/share/melfa_rh6frh5520_moveit_config/hook/cmake_prefix_path.dsv'
[10.746s] [34mcolcon.colcon_core.shell[0m [1;30mINFO[0m Creating environment hook '/home/ram/melfa_ros2/install/melfa_rh6frh5520_moveit_config/share/melfa_rh6frh5520_moveit_config/hook/cmake_prefix_path.sh'
[10.747s] [34mcolcon.colcon_core.environment[0m [1;30mLevel 1[0m checking '/home/ram/melfa_ros2/install/melfa_rh6frh5520_moveit_config/lib'
[10.747s] [34mcolcon.colcon_core.environment[0m [1;30mLevel 1[0m checking '/home/ram/melfa_ros2/install/melfa_rh6frh5520_moveit_config/bin'
[10.747s] [34mcolcon.colcon_core.environment[0m [1;30mLevel 1[0m checking '/home/ram/melfa_ros2/install/melfa_rh6frh5520_moveit_config/lib/pkgconfig/melfa_rh6frh5520_moveit_config.pc'
[10.747s] [34mcolcon.colcon_core.environment[0m [1;30mLevel 1[0m checking '/home/ram/melfa_ros2/install/melfa_rh6frh5520_moveit_config/lib/python3.10/site-packages'
[10.748s] [34mcolcon.colcon_core.environment[0m [1;30mLevel 1[0m checking '/home/ram/melfa_ros2/install/melfa_rh6frh5520_moveit_config/bin'
[10.748s] [34mcolcon.colcon_core.shell[0m [1;30mINFO[0m Creating package script '/home/ram/melfa_ros2/install/melfa_rh6frh5520_moveit_config/share/melfa_rh6frh5520_moveit_config/package.ps1'
[10.749s] [34mcolcon.colcon_core.shell[0m [1;30mINFO[0m Creating package descriptor '/home/ram/melfa_ros2/install/melfa_rh6frh5520_moveit_config/share/melfa_rh6frh5520_moveit_config/package.dsv'
[10.754s] [34mcolcon.colcon_core.shell[0m [1;30mINFO[0m Creating package script '/home/ram/melfa_ros2/install/melfa_rh6frh5520_moveit_config/share/melfa_rh6frh5520_moveit_config/package.sh'
[10.755s] [34mcolcon.colcon_core.shell[0m [1;30mINFO[0m Creating package script '/home/ram/melfa_ros2/install/melfa_rh6frh5520_moveit_config/share/melfa_rh6frh5520_moveit_config/package.bash'
[10.755s] [34mcolcon.colcon_core.shell[0m [1;30mINFO[0m Creating package script '/home/ram/melfa_ros2/install/melfa_rh6frh5520_moveit_config/share/melfa_rh6frh5520_moveit_config/package.zsh'
[10.756s] [34mcolcon.colcon_core.environment[0m [1;30mLevel 1[0m create_file_with_runtime_dependencies(/home/ram/melfa_ros2/install/melfa_rh6frh5520_moveit_config/share/colcon-core/packages/melfa_rh6frh5520_moveit_config)
[10.787s] [34mcolcon.colcon_core.event_handler.log_command[0m [1;30mDEBUG[0m [32mInvoked command in '/home/ram/melfa_ros2/build/melfa_driver' returned '0': AMENT_PREFIX_PATH=/home/ram/melfa_ros2/install/melfa_description:/home/ram/melfa_ros2/install/melfa_bringup:/home/ram/melfa_ros2/install/xacro:${AMENT_PREFIX_PATH} CMAKE_PREFIX_PATH=/home/ram/melfa_ros2/install/melfa_description:/home/ram/melfa_ros2/install/melfa_bringup:/home/ram/melfa_ros2/install/xacro:/home/ram/cognipilot/cranium/install/synapse_ros:/home/ram/cognipilot/cranium/install/synapse_gz:/home/ram/cognipilot/cranium/install/synapse_tinyframe:/home/ram/cognipilot/cranium/install/synapse_protobuf:/home/ram/cognipilot/cranium/install/corti:/home/ram/cognipilot/cranium/install/synapse_msgs:/home/ram/cognipilot/cranium/install/dream_world:/home/ram/cognipilot/cranium/install/cerebri_bringup:/home/ram/cognipilot/cranium/install/b3rb_simulator:/home/ram/cognipilot/cranium/install/b3rb_desktop:/home/ram/cognipilot/cranium/install/b3rb_rviz:/home/ram/cognipilot/cranium/install/b3rb_nav2:/home/ram/cognipilot/cranium/install/b3rb_gz_resource:/home/ram/cognipilot/cranium/install/b3rb_gz_bringup:/home/ram/cognipilot/cranium/install/b3rb_description:/home/ram/cognipilot/electrode/install/electrode:/home/ram/cognipilot/cranium/install/b3rb_ros_line_follower:/opt/ros/humble PATH=/home/ram/melfa_ros2/install/xacro/bin:${PATH} PYTHONPATH=/home/ram/melfa_ros2/install/xacro/local/lib/python3.10/dist-packages:${PYTHONPATH} /usr/bin/cmake --build /home/ram/melfa_ros2/build/melfa_driver -- -j16 -l16[0m
[10.789s] [34mcolcon.colcon_core.event_handler.log_command[0m [1;30mDEBUG[0m [32mInvoking command in '/home/ram/melfa_ros2/build/melfa_driver': AMENT_PREFIX_PATH=/home/ram/melfa_ros2/install/melfa_description:/home/ram/melfa_ros2/install/melfa_bringup:/home/ram/melfa_ros2/install/xacro:${AMENT_PREFIX_PATH} CMAKE_PREFIX_PATH=/home/ram/melfa_ros2/install/melfa_description:/home/ram/melfa_ros2/install/melfa_bringup:/home/ram/melfa_ros2/install/xacro:/home/ram/cognipilot/cranium/install/synapse_ros:/home/ram/cognipilot/cranium/install/synapse_gz:/home/ram/cognipilot/cranium/install/synapse_tinyframe:/home/ram/cognipilot/cranium/install/synapse_protobuf:/home/ram/cognipilot/cranium/install/corti:/home/ram/cognipilot/cranium/install/synapse_msgs:/home/ram/cognipilot/cranium/install/dream_world:/home/ram/cognipilot/cranium/install/cerebri_bringup:/home/ram/cognipilot/cranium/install/b3rb_simulator:/home/ram/cognipilot/cranium/install/b3rb_desktop:/home/ram/cognipilot/cranium/install/b3rb_rviz:/home/ram/cognipilot/cranium/install/b3rb_nav2:/home/ram/cognipilot/cranium/install/b3rb_gz_resource:/home/ram/cognipilot/cranium/install/b3rb_gz_bringup:/home/ram/cognipilot/cranium/install/b3rb_description:/home/ram/cognipilot/electrode/install/electrode:/home/ram/cognipilot/cranium/install/b3rb_ros_line_follower:/opt/ros/humble PATH=/home/ram/melfa_ros2/install/xacro/bin:${PATH} PYTHONPATH=/home/ram/melfa_ros2/install/xacro/local/lib/python3.10/dist-packages:${PYTHONPATH} /usr/bin/cmake --install /home/ram/melfa_ros2/build/melfa_driver[0m
[10.806s] [34mcolcon.colcon_core.environment[0m [1;30mLevel 1[0m create_environment_scripts_only(melfa_driver)
[10.806s] [34mcolcon.colcon_core.environment[0m [1;30mLevel 1[0m checking '/home/ram/melfa_ros2/install/melfa_driver' for CMake module files
[10.807s] [34mcolcon.colcon_core.event_handler.log_command[0m [1;30mDEBUG[0m [32mInvoked command in '/home/ram/melfa_ros2/build/melfa_driver' returned '0': AMENT_PREFIX_PATH=/home/ram/melfa_ros2/install/melfa_description:/home/ram/melfa_ros2/install/melfa_bringup:/home/ram/melfa_ros2/install/xacro:${AMENT_PREFIX_PATH} CMAKE_PREFIX_PATH=/home/ram/melfa_ros2/install/melfa_description:/home/ram/melfa_ros2/install/melfa_bringup:/home/ram/melfa_ros2/install/xacro:/home/ram/cognipilot/cranium/install/synapse_ros:/home/ram/cognipilot/cranium/install/synapse_gz:/home/ram/cognipilot/cranium/install/synapse_tinyframe:/home/ram/cognipilot/cranium/install/synapse_protobuf:/home/ram/cognipilot/cranium/install/corti:/home/ram/cognipilot/cranium/install/synapse_msgs:/home/ram/cognipilot/cranium/install/dream_world:/home/ram/cognipilot/cranium/install/cerebri_bringup:/home/ram/cognipilot/cranium/install/b3rb_simulator:/home/ram/cognipilot/cranium/install/b3rb_desktop:/home/ram/cognipilot/cranium/install/b3rb_rviz:/home/ram/cognipilot/cranium/install/b3rb_nav2:/home/ram/cognipilot/cranium/install/b3rb_gz_resource:/home/ram/cognipilot/cranium/install/b3rb_gz_bringup:/home/ram/cognipilot/cranium/install/b3rb_description:/home/ram/cognipilot/electrode/install/electrode:/home/ram/cognipilot/cranium/install/b3rb_ros_line_follower:/opt/ros/humble PATH=/home/ram/melfa_ros2/install/xacro/bin:${PATH} PYTHONPATH=/home/ram/melfa_ros2/install/xacro/local/lib/python3.10/dist-packages:${PYTHONPATH} /usr/bin/cmake --install /home/ram/melfa_ros2/build/melfa_driver[0m
[10.807s] [34mcolcon.colcon_core.environment[0m [1;30mLevel 1[0m checking '/home/ram/melfa_ros2/install/melfa_driver' for CMake config files
[10.807s] [34mcolcon.colcon_core.shell[0m [1;30mLevel 1[0m create_environment_hook('melfa_driver', 'cmake_prefix_path')
[10.807s] [34mcolcon.colcon_core.shell[0m [1;30mINFO[0m Creating environment hook '/home/ram/melfa_ros2/install/melfa_driver/share/melfa_driver/hook/cmake_prefix_path.ps1'
[10.807s] [34mcolcon.colcon_core.shell[0m [1;30mINFO[0m Creating environment descriptor '/home/ram/melfa_ros2/install/melfa_driver/share/melfa_driver/hook/cmake_prefix_path.dsv'
[10.808s] [34mcolcon.colcon_core.shell[0m [1;30mINFO[0m Creating environment hook '/home/ram/melfa_ros2/install/melfa_driver/share/melfa_driver/hook/cmake_prefix_path.sh'
[10.808s] [34mcolcon.colcon_core.environment[0m [1;30mLevel 1[0m checking '/home/ram/melfa_ros2/install/melfa_driver/lib'
[10.808s] [34mcolcon.colcon_core.shell[0m [1;30mLevel 1[0m create_environment_hook('melfa_driver', 'ld_library_path_lib')
[10.808s] [34mcolcon.colcon_core.shell[0m [1;30mINFO[0m Creating environment hook '/home/ram/melfa_ros2/install/melfa_driver/share/melfa_driver/hook/ld_library_path_lib.ps1'
[10.809s] [34mcolcon.colcon_core.shell[0m [1;30mINFO[0m Creating environment descriptor '/home/ram/melfa_ros2/install/melfa_driver/share/melfa_driver/hook/ld_library_path_lib.dsv'
[10.809s] [34mcolcon.colcon_core.shell[0m [1;30mINFO[0m Creating environment hook '/home/ram/melfa_ros2/install/melfa_driver/share/melfa_driver/hook/ld_library_path_lib.sh'
[10.809s] [34mcolcon.colcon_core.environment[0m [1;30mLevel 1[0m checking '/home/ram/melfa_ros2/install/melfa_driver/bin'
[10.809s] [34mcolcon.colcon_core.environment[0m [1;30mLevel 1[0m checking '/home/ram/melfa_ros2/install/melfa_driver/lib/pkgconfig/melfa_driver.pc'
[10.809s] [34mcolcon.colcon_core.environment[0m [1;30mLevel 1[0m checking '/home/ram/melfa_ros2/install/melfa_driver/lib/python3.10/site-packages'
[10.809s] [34mcolcon.colcon_core.environment[0m [1;30mLevel 1[0m checking '/home/ram/melfa_ros2/install/melfa_driver/bin'
[10.810s] [34mcolcon.colcon_core.shell[0m [1;30mINFO[0m Creating package script '/home/ram/melfa_ros2/install/melfa_driver/share/melfa_driver/package.ps1'
[10.810s] [34mcolcon.colcon_core.shell[0m [1;30mINFO[0m Creating package descriptor '/home/ram/melfa_ros2/install/melfa_driver/share/melfa_driver/package.dsv'
[10.810s] [34mcolcon.colcon_core.shell[0m [1;30mINFO[0m Creating package script '/home/ram/melfa_ros2/install/melfa_driver/share/melfa_driver/package.sh'
[10.811s] [34mcolcon.colcon_core.shell[0m [1;30mINFO[0m Creating package script '/home/ram/melfa_ros2/install/melfa_driver/share/melfa_driver/package.bash'
[10.811s] [34mcolcon.colcon_core.shell[0m [1;30mINFO[0m Creating package script '/home/ram/melfa_ros2/install/melfa_driver/share/melfa_driver/package.zsh'
[10.811s] [34mcolcon.colcon_core.environment[0m [1;30mLevel 1[0m create_file_with_runtime_dependencies(/home/ram/melfa_ros2/install/melfa_driver/share/colcon-core/packages/melfa_driver)
[10.811s] [34mcolcon.colcon_core.environment[0m [1;30mLevel 1[0m create_environment_scripts_only(melfa_driver)
[10.811s] [34mcolcon.colcon_core.environment[0m [1;30mLevel 1[0m checking '/home/ram/melfa_ros2/install/melfa_driver' for CMake module files
[10.812s] [34mcolcon.colcon_core.environment[0m [1;30mLevel 1[0m checking '/home/ram/melfa_ros2/install/melfa_driver' for CMake config files
[10.812s] [34mcolcon.colcon_core.shell[0m [1;30mLevel 1[0m create_environment_hook('melfa_driver', 'cmake_prefix_path')
[10.812s] [34mcolcon.colcon_core.shell[0m [1;30mINFO[0m Creating environment hook '/home/ram/melfa_ros2/install/melfa_driver/share/melfa_driver/hook/cmake_prefix_path.ps1'
[10.812s] [34mcolcon.colcon_core.shell[0m [1;30mINFO[0m Creating environment descriptor '/home/ram/melfa_ros2/install/melfa_driver/share/melfa_driver/hook/cmake_prefix_path.dsv'
[10.812s] [34mcolcon.colcon_core.shell[0m [1;30mINFO[0m Creating environment hook '/home/ram/melfa_ros2/install/melfa_driver/share/melfa_driver/hook/cmake_prefix_path.sh'
[10.813s] [34mcolcon.colcon_core.environment[0m [1;30mLevel 1[0m checking '/home/ram/melfa_ros2/install/melfa_driver/lib'
[10.813s] [34mcolcon.colcon_core.shell[0m [1;30mLevel 1[0m create_environment_hook('melfa_driver', 'ld_library_path_lib')
[10.813s] [34mcolcon.colcon_core.shell[0m [1;30mINFO[0m Creating environment hook '/home/ram/melfa_ros2/install/melfa_driver/share/melfa_driver/hook/ld_library_path_lib.ps1'
[10.813s] [34mcolcon.colcon_core.shell[0m [1;30mINFO[0m Creating environment descriptor '/home/ram/melfa_ros2/install/melfa_driver/share/melfa_driver/hook/ld_library_path_lib.dsv'
[10.813s] [34mcolcon.colcon_core.shell[0m [1;30mINFO[0m Creating environment hook '/home/ram/melfa_ros2/install/melfa_driver/share/melfa_driver/hook/ld_library_path_lib.sh'
[10.814s] [34mcolcon.colcon_core.environment[0m [1;30mLevel 1[0m checking '/home/ram/melfa_ros2/install/melfa_driver/bin'
[10.814s] [34mcolcon.colcon_core.environment[0m [1;30mLevel 1[0m checking '/home/ram/melfa_ros2/install/melfa_driver/lib/pkgconfig/melfa_driver.pc'
[10.814s] [34mcolcon.colcon_core.environment[0m [1;30mLevel 1[0m checking '/home/ram/melfa_ros2/install/melfa_driver/lib/python3.10/site-packages'
[10.814s] [34mcolcon.colcon_core.environment[0m [1;30mLevel 1[0m checking '/home/ram/melfa_ros2/install/melfa_driver/bin'
[10.814s] [34mcolcon.colcon_core.shell[0m [1;30mINFO[0m Creating package script '/home/ram/melfa_ros2/install/melfa_driver/share/melfa_driver/package.ps1'
[10.815s] [34mcolcon.colcon_core.shell[0m [1;30mINFO[0m Creating package descriptor '/home/ram/melfa_ros2/install/melfa_driver/share/melfa_driver/package.dsv'
[10.817s] [34mcolcon.colcon_core.shell[0m [1;30mINFO[0m Creating package script '/home/ram/melfa_ros2/install/melfa_driver/share/melfa_driver/package.sh'
[10.817s] [34mcolcon.colcon_core.shell[0m [1;30mINFO[0m Creating package script '/home/ram/melfa_ros2/install/melfa_driver/share/melfa_driver/package.bash'
[10.817s] [34mcolcon.colcon_core.shell[0m [1;30mINFO[0m Creating package script '/home/ram/melfa_ros2/install/melfa_driver/share/melfa_driver/package.zsh'
[10.817s] [34mcolcon.colcon_core.environment[0m [1;30mLevel 1[0m create_file_with_runtime_dependencies(/home/ram/melfa_ros2/install/melfa_driver/share/colcon-core/packages/melfa_driver)
[11.136s] [34mcolcon.colcon_core.event_handler.log_command[0m [1;30mDEBUG[0m [32mInvoked command in '/home/ram/melfa_ros2/build/melfa_rh6crh6020_moveit_config' returned '0': AMENT_PREFIX_PATH=/home/ram/melfa_ros2/install/melfa_description:/home/ram/melfa_ros2/install/xacro:${AMENT_PREFIX_PATH} CMAKE_PREFIX_PATH=/home/ram/melfa_ros2/install/melfa_description:/home/ram/melfa_ros2/install/xacro:/home/ram/cognipilot/cranium/install/synapse_ros:/home/ram/cognipilot/cranium/install/synapse_gz:/home/ram/cognipilot/cranium/install/synapse_tinyframe:/home/ram/cognipilot/cranium/install/synapse_protobuf:/home/ram/cognipilot/cranium/install/corti:/home/ram/cognipilot/cranium/install/synapse_msgs:/home/ram/cognipilot/cranium/install/dream_world:/home/ram/cognipilot/cranium/install/cerebri_bringup:/home/ram/cognipilot/cranium/install/b3rb_simulator:/home/ram/cognipilot/cranium/install/b3rb_desktop:/home/ram/cognipilot/cranium/install/b3rb_rviz:/home/ram/cognipilot/cranium/install/b3rb_nav2:/home/ram/cognipilot/cranium/install/b3rb_gz_resource:/home/ram/cognipilot/cranium/install/b3rb_gz_bringup:/home/ram/cognipilot/cranium/install/b3rb_description:/home/ram/cognipilot/electrode/install/electrode:/home/ram/cognipilot/cranium/install/b3rb_ros_line_follower:/opt/ros/humble PATH=/home/ram/melfa_ros2/install/xacro/bin:${PATH} PYTHONPATH=/home/ram/melfa_ros2/install/xacro/local/lib/python3.10/dist-packages:${PYTHONPATH} /usr/bin/cmake --build /home/ram/melfa_ros2/build/melfa_rh6crh6020_moveit_config -- -j16 -l16[0m
[11.137s] [34mcolcon.colcon_core.event_handler.log_command[0m [1;30mDEBUG[0m [32mInvoking command in '/home/ram/melfa_ros2/build/melfa_rh6crh6020_moveit_config': AMENT_PREFIX_PATH=/home/ram/melfa_ros2/install/melfa_description:/home/ram/melfa_ros2/install/xacro:${AMENT_PREFIX_PATH} CMAKE_PREFIX_PATH=/home/ram/melfa_ros2/install/melfa_description:/home/ram/melfa_ros2/install/xacro:/home/ram/cognipilot/cranium/install/synapse_ros:/home/ram/cognipilot/cranium/install/synapse_gz:/home/ram/cognipilot/cranium/install/synapse_tinyframe:/home/ram/cognipilot/cranium/install/synapse_protobuf:/home/ram/cognipilot/cranium/install/corti:/home/ram/cognipilot/cranium/install/synapse_msgs:/home/ram/cognipilot/cranium/install/dream_world:/home/ram/cognipilot/cranium/install/cerebri_bringup:/home/ram/cognipilot/cranium/install/b3rb_simulator:/home/ram/cognipilot/cranium/install/b3rb_desktop:/home/ram/cognipilot/cranium/install/b3rb_rviz:/home/ram/cognipilot/cranium/install/b3rb_nav2:/home/ram/cognipilot/cranium/install/b3rb_gz_resource:/home/ram/cognipilot/cranium/install/b3rb_gz_bringup:/home/ram/cognipilot/cranium/install/b3rb_description:/home/ram/cognipilot/electrode/install/electrode:/home/ram/cognipilot/cranium/install/b3rb_ros_line_follower:/opt/ros/humble PATH=/home/ram/melfa_ros2/install/xacro/bin:${PATH} PYTHONPATH=/home/ram/melfa_ros2/install/xacro/local/lib/python3.10/dist-packages:${PYTHONPATH} /usr/bin/cmake --install /home/ram/melfa_ros2/build/melfa_rh6crh6020_moveit_config[0m
[11.157s] [34mcolcon.colcon_core.environment[0m [1;30mLevel 1[0m create_environment_scripts_only(melfa_rh6crh6020_moveit_config)
[11.158s] [34mcolcon.colcon_core.environment[0m [1;30mLevel 1[0m checking '/home/ram/melfa_ros2/install/melfa_rh6crh6020_moveit_config' for CMake module files
[11.158s] [34mcolcon.colcon_core.event_handler.log_command[0m [1;30mDEBUG[0m [32mInvoked command in '/home/ram/melfa_ros2/build/melfa_rh6crh6020_moveit_config' returned '0': AMENT_PREFIX_PATH=/home/ram/melfa_ros2/install/melfa_description:/home/ram/melfa_ros2/install/xacro:${AMENT_PREFIX_PATH} CMAKE_PREFIX_PATH=/home/ram/melfa_ros2/install/melfa_description:/home/ram/melfa_ros2/install/xacro:/home/ram/cognipilot/cranium/install/synapse_ros:/home/ram/cognipilot/cranium/install/synapse_gz:/home/ram/cognipilot/cranium/install/synapse_tinyframe:/home/ram/cognipilot/cranium/install/synapse_protobuf:/home/ram/cognipilot/cranium/install/corti:/home/ram/cognipilot/cranium/install/synapse_msgs:/home/ram/cognipilot/cranium/install/dream_world:/home/ram/cognipilot/cranium/install/cerebri_bringup:/home/ram/cognipilot/cranium/install/b3rb_simulator:/home/ram/cognipilot/cranium/install/b3rb_desktop:/home/ram/cognipilot/cranium/install/b3rb_rviz:/home/ram/cognipilot/cranium/install/b3rb_nav2:/home/ram/cognipilot/cranium/install/b3rb_gz_resource:/home/ram/cognipilot/cranium/install/b3rb_gz_bringup:/home/ram/cognipilot/cranium/install/b3rb_description:/home/ram/cognipilot/electrode/install/electrode:/home/ram/cognipilot/cranium/install/b3rb_ros_line_follower:/opt/ros/humble PATH=/home/ram/melfa_ros2/install/xacro/bin:${PATH} PYTHONPATH=/home/ram/melfa_ros2/install/xacro/local/lib/python3.10/dist-packages:${PYTHONPATH} /usr/bin/cmake --install /home/ram/melfa_ros2/build/melfa_rh6crh6020_moveit_config[0m
[11.158s] [34mcolcon.colcon_core.environment[0m [1;30mLevel 1[0m checking '/home/ram/melfa_ros2/install/melfa_rh6crh6020_moveit_config' for CMake config files
[11.159s] [34mcolcon.colcon_core.shell[0m [1;30mLevel 1[0m create_environment_hook('melfa_rh6crh6020_moveit_config', 'cmake_prefix_path')
[11.159s] [34mcolcon.colcon_core.shell[0m [1;30mINFO[0m Creating environment hook '/home/ram/melfa_ros2/install/melfa_rh6crh6020_moveit_config/share/melfa_rh6crh6020_moveit_config/hook/cmake_prefix_path.ps1'
[11.160s] [34mcolcon.colcon_core.shell[0m [1;30mINFO[0m Creating environment descriptor '/home/ram/melfa_ros2/install/melfa_rh6crh6020_moveit_config/share/melfa_rh6crh6020_moveit_config/hook/cmake_prefix_path.dsv'
[11.160s] [34mcolcon.colcon_core.shell[0m [1;30mINFO[0m Creating environment hook '/home/ram/melfa_ros2/install/melfa_rh6crh6020_moveit_config/share/melfa_rh6crh6020_moveit_config/hook/cmake_prefix_path.sh'
[11.160s] [34mcolcon.colcon_core.environment[0m [1;30mLevel 1[0m checking '/home/ram/melfa_ros2/install/melfa_rh6crh6020_moveit_config/lib'
[11.160s] [34mcolcon.colcon_core.environment[0m [1;30mLevel 1[0m checking '/home/ram/melfa_ros2/install/melfa_rh6crh6020_moveit_config/bin'
[11.160s] [34mcolcon.colcon_core.environment[0m [1;30mLevel 1[0m checking '/home/ram/melfa_ros2/install/melfa_rh6crh6020_moveit_config/lib/pkgconfig/melfa_rh6crh6020_moveit_config.pc'
[11.160s] [34mcolcon.colcon_core.environment[0m [1;30mLevel 1[0m checking '/home/ram/melfa_ros2/install/melfa_rh6crh6020_moveit_config/lib/python3.10/site-packages'
[11.161s] [34mcolcon.colcon_core.environment[0m [1;30mLevel 1[0m checking '/home/ram/melfa_ros2/install/melfa_rh6crh6020_moveit_config/bin'
[11.161s] [34mcolcon.colcon_core.shell[0m [1;30mINFO[0m Creating package script '/home/ram/melfa_ros2/install/melfa_rh6crh6020_moveit_config/share/melfa_rh6crh6020_moveit_config/package.ps1'
[11.162s] [34mcolcon.colcon_core.shell[0m [1;30mINFO[0m Creating package descriptor '/home/ram/melfa_ros2/install/melfa_rh6crh6020_moveit_config/share/melfa_rh6crh6020_moveit_config/package.dsv'
[11.163s] [34mcolcon.colcon_core.shell[0m [1;30mINFO[0m Creating package script '/home/ram/melfa_ros2/install/melfa_rh6crh6020_moveit_config/share/melfa_rh6crh6020_moveit_config/package.sh'
[11.163s] [34mcolcon.colcon_core.shell[0m [1;30mINFO[0m Creating package script '/home/ram/melfa_ros2/install/melfa_rh6crh6020_moveit_config/share/melfa_rh6crh6020_moveit_config/package.bash'
[11.163s] [34mcolcon.colcon_core.shell[0m [1;30mINFO[0m Creating package script '/home/ram/melfa_ros2/install/melfa_rh6crh6020_moveit_config/share/melfa_rh6crh6020_moveit_config/package.zsh'
[11.163s] [34mcolcon.colcon_core.environment[0m [1;30mLevel 1[0m create_file_with_runtime_dependencies(/home/ram/melfa_ros2/install/melfa_rh6crh6020_moveit_config/share/colcon-core/packages/melfa_rh6crh6020_moveit_config)
[11.164s] [34mcolcon.colcon_core.environment[0m [1;30mLevel 1[0m create_environment_scripts_only(melfa_rh6crh6020_moveit_config)
[11.164s] [34mcolcon.colcon_core.environment[0m [1;30mLevel 1[0m checking '/home/ram/melfa_ros2/install/melfa_rh6crh6020_moveit_config' for CMake module files
[11.164s] [34mcolcon.colcon_core.environment[0m [1;30mLevel 1[0m checking '/home/ram/melfa_ros2/install/melfa_rh6crh6020_moveit_config' for CMake config files
[11.164s] [34mcolcon.colcon_core.shell[0m [1;30mLevel 1[0m create_environment_hook('melfa_rh6crh6020_moveit_config', 'cmake_prefix_path')
[11.165s] [34mcolcon.colcon_core.shell[0m [1;30mINFO[0m Creating environment hook '/home/ram/melfa_ros2/install/melfa_rh6crh6020_moveit_config/share/melfa_rh6crh6020_moveit_config/hook/cmake_prefix_path.ps1'
[11.165s] [34mcolcon.colcon_core.shell[0m [1;30mINFO[0m Creating environment descriptor '/home/ram/melfa_ros2/install/melfa_rh6crh6020_moveit_config/share/melfa_rh6crh6020_moveit_config/hook/cmake_prefix_path.dsv'
[11.165s] [34mcolcon.colcon_core.shell[0m [1;30mINFO[0m Creating environment hook '/home/ram/melfa_ros2/install/melfa_rh6crh6020_moveit_config/share/melfa_rh6crh6020_moveit_config/hook/cmake_prefix_path.sh'
[11.165s] [34mcolcon.colcon_core.environment[0m [1;30mLevel 1[0m checking '/home/ram/melfa_ros2/install/melfa_rh6crh6020_moveit_config/lib'
[11.166s] [34mcolcon.colcon_core.environment[0m [1;30mLevel 1[0m checking '/home/ram/melfa_ros2/install/melfa_rh6crh6020_moveit_config/bin'
[11.166s] [34mcolcon.colcon_core.environment[0m [1;30mLevel 1[0m checking '/home/ram/melfa_ros2/install/melfa_rh6crh6020_moveit_config/lib/pkgconfig/melfa_rh6crh6020_moveit_config.pc'
[11.166s] [34mcolcon.colcon_core.environment[0m [1;30mLevel 1[0m checking '/home/ram/melfa_ros2/install/melfa_rh6crh6020_moveit_config/lib/python3.10/site-packages'
[11.166s] [34mcolcon.colcon_core.environment[0m [1;30mLevel 1[0m checking '/home/ram/melfa_ros2/install/melfa_rh6crh6020_moveit_config/bin'
[11.166s] [34mcolcon.colcon_core.shell[0m [1;30mINFO[0m Creating package script '/home/ram/melfa_ros2/install/melfa_rh6crh6020_moveit_config/share/melfa_rh6crh6020_moveit_config/package.ps1'
[11.167s] [34mcolcon.colcon_core.shell[0m [1;30mINFO[0m Creating package descriptor '/home/ram/melfa_ros2/install/melfa_rh6crh6020_moveit_config/share/melfa_rh6crh6020_moveit_config/package.dsv'
[11.167s] [34mcolcon.colcon_core.shell[0m [1;30mINFO[0m Creating package script '/home/ram/melfa_ros2/install/melfa_rh6crh6020_moveit_config/share/melfa_rh6crh6020_moveit_config/package.sh'
[11.168s] [34mcolcon.colcon_core.shell[0m [1;30mINFO[0m Creating package script '/home/ram/melfa_ros2/install/melfa_rh6crh6020_moveit_config/share/melfa_rh6crh6020_moveit_config/package.bash'
[11.168s] [34mcolcon.colcon_core.shell[0m [1;30mINFO[0m Creating package script '/home/ram/melfa_ros2/install/melfa_rh6crh6020_moveit_config/share/melfa_rh6crh6020_moveit_config/package.zsh'
[11.168s] [34mcolcon.colcon_core.environment[0m [1;30mLevel 1[0m create_file_with_runtime_dependencies(/home/ram/melfa_ros2/install/melfa_rh6crh6020_moveit_config/share/colcon-core/packages/melfa_rh6crh6020_moveit_config)
[11.268s] [34mcolcon.colcon_core.event_handler.log_command[0m [1;30mDEBUG[0m [32mInvoked command in '/home/ram/melfa_ros2/build/melfa_rv80fr_moveit_config' returned '0': AMENT_PREFIX_PATH=/home/ram/melfa_ros2/install/melfa_description:/home/ram/melfa_ros2/install/xacro:${AMENT_PREFIX_PATH} CMAKE_PREFIX_PATH=/home/ram/melfa_ros2/install/melfa_description:/home/ram/melfa_ros2/install/xacro:/home/ram/cognipilot/cranium/install/synapse_ros:/home/ram/cognipilot/cranium/install/synapse_gz:/home/ram/cognipilot/cranium/install/synapse_tinyframe:/home/ram/cognipilot/cranium/install/synapse_protobuf:/home/ram/cognipilot/cranium/install/corti:/home/ram/cognipilot/cranium/install/synapse_msgs:/home/ram/cognipilot/cranium/install/dream_world:/home/ram/cognipilot/cranium/install/cerebri_bringup:/home/ram/cognipilot/cranium/install/b3rb_simulator:/home/ram/cognipilot/cranium/install/b3rb_desktop:/home/ram/cognipilot/cranium/install/b3rb_rviz:/home/ram/cognipilot/cranium/install/b3rb_nav2:/home/ram/cognipilot/cranium/install/b3rb_gz_resource:/home/ram/cognipilot/cranium/install/b3rb_gz_bringup:/home/ram/cognipilot/cranium/install/b3rb_description:/home/ram/cognipilot/electrode/install/electrode:/home/ram/cognipilot/cranium/install/b3rb_ros_line_follower:/opt/ros/humble PATH=/home/ram/melfa_ros2/install/xacro/bin:${PATH} PYTHONPATH=/home/ram/melfa_ros2/install/xacro/local/lib/python3.10/dist-packages:${PYTHONPATH} /usr/bin/cmake --build /home/ram/melfa_ros2/build/melfa_rv80fr_moveit_config -- -j16 -l16[0m
[11.270s] [34mcolcon.colcon_core.event_handler.log_command[0m [1;30mDEBUG[0m [32mInvoking command in '/home/ram/melfa_ros2/build/melfa_rv80fr_moveit_config': AMENT_PREFIX_PATH=/home/ram/melfa_ros2/install/melfa_description:/home/ram/melfa_ros2/install/xacro:${AMENT_PREFIX_PATH} CMAKE_PREFIX_PATH=/home/ram/melfa_ros2/install/melfa_description:/home/ram/melfa_ros2/install/xacro:/home/ram/cognipilot/cranium/install/synapse_ros:/home/ram/cognipilot/cranium/install/synapse_gz:/home/ram/cognipilot/cranium/install/synapse_tinyframe:/home/ram/cognipilot/cranium/install/synapse_protobuf:/home/ram/cognipilot/cranium/install/corti:/home/ram/cognipilot/cranium/install/synapse_msgs:/home/ram/cognipilot/cranium/install/dream_world:/home/ram/cognipilot/cranium/install/cerebri_bringup:/home/ram/cognipilot/cranium/install/b3rb_simulator:/home/ram/cognipilot/cranium/install/b3rb_desktop:/home/ram/cognipilot/cranium/install/b3rb_rviz:/home/ram/cognipilot/cranium/install/b3rb_nav2:/home/ram/cognipilot/cranium/install/b3rb_gz_resource:/home/ram/cognipilot/cranium/install/b3rb_gz_bringup:/home/ram/cognipilot/cranium/install/b3rb_description:/home/ram/cognipilot/electrode/install/electrode:/home/ram/cognipilot/cranium/install/b3rb_ros_line_follower:/opt/ros/humble PATH=/home/ram/melfa_ros2/install/xacro/bin:${PATH} PYTHONPATH=/home/ram/melfa_ros2/install/xacro/local/lib/python3.10/dist-packages:${PYTHONPATH} /usr/bin/cmake --install /home/ram/melfa_ros2/build/melfa_rv80fr_moveit_config[0m
[11.280s] [34mcolcon.colcon_core.environment[0m [1;30mLevel 1[0m create_environment_scripts_only(melfa_rv80fr_moveit_config)
[11.281s] [34mcolcon.colcon_core.environment[0m [1;30mLevel 1[0m checking '/home/ram/melfa_ros2/install/melfa_rv80fr_moveit_config' for CMake module files
[11.282s] [34mcolcon.colcon_core.event_handler.log_command[0m [1;30mDEBUG[0m [32mInvoked command in '/home/ram/melfa_ros2/build/melfa_rv80fr_moveit_config' returned '0': AMENT_PREFIX_PATH=/home/ram/melfa_ros2/install/melfa_description:/home/ram/melfa_ros2/install/xacro:${AMENT_PREFIX_PATH} CMAKE_PREFIX_PATH=/home/ram/melfa_ros2/install/melfa_description:/home/ram/melfa_ros2/install/xacro:/home/ram/cognipilot/cranium/install/synapse_ros:/home/ram/cognipilot/cranium/install/synapse_gz:/home/ram/cognipilot/cranium/install/synapse_tinyframe:/home/ram/cognipilot/cranium/install/synapse_protobuf:/home/ram/cognipilot/cranium/install/corti:/home/ram/cognipilot/cranium/install/synapse_msgs:/home/ram/cognipilot/cranium/install/dream_world:/home/ram/cognipilot/cranium/install/cerebri_bringup:/home/ram/cognipilot/cranium/install/b3rb_simulator:/home/ram/cognipilot/cranium/install/b3rb_desktop:/home/ram/cognipilot/cranium/install/b3rb_rviz:/home/ram/cognipilot/cranium/install/b3rb_nav2:/home/ram/cognipilot/cranium/install/b3rb_gz_resource:/home/ram/cognipilot/cranium/install/b3rb_gz_bringup:/home/ram/cognipilot/cranium/install/b3rb_description:/home/ram/cognipilot/electrode/install/electrode:/home/ram/cognipilot/cranium/install/b3rb_ros_line_follower:/opt/ros/humble PATH=/home/ram/melfa_ros2/install/xacro/bin:${PATH} PYTHONPATH=/home/ram/melfa_ros2/install/xacro/local/lib/python3.10/dist-packages:${PYTHONPATH} /usr/bin/cmake --install /home/ram/melfa_ros2/build/melfa_rv80fr_moveit_config[0m
[11.282s] [34mcolcon.colcon_core.environment[0m [1;30mLevel 1[0m checking '/home/ram/melfa_ros2/install/melfa_rv80fr_moveit_config' for CMake config files
[11.282s] [34mcolcon.colcon_core.shell[0m [1;30mLevel 1[0m create_environment_hook('melfa_rv80fr_moveit_config', 'cmake_prefix_path')
[11.283s] [34mcolcon.colcon_core.shell[0m [1;30mINFO[0m Creating environment hook '/home/ram/melfa_ros2/install/melfa_rv80fr_moveit_config/share/melfa_rv80fr_moveit_config/hook/cmake_prefix_path.ps1'
[11.283s] [34mcolcon.colcon_core.shell[0m [1;30mINFO[0m Creating environment descriptor '/home/ram/melfa_ros2/install/melfa_rv80fr_moveit_config/share/melfa_rv80fr_moveit_config/hook/cmake_prefix_path.dsv'
[11.283s] [34mcolcon.colcon_core.shell[0m [1;30mINFO[0m Creating environment hook '/home/ram/melfa_ros2/install/melfa_rv80fr_moveit_config/share/melfa_rv80fr_moveit_config/hook/cmake_prefix_path.sh'
[11.284s] [34mcolcon.colcon_core.environment[0m [1;30mLevel 1[0m checking '/home/ram/melfa_ros2/install/melfa_rv80fr_moveit_config/lib'
[11.284s] [34mcolcon.colcon_core.environment[0m [1;30mLevel 1[0m checking '/home/ram/melfa_ros2/install/melfa_rv80fr_moveit_config/bin'
[11.284s] [34mcolcon.colcon_core.environment[0m [1;30mLevel 1[0m checking '/home/ram/melfa_ros2/install/melfa_rv80fr_moveit_config/lib/pkgconfig/melfa_rv80fr_moveit_config.pc'
[11.284s] [34mcolcon.colcon_core.environment[0m [1;30mLevel 1[0m checking '/home/ram/melfa_ros2/install/melfa_rv80fr_moveit_config/lib/python3.10/site-packages'
[11.284s] [34mcolcon.colcon_core.environment[0m [1;30mLevel 1[0m checking '/home/ram/melfa_ros2/install/melfa_rv80fr_moveit_config/bin'
[11.285s] [34mcolcon.colcon_core.shell[0m [1;30mINFO[0m Creating package script '/home/ram/melfa_ros2/install/melfa_rv80fr_moveit_config/share/melfa_rv80fr_moveit_config/package.ps1'
[11.285s] [34mcolcon.colcon_core.shell[0m [1;30mINFO[0m Creating package descriptor '/home/ram/melfa_ros2/install/melfa_rv80fr_moveit_config/share/melfa_rv80fr_moveit_config/package.dsv'
[11.285s] [34mcolcon.colcon_core.shell[0m [1;30mINFO[0m Creating package script '/home/ram/melfa_ros2/install/melfa_rv80fr_moveit_config/share/melfa_rv80fr_moveit_config/package.sh'
[11.286s] [34mcolcon.colcon_core.shell[0m [1;30mINFO[0m Creating package script '/home/ram/melfa_ros2/install/melfa_rv80fr_moveit_config/share/melfa_rv80fr_moveit_config/package.bash'
[11.286s] [34mcolcon.colcon_core.shell[0m [1;30mINFO[0m Creating package script '/home/ram/melfa_ros2/install/melfa_rv80fr_moveit_config/share/melfa_rv80fr_moveit_config/package.zsh'
[11.286s] [34mcolcon.colcon_core.environment[0m [1;30mLevel 1[0m create_file_with_runtime_dependencies(/home/ram/melfa_ros2/install/melfa_rv80fr_moveit_config/share/colcon-core/packages/melfa_rv80fr_moveit_config)
[11.286s] [34mcolcon.colcon_core.environment[0m [1;30mLevel 1[0m create_environment_scripts_only(melfa_rv80fr_moveit_config)
[11.287s] [34mcolcon.colcon_core.environment[0m [1;30mLevel 1[0m checking '/home/ram/melfa_ros2/install/melfa_rv80fr_moveit_config' for CMake module files
[11.287s] [34mcolcon.colcon_core.environment[0m [1;30mLevel 1[0m checking '/home/ram/melfa_ros2/install/melfa_rv80fr_moveit_config' for CMake config files
[11.287s] [34mcolcon.colcon_core.shell[0m [1;30mLevel 1[0m create_environment_hook('melfa_rv80fr_moveit_config', 'cmake_prefix_path')
[11.287s] [34mcolcon.colcon_core.shell[0m [1;30mINFO[0m Creating environment hook '/home/ram/melfa_ros2/install/melfa_rv80fr_moveit_config/share/melfa_rv80fr_moveit_config/hook/cmake_prefix_path.ps1'
[11.287s] [34mcolcon.colcon_core.shell[0m [1;30mINFO[0m Creating environment descriptor '/home/ram/melfa_ros2/install/melfa_rv80fr_moveit_config/share/melfa_rv80fr_moveit_config/hook/cmake_prefix_path.dsv'
[11.288s] [34mcolcon.colcon_core.shell[0m [1;30mINFO[0m Creating environment hook '/home/ram/melfa_ros2/install/melfa_rv80fr_moveit_config/share/melfa_rv80fr_moveit_config/hook/cmake_prefix_path.sh'
[11.288s] [34mcolcon.colcon_core.environment[0m [1;30mLevel 1[0m checking '/home/ram/melfa_ros2/install/melfa_rv80fr_moveit_config/lib'
[11.288s] [34mcolcon.colcon_core.environment[0m [1;30mLevel 1[0m checking '/home/ram/melfa_ros2/install/melfa_rv80fr_moveit_config/bin'
[11.288s] [34mcolcon.colcon_core.environment[0m [1;30mLevel 1[0m checking '/home/ram/melfa_ros2/install/melfa_rv80fr_moveit_config/lib/pkgconfig/melfa_rv80fr_moveit_config.pc'
[11.288s] [34mcolcon.colcon_core.environment[0m [1;30mLevel 1[0m checking '/home/ram/melfa_ros2/install/melfa_rv80fr_moveit_config/lib/python3.10/site-packages'
[11.288s] [34mcolcon.colcon_core.environment[0m [1;30mLevel 1[0m checking '/home/ram/melfa_ros2/install/melfa_rv80fr_moveit_config/bin'
[11.289s] [34mcolcon.colcon_core.shell[0m [1;30mINFO[0m Creating package script '/home/ram/melfa_ros2/install/melfa_rv80fr_moveit_config/share/melfa_rv80fr_moveit_config/package.ps1'
[11.289s] [34mcolcon.colcon_core.shell[0m [1;30mINFO[0m Creating package descriptor '/home/ram/melfa_ros2/install/melfa_rv80fr_moveit_config/share/melfa_rv80fr_moveit_config/package.dsv'
[11.289s] [34mcolcon.colcon_core.shell[0m [1;30mINFO[0m Creating package script '/home/ram/melfa_ros2/install/melfa_rv80fr_moveit_config/share/melfa_rv80fr_moveit_config/package.sh'
[11.290s] [34mcolcon.colcon_core.shell[0m [1;30mINFO[0m Creating package script '/home/ram/melfa_ros2/install/melfa_rv80fr_moveit_config/share/melfa_rv80fr_moveit_config/package.bash'
[11.290s] [34mcolcon.colcon_core.shell[0m [1;30mINFO[0m Creating package script '/home/ram/melfa_ros2/install/melfa_rv80fr_moveit_config/share/melfa_rv80fr_moveit_config/package.zsh'
[11.290s] [34mcolcon.colcon_core.environment[0m [1;30mLevel 1[0m create_file_with_runtime_dependencies(/home/ram/melfa_ros2/install/melfa_rv80fr_moveit_config/share/colcon-core/packages/melfa_rv80fr_moveit_config)
[11.291s] [34mcolcon.colcon_core.event_handler.log_command[0m [1;30mDEBUG[0m [32mInvoked command in '/home/ram/melfa_ros2/build/melfa_rv7frl_moveit_config' returned '0': AMENT_PREFIX_PATH=/home/ram/melfa_ros2/install/melfa_description:/home/ram/melfa_ros2/install/xacro:${AMENT_PREFIX_PATH} CMAKE_PREFIX_PATH=/home/ram/melfa_ros2/install/melfa_description:/home/ram/melfa_ros2/install/xacro:/home/ram/cognipilot/cranium/install/synapse_ros:/home/ram/cognipilot/cranium/install/synapse_gz:/home/ram/cognipilot/cranium/install/synapse_tinyframe:/home/ram/cognipilot/cranium/install/synapse_protobuf:/home/ram/cognipilot/cranium/install/corti:/home/ram/cognipilot/cranium/install/synapse_msgs:/home/ram/cognipilot/cranium/install/dream_world:/home/ram/cognipilot/cranium/install/cerebri_bringup:/home/ram/cognipilot/cranium/install/b3rb_simulator:/home/ram/cognipilot/cranium/install/b3rb_desktop:/home/ram/cognipilot/cranium/install/b3rb_rviz:/home/ram/cognipilot/cranium/install/b3rb_nav2:/home/ram/cognipilot/cranium/install/b3rb_gz_resource:/home/ram/cognipilot/cranium/install/b3rb_gz_bringup:/home/ram/cognipilot/cranium/install/b3rb_description:/home/ram/cognipilot/electrode/install/electrode:/home/ram/cognipilot/cranium/install/b3rb_ros_line_follower:/opt/ros/humble PATH=/home/ram/melfa_ros2/install/xacro/bin:${PATH} PYTHONPATH=/home/ram/melfa_ros2/install/xacro/local/lib/python3.10/dist-packages:${PYTHONPATH} /usr/bin/cmake --build /home/ram/melfa_ros2/build/melfa_rv7frl_moveit_config -- -j16 -l16[0m
[11.292s] [34mcolcon.colcon_core.event_handler.log_command[0m [1;30mDEBUG[0m [32mInvoking command in '/home/ram/melfa_ros2/build/melfa_rv7frl_moveit_config': AMENT_PREFIX_PATH=/home/ram/melfa_ros2/install/melfa_description:/home/ram/melfa_ros2/install/xacro:${AMENT_PREFIX_PATH} CMAKE_PREFIX_PATH=/home/ram/melfa_ros2/install/melfa_description:/home/ram/melfa_ros2/install/xacro:/home/ram/cognipilot/cranium/install/synapse_ros:/home/ram/cognipilot/cranium/install/synapse_gz:/home/ram/cognipilot/cranium/install/synapse_tinyframe:/home/ram/cognipilot/cranium/install/synapse_protobuf:/home/ram/cognipilot/cranium/install/corti:/home/ram/cognipilot/cranium/install/synapse_msgs:/home/ram/cognipilot/cranium/install/dream_world:/home/ram/cognipilot/cranium/install/cerebri_bringup:/home/ram/cognipilot/cranium/install/b3rb_simulator:/home/ram/cognipilot/cranium/install/b3rb_desktop:/home/ram/cognipilot/cranium/install/b3rb_rviz:/home/ram/cognipilot/cranium/install/b3rb_nav2:/home/ram/cognipilot/cranium/install/b3rb_gz_resource:/home/ram/cognipilot/cranium/install/b3rb_gz_bringup:/home/ram/cognipilot/cranium/install/b3rb_description:/home/ram/cognipilot/electrode/install/electrode:/home/ram/cognipilot/cranium/install/b3rb_ros_line_follower:/opt/ros/humble PATH=/home/ram/melfa_ros2/install/xacro/bin:${PATH} PYTHONPATH=/home/ram/melfa_ros2/install/xacro/local/lib/python3.10/dist-packages:${PYTHONPATH} /usr/bin/cmake --install /home/ram/melfa_ros2/build/melfa_rv7frl_moveit_config[0m
[11.297s] [34mcolcon.colcon_core.event_handler.log_command[0m [1;30mDEBUG[0m [32mInvoked command in '/home/ram/melfa_ros2/build/melfa_rv4fr_moveit_config' returned '0': AMENT_PREFIX_PATH=/home/ram/melfa_ros2/install/melfa_description:/home/ram/melfa_ros2/install/xacro:${AMENT_PREFIX_PATH} CMAKE_PREFIX_PATH=/home/ram/melfa_ros2/install/melfa_description:/home/ram/melfa_ros2/install/xacro:/home/ram/cognipilot/cranium/install/synapse_ros:/home/ram/cognipilot/cranium/install/synapse_gz:/home/ram/cognipilot/cranium/install/synapse_tinyframe:/home/ram/cognipilot/cranium/install/synapse_protobuf:/home/ram/cognipilot/cranium/install/corti:/home/ram/cognipilot/cranium/install/synapse_msgs:/home/ram/cognipilot/cranium/install/dream_world:/home/ram/cognipilot/cranium/install/cerebri_bringup:/home/ram/cognipilot/cranium/install/b3rb_simulator:/home/ram/cognipilot/cranium/install/b3rb_desktop:/home/ram/cognipilot/cranium/install/b3rb_rviz:/home/ram/cognipilot/cranium/install/b3rb_nav2:/home/ram/cognipilot/cranium/install/b3rb_gz_resource:/home/ram/cognipilot/cranium/install/b3rb_gz_bringup:/home/ram/cognipilot/cranium/install/b3rb_description:/home/ram/cognipilot/electrode/install/electrode:/home/ram/cognipilot/cranium/install/b3rb_ros_line_follower:/opt/ros/humble PATH=/home/ram/melfa_ros2/install/xacro/bin:${PATH} PYTHONPATH=/home/ram/melfa_ros2/install/xacro/local/lib/python3.10/dist-packages:${PYTHONPATH} /usr/bin/cmake --build /home/ram/melfa_ros2/build/melfa_rv4fr_moveit_config -- -j16 -l16[0m
[11.300s] [34mcolcon.colcon_core.event_handler.log_command[0m [1;30mDEBUG[0m [32mInvoking command in '/home/ram/melfa_ros2/build/melfa_rv4fr_moveit_config': AMENT_PREFIX_PATH=/home/ram/melfa_ros2/install/melfa_description:/home/ram/melfa_ros2/install/xacro:${AMENT_PREFIX_PATH} CMAKE_PREFIX_PATH=/home/ram/melfa_ros2/install/melfa_description:/home/ram/melfa_ros2/install/xacro:/home/ram/cognipilot/cranium/install/synapse_ros:/home/ram/cognipilot/cranium/install/synapse_gz:/home/ram/cognipilot/cranium/install/synapse_tinyframe:/home/ram/cognipilot/cranium/install/synapse_protobuf:/home/ram/cognipilot/cranium/install/corti:/home/ram/cognipilot/cranium/install/synapse_msgs:/home/ram/cognipilot/cranium/install/dream_world:/home/ram/cognipilot/cranium/install/cerebri_bringup:/home/ram/cognipilot/cranium/install/b3rb_simulator:/home/ram/cognipilot/cranium/install/b3rb_desktop:/home/ram/cognipilot/cranium/install/b3rb_rviz:/home/ram/cognipilot/cranium/install/b3rb_nav2:/home/ram/cognipilot/cranium/install/b3rb_gz_resource:/home/ram/cognipilot/cranium/install/b3rb_gz_bringup:/home/ram/cognipilot/cranium/install/b3rb_description:/home/ram/cognipilot/electrode/install/electrode:/home/ram/cognipilot/cranium/install/b3rb_ros_line_follower:/opt/ros/humble PATH=/home/ram/melfa_ros2/install/xacro/bin:${PATH} PYTHONPATH=/home/ram/melfa_ros2/install/xacro/local/lib/python3.10/dist-packages:${PYTHONPATH} /usr/bin/cmake --install /home/ram/melfa_ros2/build/melfa_rv4fr_moveit_config[0m
[11.302s] [34mcolcon.colcon_core.environment[0m [1;30mLevel 1[0m create_environment_scripts_only(melfa_rv7frl_moveit_config)
[11.302s] [34mcolcon.colcon_core.environment[0m [1;30mLevel 1[0m checking '/home/ram/melfa_ros2/install/melfa_rv7frl_moveit_config' for CMake module files
[11.303s] [34mcolcon.colcon_core.event_handler.log_command[0m [1;30mDEBUG[0m [32mInvoked command in '/home/ram/melfa_ros2/build/melfa_rv7frl_moveit_config' returned '0': AMENT_PREFIX_PATH=/home/ram/melfa_ros2/install/melfa_description:/home/ram/melfa_ros2/install/xacro:${AMENT_PREFIX_PATH} CMAKE_PREFIX_PATH=/home/ram/melfa_ros2/install/melfa_description:/home/ram/melfa_ros2/install/xacro:/home/ram/cognipilot/cranium/install/synapse_ros:/home/ram/cognipilot/cranium/install/synapse_gz:/home/ram/cognipilot/cranium/install/synapse_tinyframe:/home/ram/cognipilot/cranium/install/synapse_protobuf:/home/ram/cognipilot/cranium/install/corti:/home/ram/cognipilot/cranium/install/synapse_msgs:/home/ram/cognipilot/cranium/install/dream_world:/home/ram/cognipilot/cranium/install/cerebri_bringup:/home/ram/cognipilot/cranium/install/b3rb_simulator:/home/ram/cognipilot/cranium/install/b3rb_desktop:/home/ram/cognipilot/cranium/install/b3rb_rviz:/home/ram/cognipilot/cranium/install/b3rb_nav2:/home/ram/cognipilot/cranium/install/b3rb_gz_resource:/home/ram/cognipilot/cranium/install/b3rb_gz_bringup:/home/ram/cognipilot/cranium/install/b3rb_description:/home/ram/cognipilot/electrode/install/electrode:/home/ram/cognipilot/cranium/install/b3rb_ros_line_follower:/opt/ros/humble PATH=/home/ram/melfa_ros2/install/xacro/bin:${PATH} PYTHONPATH=/home/ram/melfa_ros2/install/xacro/local/lib/python3.10/dist-packages:${PYTHONPATH} /usr/bin/cmake --install /home/ram/melfa_ros2/build/melfa_rv7frl_moveit_config[0m
[11.303s] [34mcolcon.colcon_core.environment[0m [1;30mLevel 1[0m checking '/home/ram/melfa_ros2/install/melfa_rv7frl_moveit_config' for CMake config files
[11.303s] [34mcolcon.colcon_core.shell[0m [1;30mLevel 1[0m create_environment_hook('melfa_rv7frl_moveit_config', 'cmake_prefix_path')
[11.303s] [34mcolcon.colcon_core.shell[0m [1;30mINFO[0m Creating environment hook '/home/ram/melfa_ros2/install/melfa_rv7frl_moveit_config/share/melfa_rv7frl_moveit_config/hook/cmake_prefix_path.ps1'
[11.303s] [34mcolcon.colcon_core.shell[0m [1;30mINFO[0m Creating environment descriptor '/home/ram/melfa_ros2/install/melfa_rv7frl_moveit_config/share/melfa_rv7frl_moveit_config/hook/cmake_prefix_path.dsv'
[11.303s] [34mcolcon.colcon_core.shell[0m [1;30mINFO[0m Creating environment hook '/home/ram/melfa_ros2/install/melfa_rv7frl_moveit_config/share/melfa_rv7frl_moveit_config/hook/cmake_prefix_path.sh'
[11.304s] [34mcolcon.colcon_core.environment[0m [1;30mLevel 1[0m checking '/home/ram/melfa_ros2/install/melfa_rv7frl_moveit_config/lib'
[11.304s] [34mcolcon.colcon_core.environment[0m [1;30mLevel 1[0m checking '/home/ram/melfa_ros2/install/melfa_rv7frl_moveit_config/bin'
[11.304s] [34mcolcon.colcon_core.environment[0m [1;30mLevel 1[0m checking '/home/ram/melfa_ros2/install/melfa_rv7frl_moveit_config/lib/pkgconfig/melfa_rv7frl_moveit_config.pc'
[11.304s] [34mcolcon.colcon_core.environment[0m [1;30mLevel 1[0m checking '/home/ram/melfa_ros2/install/melfa_rv7frl_moveit_config/lib/python3.10/site-packages'
[11.304s] [34mcolcon.colcon_core.environment[0m [1;30mLevel 1[0m checking '/home/ram/melfa_ros2/install/melfa_rv7frl_moveit_config/bin'
[11.304s] [34mcolcon.colcon_core.shell[0m [1;30mINFO[0m Creating package script '/home/ram/melfa_ros2/install/melfa_rv7frl_moveit_config/share/melfa_rv7frl_moveit_config/package.ps1'
[11.305s] [34mcolcon.colcon_core.shell[0m [1;30mINFO[0m Creating package descriptor '/home/ram/melfa_ros2/install/melfa_rv7frl_moveit_config/share/melfa_rv7frl_moveit_config/package.dsv'
[11.305s] [34mcolcon.colcon_core.shell[0m [1;30mINFO[0m Creating package script '/home/ram/melfa_ros2/install/melfa_rv7frl_moveit_config/share/melfa_rv7frl_moveit_config/package.sh'
[11.305s] [34mcolcon.colcon_core.shell[0m [1;30mINFO[0m Creating package script '/home/ram/melfa_ros2/install/melfa_rv7frl_moveit_config/share/melfa_rv7frl_moveit_config/package.bash'
[11.305s] [34mcolcon.colcon_core.shell[0m [1;30mINFO[0m Creating package script '/home/ram/melfa_ros2/install/melfa_rv7frl_moveit_config/share/melfa_rv7frl_moveit_config/package.zsh'
[11.306s] [34mcolcon.colcon_core.environment[0m [1;30mLevel 1[0m create_file_with_runtime_dependencies(/home/ram/melfa_ros2/install/melfa_rv7frl_moveit_config/share/colcon-core/packages/melfa_rv7frl_moveit_config)
[11.306s] [34mcolcon.colcon_core.environment[0m [1;30mLevel 1[0m create_environment_scripts_only(melfa_rv7frl_moveit_config)
[11.306s] [34mcolcon.colcon_core.environment[0m [1;30mLevel 1[0m checking '/home/ram/melfa_ros2/install/melfa_rv7frl_moveit_config' for CMake module files
[11.306s] [34mcolcon.colcon_core.environment[0m [1;30mLevel 1[0m checking '/home/ram/melfa_ros2/install/melfa_rv7frl_moveit_config' for CMake config files
[11.306s] [34mcolcon.colcon_core.shell[0m [1;30mLevel 1[0m create_environment_hook('melfa_rv7frl_moveit_config', 'cmake_prefix_path')
[11.307s] [34mcolcon.colcon_core.shell[0m [1;30mINFO[0m Creating environment hook '/home/ram/melfa_ros2/install/melfa_rv7frl_moveit_config/share/melfa_rv7frl_moveit_config/hook/cmake_prefix_path.ps1'
[11.307s] [34mcolcon.colcon_core.shell[0m [1;30mINFO[0m Creating environment descriptor '/home/ram/melfa_ros2/install/melfa_rv7frl_moveit_config/share/melfa_rv7frl_moveit_config/hook/cmake_prefix_path.dsv'
[11.307s] [34mcolcon.colcon_core.shell[0m [1;30mINFO[0m Creating environment hook '/home/ram/melfa_ros2/install/melfa_rv7frl_moveit_config/share/melfa_rv7frl_moveit_config/hook/cmake_prefix_path.sh'
[11.307s] [34mcolcon.colcon_core.environment[0m [1;30mLevel 1[0m checking '/home/ram/melfa_ros2/install/melfa_rv7frl_moveit_config/lib'
[11.307s] [34mcolcon.colcon_core.environment[0m [1;30mLevel 1[0m checking '/home/ram/melfa_ros2/install/melfa_rv7frl_moveit_config/bin'
[11.307s] [34mcolcon.colcon_core.environment[0m [1;30mLevel 1[0m checking '/home/ram/melfa_ros2/install/melfa_rv7frl_moveit_config/lib/pkgconfig/melfa_rv7frl_moveit_config.pc'
[11.308s] [34mcolcon.colcon_core.environment[0m [1;30mLevel 1[0m checking '/home/ram/melfa_ros2/install/melfa_rv7frl_moveit_config/lib/python3.10/site-packages'
[11.308s] [34mcolcon.colcon_core.environment[0m [1;30mLevel 1[0m checking '/home/ram/melfa_ros2/install/melfa_rv7frl_moveit_config/bin'
[11.308s] [34mcolcon.colcon_core.shell[0m [1;30mINFO[0m Creating package script '/home/ram/melfa_ros2/install/melfa_rv7frl_moveit_config/share/melfa_rv7frl_moveit_config/package.ps1'
[11.309s] [34mcolcon.colcon_core.shell[0m [1;30mINFO[0m Creating package descriptor '/home/ram/melfa_ros2/install/melfa_rv7frl_moveit_config/share/melfa_rv7frl_moveit_config/package.dsv'
[11.309s] [34mcolcon.colcon_core.shell[0m [1;30mINFO[0m Creating package script '/home/ram/melfa_ros2/install/melfa_rv7frl_moveit_config/share/melfa_rv7frl_moveit_config/package.sh'
[11.310s] [34mcolcon.colcon_core.shell[0m [1;30mINFO[0m Creating package script '/home/ram/melfa_ros2/install/melfa_rv7frl_moveit_config/share/melfa_rv7frl_moveit_config/package.bash'
[11.310s] [34mcolcon.colcon_core.shell[0m [1;30mINFO[0m Creating package script '/home/ram/melfa_ros2/install/melfa_rv7frl_moveit_config/share/melfa_rv7frl_moveit_config/package.zsh'
[11.311s] [34mcolcon.colcon_core.environment[0m [1;30mLevel 1[0m create_file_with_runtime_dependencies(/home/ram/melfa_ros2/install/melfa_rv7frl_moveit_config/share/colcon-core/packages/melfa_rv7frl_moveit_config)
[11.313s] [34mcolcon.colcon_core.environment[0m [1;30mLevel 1[0m create_environment_scripts_only(melfa_rv4fr_moveit_config)
[11.314s] [34mcolcon.colcon_core.environment[0m [1;30mLevel 1[0m checking '/home/ram/melfa_ros2/install/melfa_rv4fr_moveit_config' for CMake module files
[11.314s] [34mcolcon.colcon_core.event_handler.log_command[0m [1;30mDEBUG[0m [32mInvoked command in '/home/ram/melfa_ros2/build/melfa_rv4fr_moveit_config' returned '0': AMENT_PREFIX_PATH=/home/ram/melfa_ros2/install/melfa_description:/home/ram/melfa_ros2/install/xacro:${AMENT_PREFIX_PATH} CMAKE_PREFIX_PATH=/home/ram/melfa_ros2/install/melfa_description:/home/ram/melfa_ros2/install/xacro:/home/ram/cognipilot/cranium/install/synapse_ros:/home/ram/cognipilot/cranium/install/synapse_gz:/home/ram/cognipilot/cranium/install/synapse_tinyframe:/home/ram/cognipilot/cranium/install/synapse_protobuf:/home/ram/cognipilot/cranium/install/corti:/home/ram/cognipilot/cranium/install/synapse_msgs:/home/ram/cognipilot/cranium/install/dream_world:/home/ram/cognipilot/cranium/install/cerebri_bringup:/home/ram/cognipilot/cranium/install/b3rb_simulator:/home/ram/cognipilot/cranium/install/b3rb_desktop:/home/ram/cognipilot/cranium/install/b3rb_rviz:/home/ram/cognipilot/cranium/install/b3rb_nav2:/home/ram/cognipilot/cranium/install/b3rb_gz_resource:/home/ram/cognipilot/cranium/install/b3rb_gz_bringup:/home/ram/cognipilot/cranium/install/b3rb_description:/home/ram/cognipilot/electrode/install/electrode:/home/ram/cognipilot/cranium/install/b3rb_ros_line_follower:/opt/ros/humble PATH=/home/ram/melfa_ros2/install/xacro/bin:${PATH} PYTHONPATH=/home/ram/melfa_ros2/install/xacro/local/lib/python3.10/dist-packages:${PYTHONPATH} /usr/bin/cmake --install /home/ram/melfa_ros2/build/melfa_rv4fr_moveit_config[0m
[11.315s] [34mcolcon.colcon_core.environment[0m [1;30mLevel 1[0m checking '/home/ram/melfa_ros2/install/melfa_rv4fr_moveit_config' for CMake config files
[11.315s] [34mcolcon.colcon_core.shell[0m [1;30mLevel 1[0m create_environment_hook('melfa_rv4fr_moveit_config', 'cmake_prefix_path')
[11.315s] [34mcolcon.colcon_core.shell[0m [1;30mINFO[0m Creating environment hook '/home/ram/melfa_ros2/install/melfa_rv4fr_moveit_config/share/melfa_rv4fr_moveit_config/hook/cmake_prefix_path.ps1'
[11.316s] [34mcolcon.colcon_core.shell[0m [1;30mINFO[0m Creating environment descriptor '/home/ram/melfa_ros2/install/melfa_rv4fr_moveit_config/share/melfa_rv4fr_moveit_config/hook/cmake_prefix_path.dsv'
[11.316s] [34mcolcon.colcon_core.shell[0m [1;30mINFO[0m Creating environment hook '/home/ram/melfa_ros2/install/melfa_rv4fr_moveit_config/share/melfa_rv4fr_moveit_config/hook/cmake_prefix_path.sh'
[11.317s] [34mcolcon.colcon_core.environment[0m [1;30mLevel 1[0m checking '/home/ram/melfa_ros2/install/melfa_rv4fr_moveit_config/lib'
[11.317s] [34mcolcon.colcon_core.environment[0m [1;30mLevel 1[0m checking '/home/ram/melfa_ros2/install/melfa_rv4fr_moveit_config/bin'
[11.317s] [34mcolcon.colcon_core.environment[0m [1;30mLevel 1[0m checking '/home/ram/melfa_ros2/install/melfa_rv4fr_moveit_config/lib/pkgconfig/melfa_rv4fr_moveit_config.pc'
[11.317s] [34mcolcon.colcon_core.environment[0m [1;30mLevel 1[0m checking '/home/ram/melfa_ros2/install/melfa_rv4fr_moveit_config/lib/python3.10/site-packages'
[11.318s] [34mcolcon.colcon_core.environment[0m [1;30mLevel 1[0m checking '/home/ram/melfa_ros2/install/melfa_rv4fr_moveit_config/bin'
[11.318s] [34mcolcon.colcon_core.shell[0m [1;30mINFO[0m Creating package script '/home/ram/melfa_ros2/install/melfa_rv4fr_moveit_config/share/melfa_rv4fr_moveit_config/package.ps1'
[11.319s] [34mcolcon.colcon_core.shell[0m [1;30mINFO[0m Creating package descriptor '/home/ram/melfa_ros2/install/melfa_rv4fr_moveit_config/share/melfa_rv4fr_moveit_config/package.dsv'
[11.319s] [34mcolcon.colcon_core.shell[0m [1;30mINFO[0m Creating package script '/home/ram/melfa_ros2/install/melfa_rv4fr_moveit_config/share/melfa_rv4fr_moveit_config/package.sh'
[11.320s] [34mcolcon.colcon_core.shell[0m [1;30mINFO[0m Creating package script '/home/ram/melfa_ros2/install/melfa_rv4fr_moveit_config/share/melfa_rv4fr_moveit_config/package.bash'
[11.320s] [34mcolcon.colcon_core.shell[0m [1;30mINFO[0m Creating package script '/home/ram/melfa_ros2/install/melfa_rv4fr_moveit_config/share/melfa_rv4fr_moveit_config/package.zsh'
[11.320s] [34mcolcon.colcon_core.environment[0m [1;30mLevel 1[0m create_file_with_runtime_dependencies(/home/ram/melfa_ros2/install/melfa_rv4fr_moveit_config/share/colcon-core/packages/melfa_rv4fr_moveit_config)
[11.321s] [34mcolcon.colcon_core.environment[0m [1;30mLevel 1[0m create_environment_scripts_only(melfa_rv4fr_moveit_config)
[11.321s] [34mcolcon.colcon_core.environment[0m [1;30mLevel 1[0m checking '/home/ram/melfa_ros2/install/melfa_rv4fr_moveit_config' for CMake module files
[11.322s] [34mcolcon.colcon_core.environment[0m [1;30mLevel 1[0m checking '/home/ram/melfa_ros2/install/melfa_rv4fr_moveit_config' for CMake config files
[11.322s] [34mcolcon.colcon_core.shell[0m [1;30mLevel 1[0m create_environment_hook('melfa_rv4fr_moveit_config', 'cmake_prefix_path')
[11.323s] [34mcolcon.colcon_core.shell[0m [1;30mINFO[0m Creating environment hook '/home/ram/melfa_ros2/install/melfa_rv4fr_moveit_config/share/melfa_rv4fr_moveit_config/hook/cmake_prefix_path.ps1'
[11.323s] [34mcolcon.colcon_core.shell[0m [1;30mINFO[0m Creating environment descriptor '/home/ram/melfa_ros2/install/melfa_rv4fr_moveit_config/share/melfa_rv4fr_moveit_config/hook/cmake_prefix_path.dsv'
[11.324s] [34mcolcon.colcon_core.shell[0m [1;30mINFO[0m Creating environment hook '/home/ram/melfa_ros2/install/melfa_rv4fr_moveit_config/share/melfa_rv4fr_moveit_config/hook/cmake_prefix_path.sh'
[11.324s] [34mcolcon.colcon_core.environment[0m [1;30mLevel 1[0m checking '/home/ram/melfa_ros2/install/melfa_rv4fr_moveit_config/lib'
[11.324s] [34mcolcon.colcon_core.environment[0m [1;30mLevel 1[0m checking '/home/ram/melfa_ros2/install/melfa_rv4fr_moveit_config/bin'
[11.324s] [34mcolcon.colcon_core.environment[0m [1;30mLevel 1[0m checking '/home/ram/melfa_ros2/install/melfa_rv4fr_moveit_config/lib/pkgconfig/melfa_rv4fr_moveit_config.pc'
[11.325s] [34mcolcon.colcon_core.environment[0m [1;30mLevel 1[0m checking '/home/ram/melfa_ros2/install/melfa_rv4fr_moveit_config/lib/python3.10/site-packages'
[11.325s] [34mcolcon.colcon_core.environment[0m [1;30mLevel 1[0m checking '/home/ram/melfa_ros2/install/melfa_rv4fr_moveit_config/bin'
[11.326s] [34mcolcon.colcon_core.shell[0m [1;30mINFO[0m Creating package script '/home/ram/melfa_ros2/install/melfa_rv4fr_moveit_config/share/melfa_rv4fr_moveit_config/package.ps1'
[11.326s] [34mcolcon.colcon_core.shell[0m [1;30mINFO[0m Creating package descriptor '/home/ram/melfa_ros2/install/melfa_rv4fr_moveit_config/share/melfa_rv4fr_moveit_config/package.dsv'
[11.327s] [34mcolcon.colcon_core.shell[0m [1;30mINFO[0m Creating package script '/home/ram/melfa_ros2/install/melfa_rv4fr_moveit_config/share/melfa_rv4fr_moveit_config/package.sh'
[11.327s] [34mcolcon.colcon_core.shell[0m [1;30mINFO[0m Creating package script '/home/ram/melfa_ros2/install/melfa_rv4fr_moveit_config/share/melfa_rv4fr_moveit_config/package.bash'
[11.327s] [34mcolcon.colcon_core.shell[0m [1;30mINFO[0m Creating package script '/home/ram/melfa_ros2/install/melfa_rv4fr_moveit_config/share/melfa_rv4fr_moveit_config/package.zsh'
[11.328s] [34mcolcon.colcon_core.environment[0m [1;30mLevel 1[0m create_file_with_runtime_dependencies(/home/ram/melfa_ros2/install/melfa_rv4fr_moveit_config/share/colcon-core/packages/melfa_rv4fr_moveit_config)
[11.356s] [34mcolcon.colcon_core.event_handler.log_command[0m [1;30mDEBUG[0m [32mInvoked command in '/home/ram/melfa_ros2/build/melfa_rv4frl_moveit_config' returned '0': AMENT_PREFIX_PATH=/home/ram/melfa_ros2/install/melfa_description:/home/ram/melfa_ros2/install/xacro:${AMENT_PREFIX_PATH} CMAKE_PREFIX_PATH=/home/ram/melfa_ros2/install/melfa_description:/home/ram/melfa_ros2/install/xacro:/home/ram/cognipilot/cranium/install/synapse_ros:/home/ram/cognipilot/cranium/install/synapse_gz:/home/ram/cognipilot/cranium/install/synapse_tinyframe:/home/ram/cognipilot/cranium/install/synapse_protobuf:/home/ram/cognipilot/cranium/install/corti:/home/ram/cognipilot/cranium/install/synapse_msgs:/home/ram/cognipilot/cranium/install/dream_world:/home/ram/cognipilot/cranium/install/cerebri_bringup:/home/ram/cognipilot/cranium/install/b3rb_simulator:/home/ram/cognipilot/cranium/install/b3rb_desktop:/home/ram/cognipilot/cranium/install/b3rb_rviz:/home/ram/cognipilot/cranium/install/b3rb_nav2:/home/ram/cognipilot/cranium/install/b3rb_gz_resource:/home/ram/cognipilot/cranium/install/b3rb_gz_bringup:/home/ram/cognipilot/cranium/install/b3rb_description:/home/ram/cognipilot/electrode/install/electrode:/home/ram/cognipilot/cranium/install/b3rb_ros_line_follower:/opt/ros/humble PATH=/home/ram/melfa_ros2/install/xacro/bin:${PATH} PYTHONPATH=/home/ram/melfa_ros2/install/xacro/local/lib/python3.10/dist-packages:${PYTHONPATH} /usr/bin/cmake --build /home/ram/melfa_ros2/build/melfa_rv4frl_moveit_config -- -j16 -l16[0m
[11.356s] [34mcolcon.colcon_core.event_handler.log_command[0m [1;30mDEBUG[0m [32mInvoking command in '/home/ram/melfa_ros2/build/melfa_rv4frl_moveit_config': AMENT_PREFIX_PATH=/home/ram/melfa_ros2/install/melfa_description:/home/ram/melfa_ros2/install/xacro:${AMENT_PREFIX_PATH} CMAKE_PREFIX_PATH=/home/ram/melfa_ros2/install/melfa_description:/home/ram/melfa_ros2/install/xacro:/home/ram/cognipilot/cranium/install/synapse_ros:/home/ram/cognipilot/cranium/install/synapse_gz:/home/ram/cognipilot/cranium/install/synapse_tinyframe:/home/ram/cognipilot/cranium/install/synapse_protobuf:/home/ram/cognipilot/cranium/install/corti:/home/ram/cognipilot/cranium/install/synapse_msgs:/home/ram/cognipilot/cranium/install/dream_world:/home/ram/cognipilot/cranium/install/cerebri_bringup:/home/ram/cognipilot/cranium/install/b3rb_simulator:/home/ram/cognipilot/cranium/install/b3rb_desktop:/home/ram/cognipilot/cranium/install/b3rb_rviz:/home/ram/cognipilot/cranium/install/b3rb_nav2:/home/ram/cognipilot/cranium/install/b3rb_gz_resource:/home/ram/cognipilot/cranium/install/b3rb_gz_bringup:/home/ram/cognipilot/cranium/install/b3rb_description:/home/ram/cognipilot/electrode/install/electrode:/home/ram/cognipilot/cranium/install/b3rb_ros_line_follower:/opt/ros/humble PATH=/home/ram/melfa_ros2/install/xacro/bin:${PATH} PYTHONPATH=/home/ram/melfa_ros2/install/xacro/local/lib/python3.10/dist-packages:${PYTHONPATH} /usr/bin/cmake --install /home/ram/melfa_ros2/build/melfa_rv4frl_moveit_config[0m
[11.366s] [34mcolcon.colcon_core.environment[0m [1;30mLevel 1[0m create_environment_scripts_only(melfa_rv4frl_moveit_config)
[11.366s] [34mcolcon.colcon_core.environment[0m [1;30mLevel 1[0m checking '/home/ram/melfa_ros2/install/melfa_rv4frl_moveit_config' for CMake module files
[11.367s] [34mcolcon.colcon_core.event_handler.log_command[0m [1;30mDEBUG[0m [32mInvoked command in '/home/ram/melfa_ros2/build/melfa_rv4frl_moveit_config' returned '0': AMENT_PREFIX_PATH=/home/ram/melfa_ros2/install/melfa_description:/home/ram/melfa_ros2/install/xacro:${AMENT_PREFIX_PATH} CMAKE_PREFIX_PATH=/home/ram/melfa_ros2/install/melfa_description:/home/ram/melfa_ros2/install/xacro:/home/ram/cognipilot/cranium/install/synapse_ros:/home/ram/cognipilot/cranium/install/synapse_gz:/home/ram/cognipilot/cranium/install/synapse_tinyframe:/home/ram/cognipilot/cranium/install/synapse_protobuf:/home/ram/cognipilot/cranium/install/corti:/home/ram/cognipilot/cranium/install/synapse_msgs:/home/ram/cognipilot/cranium/install/dream_world:/home/ram/cognipilot/cranium/install/cerebri_bringup:/home/ram/cognipilot/cranium/install/b3rb_simulator:/home/ram/cognipilot/cranium/install/b3rb_desktop:/home/ram/cognipilot/cranium/install/b3rb_rviz:/home/ram/cognipilot/cranium/install/b3rb_nav2:/home/ram/cognipilot/cranium/install/b3rb_gz_resource:/home/ram/cognipilot/cranium/install/b3rb_gz_bringup:/home/ram/cognipilot/cranium/install/b3rb_description:/home/ram/cognipilot/electrode/install/electrode:/home/ram/cognipilot/cranium/install/b3rb_ros_line_follower:/opt/ros/humble PATH=/home/ram/melfa_ros2/install/xacro/bin:${PATH} PYTHONPATH=/home/ram/melfa_ros2/install/xacro/local/lib/python3.10/dist-packages:${PYTHONPATH} /usr/bin/cmake --install /home/ram/melfa_ros2/build/melfa_rv4frl_moveit_config[0m
[11.367s] [34mcolcon.colcon_core.environment[0m [1;30mLevel 1[0m checking '/home/ram/melfa_ros2/install/melfa_rv4frl_moveit_config' for CMake config files
[11.367s] [34mcolcon.colcon_core.shell[0m [1;30mLevel 1[0m create_environment_hook('melfa_rv4frl_moveit_config', 'cmake_prefix_path')
[11.367s] [34mcolcon.colcon_core.shell[0m [1;30mINFO[0m Creating environment hook '/home/ram/melfa_ros2/install/melfa_rv4frl_moveit_config/share/melfa_rv4frl_moveit_config/hook/cmake_prefix_path.ps1'
[11.368s] [34mcolcon.colcon_core.shell[0m [1;30mINFO[0m Creating environment descriptor '/home/ram/melfa_ros2/install/melfa_rv4frl_moveit_config/share/melfa_rv4frl_moveit_config/hook/cmake_prefix_path.dsv'
[11.368s] [34mcolcon.colcon_core.shell[0m [1;30mINFO[0m Creating environment hook '/home/ram/melfa_ros2/install/melfa_rv4frl_moveit_config/share/melfa_rv4frl_moveit_config/hook/cmake_prefix_path.sh'
[11.368s] [34mcolcon.colcon_core.environment[0m [1;30mLevel 1[0m checking '/home/ram/melfa_ros2/install/melfa_rv4frl_moveit_config/lib'
[11.368s] [34mcolcon.colcon_core.environment[0m [1;30mLevel 1[0m checking '/home/ram/melfa_ros2/install/melfa_rv4frl_moveit_config/bin'
[11.368s] [34mcolcon.colcon_core.environment[0m [1;30mLevel 1[0m checking '/home/ram/melfa_ros2/install/melfa_rv4frl_moveit_config/lib/pkgconfig/melfa_rv4frl_moveit_config.pc'
[11.368s] [34mcolcon.colcon_core.environment[0m [1;30mLevel 1[0m checking '/home/ram/melfa_ros2/install/melfa_rv4frl_moveit_config/lib/python3.10/site-packages'
[11.369s] [34mcolcon.colcon_core.environment[0m [1;30mLevel 1[0m checking '/home/ram/melfa_ros2/install/melfa_rv4frl_moveit_config/bin'
[11.369s] [34mcolcon.colcon_core.shell[0m [1;30mINFO[0m Creating package script '/home/ram/melfa_ros2/install/melfa_rv4frl_moveit_config/share/melfa_rv4frl_moveit_config/package.ps1'
[11.369s] [34mcolcon.colcon_core.shell[0m [1;30mINFO[0m Creating package descriptor '/home/ram/melfa_ros2/install/melfa_rv4frl_moveit_config/share/melfa_rv4frl_moveit_config/package.dsv'
[11.369s] [34mcolcon.colcon_core.shell[0m [1;30mINFO[0m Creating package script '/home/ram/melfa_ros2/install/melfa_rv4frl_moveit_config/share/melfa_rv4frl_moveit_config/package.sh'
[11.370s] [34mcolcon.colcon_core.shell[0m [1;30mINFO[0m Creating package script '/home/ram/melfa_ros2/install/melfa_rv4frl_moveit_config/share/melfa_rv4frl_moveit_config/package.bash'
[11.370s] [34mcolcon.colcon_core.shell[0m [1;30mINFO[0m Creating package script '/home/ram/melfa_ros2/install/melfa_rv4frl_moveit_config/share/melfa_rv4frl_moveit_config/package.zsh'
[11.370s] [34mcolcon.colcon_core.environment[0m [1;30mLevel 1[0m create_file_with_runtime_dependencies(/home/ram/melfa_ros2/install/melfa_rv4frl_moveit_config/share/colcon-core/packages/melfa_rv4frl_moveit_config)
[11.370s] [34mcolcon.colcon_core.environment[0m [1;30mLevel 1[0m create_environment_scripts_only(melfa_rv4frl_moveit_config)
[11.370s] [34mcolcon.colcon_core.environment[0m [1;30mLevel 1[0m checking '/home/ram/melfa_ros2/install/melfa_rv4frl_moveit_config' for CMake module files
[11.371s] [34mcolcon.colcon_core.environment[0m [1;30mLevel 1[0m checking '/home/ram/melfa_ros2/install/melfa_rv4frl_moveit_config' for CMake config files
[11.371s] [34mcolcon.colcon_core.shell[0m [1;30mLevel 1[0m create_environment_hook('melfa_rv4frl_moveit_config', 'cmake_prefix_path')
[11.371s] [34mcolcon.colcon_core.shell[0m [1;30mINFO[0m Creating environment hook '/home/ram/melfa_ros2/install/melfa_rv4frl_moveit_config/share/melfa_rv4frl_moveit_config/hook/cmake_prefix_path.ps1'
[11.371s] [34mcolcon.colcon_core.shell[0m [1;30mINFO[0m Creating environment descriptor '/home/ram/melfa_ros2/install/melfa_rv4frl_moveit_config/share/melfa_rv4frl_moveit_config/hook/cmake_prefix_path.dsv'
[11.371s] [34mcolcon.colcon_core.shell[0m [1;30mINFO[0m Creating environment hook '/home/ram/melfa_ros2/install/melfa_rv4frl_moveit_config/share/melfa_rv4frl_moveit_config/hook/cmake_prefix_path.sh'
[11.371s] [34mcolcon.colcon_core.environment[0m [1;30mLevel 1[0m checking '/home/ram/melfa_ros2/install/melfa_rv4frl_moveit_config/lib'
[11.372s] [34mcolcon.colcon_core.environment[0m [1;30mLevel 1[0m checking '/home/ram/melfa_ros2/install/melfa_rv4frl_moveit_config/bin'
[11.372s] [34mcolcon.colcon_core.environment[0m [1;30mLevel 1[0m checking '/home/ram/melfa_ros2/install/melfa_rv4frl_moveit_config/lib/pkgconfig/melfa_rv4frl_moveit_config.pc'
[11.372s] [34mcolcon.colcon_core.environment[0m [1;30mLevel 1[0m checking '/home/ram/melfa_ros2/install/melfa_rv4frl_moveit_config/lib/python3.10/site-packages'
[11.372s] [34mcolcon.colcon_core.environment[0m [1;30mLevel 1[0m checking '/home/ram/melfa_ros2/install/melfa_rv4frl_moveit_config/bin'
[11.372s] [34mcolcon.colcon_core.shell[0m [1;30mINFO[0m Creating package script '/home/ram/melfa_ros2/install/melfa_rv4frl_moveit_config/share/melfa_rv4frl_moveit_config/package.ps1'
[11.372s] [34mcolcon.colcon_core.shell[0m [1;30mINFO[0m Creating package descriptor '/home/ram/melfa_ros2/install/melfa_rv4frl_moveit_config/share/melfa_rv4frl_moveit_config/package.dsv'
[11.384s] [34mcolcon.colcon_core.shell[0m [1;30mINFO[0m Creating package script '/home/ram/melfa_ros2/install/melfa_rv4frl_moveit_config/share/melfa_rv4frl_moveit_config/package.sh'
[11.384s] [34mcolcon.colcon_core.shell[0m [1;30mINFO[0m Creating package script '/home/ram/melfa_ros2/install/melfa_rv4frl_moveit_config/share/melfa_rv4frl_moveit_config/package.bash'
[11.384s] [34mcolcon.colcon_core.shell[0m [1;30mINFO[0m Creating package script '/home/ram/melfa_ros2/install/melfa_rv4frl_moveit_config/share/melfa_rv4frl_moveit_config/package.zsh'
[11.384s] [34mcolcon.colcon_core.environment[0m [1;30mLevel 1[0m create_file_with_runtime_dependencies(/home/ram/melfa_ros2/install/melfa_rv4frl_moveit_config/share/colcon-core/packages/melfa_rv4frl_moveit_config)
[11.969s] [34mcolcon.colcon_core.event_handler.log_command[0m [1;30mDEBUG[0m [32mInvoked command in '/home/ram/melfa_ros2/build/melfa_io_controllers' returned '0': AMENT_PREFIX_PATH=/home/ram/melfa_ros2/install/melfa_msgs:${AMENT_PREFIX_PATH} CMAKE_PREFIX_PATH=/home/ram/melfa_ros2/install/melfa_msgs:/home/ram/cognipilot/cranium/install/synapse_ros:/home/ram/cognipilot/cranium/install/synapse_gz:/home/ram/cognipilot/cranium/install/synapse_tinyframe:/home/ram/cognipilot/cranium/install/synapse_protobuf:/home/ram/cognipilot/cranium/install/corti:/home/ram/cognipilot/cranium/install/synapse_msgs:/home/ram/cognipilot/cranium/install/dream_world:/home/ram/cognipilot/cranium/install/cerebri_bringup:/home/ram/cognipilot/cranium/install/b3rb_simulator:/home/ram/cognipilot/cranium/install/b3rb_desktop:/home/ram/cognipilot/cranium/install/b3rb_rviz:/home/ram/cognipilot/cranium/install/b3rb_nav2:/home/ram/cognipilot/cranium/install/b3rb_gz_resource:/home/ram/cognipilot/cranium/install/b3rb_gz_bringup:/home/ram/cognipilot/cranium/install/b3rb_description:/home/ram/cognipilot/electrode/install/electrode:/home/ram/cognipilot/cranium/install/b3rb_ros_line_follower:/opt/ros/humble LD_LIBRARY_PATH=/home/ram/melfa_ros2/install/melfa_msgs/lib:${LD_LIBRARY_PATH} PYTHONPATH=/home/ram/melfa_ros2/install/melfa_msgs/local/lib/python3.10/dist-packages:${PYTHONPATH} /usr/bin/cmake /home/ram/melfa_ros2/src/melfa_ros2_driver/melfa_io_controllers -DCMAKE_INSTALL_PREFIX=/home/ram/melfa_ros2/install/melfa_io_controllers[0m
[11.970s] [34mcolcon.colcon_core.event_handler.log_command[0m [1;30mDEBUG[0m [32mInvoking command in '/home/ram/melfa_ros2/build/melfa_io_controllers': AMENT_PREFIX_PATH=/home/ram/melfa_ros2/install/melfa_msgs:${AMENT_PREFIX_PATH} CMAKE_PREFIX_PATH=/home/ram/melfa_ros2/install/melfa_msgs:/home/ram/cognipilot/cranium/install/synapse_ros:/home/ram/cognipilot/cranium/install/synapse_gz:/home/ram/cognipilot/cranium/install/synapse_tinyframe:/home/ram/cognipilot/cranium/install/synapse_protobuf:/home/ram/cognipilot/cranium/install/corti:/home/ram/cognipilot/cranium/install/synapse_msgs:/home/ram/cognipilot/cranium/install/dream_world:/home/ram/cognipilot/cranium/install/cerebri_bringup:/home/ram/cognipilot/cranium/install/b3rb_simulator:/home/ram/cognipilot/cranium/install/b3rb_desktop:/home/ram/cognipilot/cranium/install/b3rb_rviz:/home/ram/cognipilot/cranium/install/b3rb_nav2:/home/ram/cognipilot/cranium/install/b3rb_gz_resource:/home/ram/cognipilot/cranium/install/b3rb_gz_bringup:/home/ram/cognipilot/cranium/install/b3rb_description:/home/ram/cognipilot/electrode/install/electrode:/home/ram/cognipilot/cranium/install/b3rb_ros_line_follower:/opt/ros/humble LD_LIBRARY_PATH=/home/ram/melfa_ros2/install/melfa_msgs/lib:${LD_LIBRARY_PATH} PYTHONPATH=/home/ram/melfa_ros2/install/melfa_msgs/local/lib/python3.10/dist-packages:${PYTHONPATH} /usr/bin/cmake --build /home/ram/melfa_ros2/build/melfa_io_controllers -- -j16 -l16[0m
[19.881s] [34mcolcon.colcon_core.event_handler.log_command[0m [1;30mDEBUG[0m [32mInvoked command in '/home/ram/melfa_ros2/build/melfa_io_controllers' returned '0': AMENT_PREFIX_PATH=/home/ram/melfa_ros2/install/melfa_msgs:${AMENT_PREFIX_PATH} CMAKE_PREFIX_PATH=/home/ram/melfa_ros2/install/melfa_msgs:/home/ram/cognipilot/cranium/install/synapse_ros:/home/ram/cognipilot/cranium/install/synapse_gz:/home/ram/cognipilot/cranium/install/synapse_tinyframe:/home/ram/cognipilot/cranium/install/synapse_protobuf:/home/ram/cognipilot/cranium/install/corti:/home/ram/cognipilot/cranium/install/synapse_msgs:/home/ram/cognipilot/cranium/install/dream_world:/home/ram/cognipilot/cranium/install/cerebri_bringup:/home/ram/cognipilot/cranium/install/b3rb_simulator:/home/ram/cognipilot/cranium/install/b3rb_desktop:/home/ram/cognipilot/cranium/install/b3rb_rviz:/home/ram/cognipilot/cranium/install/b3rb_nav2:/home/ram/cognipilot/cranium/install/b3rb_gz_resource:/home/ram/cognipilot/cranium/install/b3rb_gz_bringup:/home/ram/cognipilot/cranium/install/b3rb_description:/home/ram/cognipilot/electrode/install/electrode:/home/ram/cognipilot/cranium/install/b3rb_ros_line_follower:/opt/ros/humble LD_LIBRARY_PATH=/home/ram/melfa_ros2/install/melfa_msgs/lib:${LD_LIBRARY_PATH} PYTHONPATH=/home/ram/melfa_ros2/install/melfa_msgs/local/lib/python3.10/dist-packages:${PYTHONPATH} /usr/bin/cmake --build /home/ram/melfa_ros2/build/melfa_io_controllers -- -j16 -l16[0m
[19.883s] [34mcolcon.colcon_core.event_handler.log_command[0m [1;30mDEBUG[0m [32mInvoking command in '/home/ram/melfa_ros2/build/melfa_io_controllers': AMENT_PREFIX_PATH=/home/ram/melfa_ros2/install/melfa_msgs:${AMENT_PREFIX_PATH} CMAKE_PREFIX_PATH=/home/ram/melfa_ros2/install/melfa_msgs:/home/ram/cognipilot/cranium/install/synapse_ros:/home/ram/cognipilot/cranium/install/synapse_gz:/home/ram/cognipilot/cranium/install/synapse_tinyframe:/home/ram/cognipilot/cranium/install/synapse_protobuf:/home/ram/cognipilot/cranium/install/corti:/home/ram/cognipilot/cranium/install/synapse_msgs:/home/ram/cognipilot/cranium/install/dream_world:/home/ram/cognipilot/cranium/install/cerebri_bringup:/home/ram/cognipilot/cranium/install/b3rb_simulator:/home/ram/cognipilot/cranium/install/b3rb_desktop:/home/ram/cognipilot/cranium/install/b3rb_rviz:/home/ram/cognipilot/cranium/install/b3rb_nav2:/home/ram/cognipilot/cranium/install/b3rb_gz_resource:/home/ram/cognipilot/cranium/install/b3rb_gz_bringup:/home/ram/cognipilot/cranium/install/b3rb_description:/home/ram/cognipilot/electrode/install/electrode:/home/ram/cognipilot/cranium/install/b3rb_ros_line_follower:/opt/ros/humble LD_LIBRARY_PATH=/home/ram/melfa_ros2/install/melfa_msgs/lib:${LD_LIBRARY_PATH} PYTHONPATH=/home/ram/melfa_ros2/install/melfa_msgs/local/lib/python3.10/dist-packages:${PYTHONPATH} /usr/bin/cmake --install /home/ram/melfa_ros2/build/melfa_io_controllers[0m
[19.898s] [34mcolcon.colcon_core.environment[0m [1;30mLevel 1[0m create_environment_scripts_only(melfa_io_controllers)
[19.898s] [34mcolcon.colcon_core.event_handler.log_command[0m [1;30mDEBUG[0m [32mInvoked command in '/home/ram/melfa_ros2/build/melfa_io_controllers' returned '0': AMENT_PREFIX_PATH=/home/ram/melfa_ros2/install/melfa_msgs:${AMENT_PREFIX_PATH} CMAKE_PREFIX_PATH=/home/ram/melfa_ros2/install/melfa_msgs:/home/ram/cognipilot/cranium/install/synapse_ros:/home/ram/cognipilot/cranium/install/synapse_gz:/home/ram/cognipilot/cranium/install/synapse_tinyframe:/home/ram/cognipilot/cranium/install/synapse_protobuf:/home/ram/cognipilot/cranium/install/corti:/home/ram/cognipilot/cranium/install/synapse_msgs:/home/ram/cognipilot/cranium/install/dream_world:/home/ram/cognipilot/cranium/install/cerebri_bringup:/home/ram/cognipilot/cranium/install/b3rb_simulator:/home/ram/cognipilot/cranium/install/b3rb_desktop:/home/ram/cognipilot/cranium/install/b3rb_rviz:/home/ram/cognipilot/cranium/install/b3rb_nav2:/home/ram/cognipilot/cranium/install/b3rb_gz_resource:/home/ram/cognipilot/cranium/install/b3rb_gz_bringup:/home/ram/cognipilot/cranium/install/b3rb_description:/home/ram/cognipilot/electrode/install/electrode:/home/ram/cognipilot/cranium/install/b3rb_ros_line_follower:/opt/ros/humble LD_LIBRARY_PATH=/home/ram/melfa_ros2/install/melfa_msgs/lib:${LD_LIBRARY_PATH} PYTHONPATH=/home/ram/melfa_ros2/install/melfa_msgs/local/lib/python3.10/dist-packages:${PYTHONPATH} /usr/bin/cmake --install /home/ram/melfa_ros2/build/melfa_io_controllers[0m
[19.899s] [34mcolcon.colcon_core.environment[0m [1;30mLevel 1[0m checking '/home/ram/melfa_ros2/install/melfa_io_controllers' for CMake module files
[19.899s] [34mcolcon.colcon_core.environment[0m [1;30mLevel 1[0m checking '/home/ram/melfa_ros2/install/melfa_io_controllers' for CMake config files
[19.899s] [34mcolcon.colcon_core.shell[0m [1;30mLevel 1[0m create_environment_hook('melfa_io_controllers', 'cmake_prefix_path')
[19.900s] [34mcolcon.colcon_core.shell[0m [1;30mINFO[0m Creating environment hook '/home/ram/melfa_ros2/install/melfa_io_controllers/share/melfa_io_controllers/hook/cmake_prefix_path.ps1'
[19.900s] [34mcolcon.colcon_core.shell[0m [1;30mINFO[0m Creating environment descriptor '/home/ram/melfa_ros2/install/melfa_io_controllers/share/melfa_io_controllers/hook/cmake_prefix_path.dsv'
[19.900s] [34mcolcon.colcon_core.shell[0m [1;30mINFO[0m Creating environment hook '/home/ram/melfa_ros2/install/melfa_io_controllers/share/melfa_io_controllers/hook/cmake_prefix_path.sh'
[19.900s] [34mcolcon.colcon_core.environment[0m [1;30mLevel 1[0m checking '/home/ram/melfa_ros2/install/melfa_io_controllers/lib'
[19.901s] [34mcolcon.colcon_core.shell[0m [1;30mLevel 1[0m create_environment_hook('melfa_io_controllers', 'ld_library_path_lib')
[19.901s] [34mcolcon.colcon_core.shell[0m [1;30mINFO[0m Creating environment hook '/home/ram/melfa_ros2/install/melfa_io_controllers/share/melfa_io_controllers/hook/ld_library_path_lib.ps1'
[19.901s] [34mcolcon.colcon_core.shell[0m [1;30mINFO[0m Creating environment descriptor '/home/ram/melfa_ros2/install/melfa_io_controllers/share/melfa_io_controllers/hook/ld_library_path_lib.dsv'
[19.901s] [34mcolcon.colcon_core.shell[0m [1;30mINFO[0m Creating environment hook '/home/ram/melfa_ros2/install/melfa_io_controllers/share/melfa_io_controllers/hook/ld_library_path_lib.sh'
[19.901s] [34mcolcon.colcon_core.environment[0m [1;30mLevel 1[0m checking '/home/ram/melfa_ros2/install/melfa_io_controllers/bin'
[19.901s] [34mcolcon.colcon_core.environment[0m [1;30mLevel 1[0m checking '/home/ram/melfa_ros2/install/melfa_io_controllers/lib/pkgconfig/melfa_io_controllers.pc'
[19.901s] [34mcolcon.colcon_core.environment[0m [1;30mLevel 1[0m checking '/home/ram/melfa_ros2/install/melfa_io_controllers/lib/python3.10/site-packages'
[19.902s] [34mcolcon.colcon_core.environment[0m [1;30mLevel 1[0m checking '/home/ram/melfa_ros2/install/melfa_io_controllers/bin'
[19.902s] [34mcolcon.colcon_core.shell[0m [1;30mINFO[0m Creating package script '/home/ram/melfa_ros2/install/melfa_io_controllers/share/melfa_io_controllers/package.ps1'
[19.902s] [34mcolcon.colcon_core.shell[0m [1;30mINFO[0m Creating package descriptor '/home/ram/melfa_ros2/install/melfa_io_controllers/share/melfa_io_controllers/package.dsv'
[19.902s] [34mcolcon.colcon_core.shell[0m [1;30mINFO[0m Creating package script '/home/ram/melfa_ros2/install/melfa_io_controllers/share/melfa_io_controllers/package.sh'
[19.903s] [34mcolcon.colcon_core.shell[0m [1;30mINFO[0m Creating package script '/home/ram/melfa_ros2/install/melfa_io_controllers/share/melfa_io_controllers/package.bash'
[19.903s] [34mcolcon.colcon_core.shell[0m [1;30mINFO[0m Creating package script '/home/ram/melfa_ros2/install/melfa_io_controllers/share/melfa_io_controllers/package.zsh'
[19.903s] [34mcolcon.colcon_core.environment[0m [1;30mLevel 1[0m create_file_with_runtime_dependencies(/home/ram/melfa_ros2/install/melfa_io_controllers/share/colcon-core/packages/melfa_io_controllers)
[19.903s] [34mcolcon.colcon_core.environment[0m [1;30mLevel 1[0m create_environment_scripts_only(melfa_io_controllers)
[19.903s] [34mcolcon.colcon_core.environment[0m [1;30mLevel 1[0m checking '/home/ram/melfa_ros2/install/melfa_io_controllers' for CMake module files
[19.904s] [34mcolcon.colcon_core.environment[0m [1;30mLevel 1[0m checking '/home/ram/melfa_ros2/install/melfa_io_controllers' for CMake config files
[19.904s] [34mcolcon.colcon_core.shell[0m [1;30mLevel 1[0m create_environment_hook('melfa_io_controllers', 'cmake_prefix_path')
[19.904s] [34mcolcon.colcon_core.shell[0m [1;30mINFO[0m Creating environment hook '/home/ram/melfa_ros2/install/melfa_io_controllers/share/melfa_io_controllers/hook/cmake_prefix_path.ps1'
[19.904s] [34mcolcon.colcon_core.shell[0m [1;30mINFO[0m Creating environment descriptor '/home/ram/melfa_ros2/install/melfa_io_controllers/share/melfa_io_controllers/hook/cmake_prefix_path.dsv'
[19.904s] [34mcolcon.colcon_core.shell[0m [1;30mINFO[0m Creating environment hook '/home/ram/melfa_ros2/install/melfa_io_controllers/share/melfa_io_controllers/hook/cmake_prefix_path.sh'
[19.905s] [34mcolcon.colcon_core.environment[0m [1;30mLevel 1[0m checking '/home/ram/melfa_ros2/install/melfa_io_controllers/lib'
[19.905s] [34mcolcon.colcon_core.shell[0m [1;30mLevel 1[0m create_environment_hook('melfa_io_controllers', 'ld_library_path_lib')
[19.905s] [34mcolcon.colcon_core.shell[0m [1;30mINFO[0m Creating environment hook '/home/ram/melfa_ros2/install/melfa_io_controllers/share/melfa_io_controllers/hook/ld_library_path_lib.ps1'
[19.905s] [34mcolcon.colcon_core.shell[0m [1;30mINFO[0m Creating environment descriptor '/home/ram/melfa_ros2/install/melfa_io_controllers/share/melfa_io_controllers/hook/ld_library_path_lib.dsv'
[19.905s] [34mcolcon.colcon_core.shell[0m [1;30mINFO[0m Creating environment hook '/home/ram/melfa_ros2/install/melfa_io_controllers/share/melfa_io_controllers/hook/ld_library_path_lib.sh'
[19.906s] [34mcolcon.colcon_core.environment[0m [1;30mLevel 1[0m checking '/home/ram/melfa_ros2/install/melfa_io_controllers/bin'
[19.906s] [34mcolcon.colcon_core.environment[0m [1;30mLevel 1[0m checking '/home/ram/melfa_ros2/install/melfa_io_controllers/lib/pkgconfig/melfa_io_controllers.pc'
[19.906s] [34mcolcon.colcon_core.environment[0m [1;30mLevel 1[0m checking '/home/ram/melfa_ros2/install/melfa_io_controllers/lib/python3.10/site-packages'
[19.906s] [34mcolcon.colcon_core.environment[0m [1;30mLevel 1[0m checking '/home/ram/melfa_ros2/install/melfa_io_controllers/bin'
[19.906s] [34mcolcon.colcon_core.shell[0m [1;30mINFO[0m Creating package script '/home/ram/melfa_ros2/install/melfa_io_controllers/share/melfa_io_controllers/package.ps1'
[19.906s] [34mcolcon.colcon_core.shell[0m [1;30mINFO[0m Creating package descriptor '/home/ram/melfa_ros2/install/melfa_io_controllers/share/melfa_io_controllers/package.dsv'
[19.907s] [34mcolcon.colcon_core.shell[0m [1;30mINFO[0m Creating package script '/home/ram/melfa_ros2/install/melfa_io_controllers/share/melfa_io_controllers/package.sh'
[19.907s] [34mcolcon.colcon_core.shell[0m [1;30mINFO[0m Creating package script '/home/ram/melfa_ros2/install/melfa_io_controllers/share/melfa_io_controllers/package.bash'
[19.907s] [34mcolcon.colcon_core.shell[0m [1;30mINFO[0m Creating package script '/home/ram/melfa_ros2/install/melfa_io_controllers/share/melfa_io_controllers/package.zsh'
[19.907s] [34mcolcon.colcon_core.environment[0m [1;30mLevel 1[0m create_file_with_runtime_dependencies(/home/ram/melfa_ros2/install/melfa_io_controllers/share/colcon-core/packages/melfa_io_controllers)
[19.908s] [34mcolcon.colcon_parallel_executor.executor.parallel[0m [1;30mDEBUG[0m [32mclosing loop[0m
[19.908s] [34mcolcon.colcon_parallel_executor.executor.parallel[0m [1;30mDEBUG[0m [32mloop closed[0m
[19.908s] [34mcolcon.colcon_parallel_executor.executor.parallel[0m [1;30mDEBUG[0m [32mrun_until_complete finished with '0'[0m
[19.908s] [34mcolcon.colcon_core.event_reactor[0m [1;30mDEBUG[0m [32mjoining thread[0m
[19.917s] [34mcolcon.colcon_core.plugin_system[0m [1;30mINFO[0m Skipping extension 'colcon_notification.desktop_notification.terminal_notifier': Not used on non-Darwin systems
[19.917s] [34mcolcon.colcon_core.plugin_system[0m [1;30mINFO[0m Skipping extension 'colcon_notification.desktop_notification.win32': Not used on non-Windows systems
[19.917s] [34mcolcon.colcon_notification.desktop_notification[0m [1;30mINFO[0m Sending desktop notification using 'notify2'
[19.972s] [34mcolcon.colcon_core.event_reactor[0m [1;30mDEBUG[0m [32mjoined thread[0m
[19.973s] [34mcolcon.colcon_core.shell[0m [1;30mINFO[0m Creating prefix script '/home/ram/melfa_ros2/install/local_setup.ps1'
[19.974s] [34mcolcon.colcon_core.shell[0m [1;30mINFO[0m Creating prefix util module '/home/ram/melfa_ros2/install/_local_setup_util_ps1.py'
[19.976s] [34mcolcon.colcon_core.shell[0m [1;30mINFO[0m Creating prefix chain script '/home/ram/melfa_ros2/install/setup.ps1'
[19.979s] [34mcolcon.colcon_core.shell[0m [1;30mINFO[0m Creating prefix script '/home/ram/melfa_ros2/install/local_setup.sh'
[19.979s] [34mcolcon.colcon_core.shell[0m [1;30mINFO[0m Creating prefix util module '/home/ram/melfa_ros2/install/_local_setup_util_sh.py'
[19.980s] [34mcolcon.colcon_core.shell[0m [1;30mINFO[0m Creating prefix chain script '/home/ram/melfa_ros2/install/setup.sh'
[19.982s] [34mcolcon.colcon_core.shell[0m [1;30mINFO[0m Creating prefix script '/home/ram/melfa_ros2/install/local_setup.bash'
[19.982s] [34mcolcon.colcon_core.shell[0m [1;30mINFO[0m Creating prefix chain script '/home/ram/melfa_ros2/install/setup.bash'
[19.984s] [34mcolcon.colcon_core.shell[0m [1;30mINFO[0m Creating prefix script '/home/ram/melfa_ros2/install/local_setup.zsh'
[19.984s] [34mcolcon.colcon_core.shell[0m [1;30mINFO[0m Creating prefix chain script '/home/ram/melfa_ros2/install/setup.zsh'
